ID,site,sex,cag,group,age1,burden1,lh_bankssts_thickness,lh_caudalanteriorcingulate_thickness,lh_caudalmiddlefrontal_thickness,lh_cuneus_thickness,lh_entorhinal_thickness,lh_fusiform_thickness,lh_inferiorparietal_thickness,lh_inferiortemporal_thickness,lh_isthmuscingulate_thickness,lh_lateraloccipital_thickness,lh_lateralorbitofrontal_thickness,lh_lingual_thickness,lh_medialorbitofrontal_thickness,lh_middletemporal_thickness,lh_parahippocampal_thickness,lh_paracentral_thickness,lh_parsopercularis_thickness,lh_parsorbitalis_thickness,lh_parstriangularis_thickness,lh_pericalcarine_thickness,lh_postcentral_thickness,lh_posteriorcingulate_thickness,lh_precentral_thickness,lh_precuneus_thickness,lh_rostralanteriorcingulate_thickness,lh_rostralmiddlefrontal_thickness,lh_superiorfrontal_thickness,lh_superiorparietal_thickness,lh_superiortemporal_thickness,lh_supramarginal_thickness,lh_frontalpole_thickness,lh_temporalpole_thickness,lh_transversetemporal_thickness,lh_insula_thickness,rh_bankssts_thickness,rh_caudalanteriorcingulate_thickness,rh_caudalmiddlefrontal_thickness,rh_cuneus_thickness,rh_entorhinal_thickness,rh_fusiform_thickness,rh_inferiorparietal_thickness,rh_inferiortemporal_thickness,rh_isthmuscingulate_thickness,rh_lateraloccipital_thickness,rh_lateralorbitofrontal_thickness,rh_lingual_thickness,rh_medialorbitofrontal_thickness,rh_middletemporal_thickness,rh_parahippocampal_thickness,rh_paracentral_thickness,rh_parsopercularis_thickness,rh_parsorbitalis_thickness,rh_parstriangularis_thickness,rh_pericalcarine_thickness,rh_postcentral_thickness,rh_posteriorcingulate_thickness,rh_precentral_thickness,rh_precuneus_thickness,rh_rostralanteriorcingulate_thickness,rh_rostralmiddlefrontal_thickness,rh_superiorfrontal_thickness,rh_superiorparietal_thickness,rh_superiortemporal_thickness,rh_supramarginal_thickness,rh_frontalpole_thickness,rh_temporalpole_thickness,rh_transversetemporal_thickness,rh_insula_thickness,lh_MeanThickness_thickness,BrainSegVolNotVent,eTIV,rh_MeanThickness_thickness,BrainSegVolNotVent,eTIV,rh_G_and_S_frontomargin_thickness,rh_G_and_S_occipital_inf_thickness,rh_G_and_S_paracentral_thickness,rh_G_and_S_subcentral_thickness,rh_G_and_S_transv_frontopol_thickness,rh_G_and_S_cingul-Ant_thickness,rh_G_and_S_cingul-Mid-Ant_thickness,rh_G_and_S_cingul-Mid-Post_thickness,rh_G_cingul-Post-dorsal_thickness,rh_G_cingul-Post-ventral_thickness,rh_G_cuneus_thickness,rh_G_front_inf-Opercular_thickness,rh_G_front_inf-Orbital_thickness,rh_G_front_inf-Triangul_thickness,rh_G_front_middle_thickness,rh_G_front_sup_thickness,rh_G_Ins_lg_and_S_cent_ins_thickness,rh_G_insular_short_thickness,rh_G_occipital_middle_thickness,rh_G_occipital_sup_thickness,rh_G_oc-temp_lat-fusifor_thickness,rh_G_oc-temp_med-Lingual_thickness,rh_G_oc-temp_med-Parahip_thickness,rh_G_orbital_thickness,rh_G_pariet_inf-Angular_thickness,rh_G_pariet_inf-Supramar_thickness,rh_G_parietal_sup_thickness,rh_G_postcentral_thickness,rh_G_precentral_thickness,rh_G_precuneus_thickness,rh_G_rectus_thickness,rh_G_subcallosal_thickness,rh_G_temp_sup-G_T_transv_thickness,rh_G_temp_sup-Lateral_thickness,rh_G_temp_sup-Plan_polar_thickness,rh_G_temp_sup-Plan_tempo_thickness,rh_G_temporal_inf_thickness,rh_G_temporal_middle_thickness,rh_Lat_Fis-ant-Horizont_thickness,rh_Lat_Fis-ant-Vertical_thickness,rh_Lat_Fis-post_thickness,rh_Pole_occipital_thickness,rh_Pole_temporal_thickness,rh_S_calcarine_thickness,rh_S_central_thickness,rh_S_cingul-Marginalis_thickness,rh_S_circular_insula_ant_thickness,rh_S_circular_insula_inf_thickness,rh_S_circular_insula_sup_thickness,rh_S_collat_transv_ant_thickness,rh_S_collat_transv_post_thickness,rh_S_front_inf_thickness,rh_S_front_middle_thickness,rh_S_front_sup_thickness,rh_S_interm_prim-Jensen_thickness,rh_S_intrapariet_and_P_trans_thickness,rh_S_oc_middle_and_Lunatus_thickness,rh_S_oc_sup_and_transversal_thickness,rh_S_occipital_ant_thickness,rh_S_oc-temp_lat_thickness,rh_S_oc-temp_med_and_Lingual_thickness,rh_S_orbital_lateral_thickness,rh_S_orbital_med-olfact_thickness,rh_S_orbital-H_Shaped_thickness,rh_S_parieto_occipital_thickness,rh_S_pericallosal_thickness,rh_S_postcentral_thickness,rh_S_precentral-inf-part_thickness,rh_S_precentral-sup-part_thickness,rh_S_suborbital_thickness,rh_S_subparietal_thickness,rh_S_temporal_inf_thickness,rh_S_temporal_sup_thickness,rh_S_temporal_transverse_thickness,rh_MeanThickness_thickness,BrainSegVolNotVent,eTIV,lh.aparc.a2009s.thickness,lh_G_and_S_frontomargin_thickness,lh_G_and_S_occipital_inf_thickness,lh_G_and_S_paracentral_thickness,lh_G_and_S_subcentral_thickness,lh_G_and_S_transv_frontopol_thickness,lh_G_and_S_cingul-Ant_thickness,lh_G_and_S_cingul-Mid-Ant_thickness,lh_G_and_S_cingul-Mid-Post_thickness,lh_G_cingul-Post-dorsal_thickness,lh_G_cingul-Post-ventral_thickness,lh_G_cuneus_thickness,lh_G_front_inf-Opercular_thickness,lh_G_front_inf-Orbital_thickness,lh_G_front_inf-Triangul_thickness,lh_G_front_middle_thickness,lh_G_front_sup_thickness,lh_G_Ins_lg_and_S_cent_ins_thickness,lh_G_insular_short_thickness,lh_G_occipital_middle_thickness,lh_G_occipital_sup_thickness,lh_G_oc-temp_lat-fusifor_thickness,lh_G_oc-temp_med-Lingual_thickness,lh_G_oc-temp_med-Parahip_thickness,lh_G_orbital_thickness,lh_G_pariet_inf-Angular_thickness,lh_G_pariet_inf-Supramar_thickness,lh_G_parietal_sup_thickness,lh_G_postcentral_thickness,lh_G_precentral_thickness,lh_G_precuneus_thickness,lh_G_rectus_thickness,lh_G_subcallosal_thickness,lh_G_temp_sup-G_T_transv_thickness,lh_G_temp_sup-Lateral_thickness,lh_G_temp_sup-Plan_polar_thickness,lh_G_temp_sup-Plan_tempo_thickness,lh_G_temporal_inf_thickness,lh_G_temporal_middle_thickness,lh_Lat_Fis-ant-Horizont_thickness,lh_Lat_Fis-ant-Vertical_thickness,lh_Lat_Fis-post_thickness,lh_Pole_occipital_thickness,lh_Pole_temporal_thickness,lh_S_calcarine_thickness,lh_S_central_thickness,lh_S_cingul-Marginalis_thickness,lh_S_circular_insula_ant_thickness,lh_S_circular_insula_inf_thickness,lh_S_circular_insula_sup_thickness,lh_S_collat_transv_ant_thickness,lh_S_collat_transv_post_thickness,lh_S_front_inf_thickness,lh_S_front_middle_thickness,lh_S_front_sup_thickness,lh_S_interm_prim-Jensen_thickness,lh_S_intrapariet_and_P_trans_thickness,lh_S_oc_middle_and_Lunatus_thickness,lh_S_oc_sup_and_transversal_thickness,lh_S_occipital_ant_thickness,lh_S_oc-temp_lat_thickness,lh_S_oc-temp_med_and_Lingual_thickness,lh_S_orbital_lateral_thickness,lh_S_orbital_med-olfact_thickness,lh_S_orbital-H_Shaped_thickness,lh_S_parieto_occipital_thickness,lh_S_pericallosal_thickness,lh_S_postcentral_thickness,lh_S_precentral-inf-part_thickness,lh_S_precentral-sup-part_thickness,lh_S_suborbital_thickness,lh_S_subparietal_thickness,lh_S_temporal_inf_thickness,lh_S_temporal_sup_thickness,lh_S_temporal_transverse_thickness,lh_MeanThickness_thickness,BrainSegVolNotVent,eTIV,Measure:volume,Left-Lateral-Ventricle,Left-Inf-Lat-Vent,Left-Cerebellum-White-Matter,Left-Cerebellum-Cortex,Left-Thalamus,Left-Caudate,Left-Putamen,Left-Pallidum,3rd-Ventricle,4th-Ventricle,Brain-Stem,Left-Hippocampus,Left-Amygdala,CSF,Left-Accumbens-area,Left-VentralDC,Left-vessel,Left-choroid-plexus,Right-Lateral-Ventricle,Right-Inf-Lat-Vent,Right-Cerebellum-White-Matter,Right-Cerebellum-Cortex,Right-Thalamus,Right-Caudate,Right-Putamen,Right-Pallidum,Right-Hippocampus,Right-Amygdala,Right-Accumbens-area,Right-VentralDC,Right-vessel,Right-choroid-plexus,5th-Ventricle,WM-hypointensities,Left-WM-hypointensities,Right-WM-hypointensities,non-WM-hypointensities,Left-non-WM-hypointensities,Right-non-WM-hypointensities,Optic-Chiasm,CC_Posterior,CC_Mid_Posterior,CC_Central,CC_Mid_Anterior,CC_Anterior,BrainSegVol,BrainSegVolNotVent,lhCortexVol,rhCortexVol,CortexVol,lhCerebralWhiteMatterVol,rhCerebralWhiteMatterVol,CerebralWhiteMatterVol,SubCortGrayVol,TotalGrayVol,SupraTentorialVol,SupraTentorialVolNotVent,MaskVol,BrainSegVol-to-eTIV,MaskVol-to-eTIV,lhSurfaceHoles,rhSurfaceHoles,SurfaceHoles,EstimatedTotalIntraCranialVol,plasma_nfl,lognfl,nfl_baseline,lognfl_baseline,cUHDRS_1,2008_TIV,tfc_1,tms_1,sdmt_1,stroop_1
000-000-093,1,0,42,2,53,339,2.156,2.982,2.756,2.051,2.372,2.105,2.381,2.179,2.108,2.036,2.229,2.804,2.909,2.559,2.444,2.527,2.017,2.432,2.724,2.488,2.897,2.783,2.367,2.309,2.675,2.582,2.14,2.917,2.204,2.296,2.457,2.233,2.367,2.772,2.364,2.056,2.177,2.531,2.183,2.67,2.896,2.534,2.27,2.82,2.278,2.167,2.548,2.62,2.009,2.603,2.812,2.408,2.108,2.363,2.678,2.101,2.416,2.684,2.21,2.888,2.97,2.408,2.745,2.1,2.224,2.22,2.366,2.862,2.4,934667,922450,2.134,1049971,1157994,2.557,2.732,2.22,2.145,2.625,2.667,2.702,2.797,2.881,2.055,2.582,2.929,2.57,2.485,2.531,2.738,2.907,2.395,2.139,2.911,2.852,2.153,2.409,2.434,2.046,2.401,2.718,2.719,2.937,2.297,2.705,2.771,2.359,2.261,2.48,2.41,2.088,2.449,2.015,2.298,2.365,2.86,2.782,2.463,2.987,2.695,2.054,2.536,2.78,2.735,2.544,2.086,2.539,2.656,2.434,2.861,2.213,2.03,2.65,2.473,2.791,2.397,2.252,2.626,2.516,2.545,2.794,2.544,2.39,2.373,2.777,2.891,2.692,2.166,2.825,784378,1137499,000-000-093,2.689,2.211,2.541,2.754,2.194,2.604,2.451,2.586,2.712,2.309,2.292,2.213,2.604,2.057,2.348,2.062,2.038,2.876,2.719,2.602,2.11,2.69,2.2,2.317,2.853,2.148,2.878,2.743,2.965,2.528,2.96,2.198,2.49,2.755,2.473,2.725,2.401,2.009,2.282,2.649,2.542,2.853,2.538,2.454,2.815,2.186,2.9,2.313,2.294,2.13,2.278,2.605,2.574,2.395,2.064,2.973,2.999,2.799,2.539,2.212,2.335,2.122,2.889,2.783,2.351,2.921,2.929,2.271,2.779,2.26,2.468,2.273,2.818,2.131,2.15,1167602,1159773,000-000-093,11416,385,14550,42347,5308,1021,3199,1575,1632,1667,17945,3950,1168,1208,107,2062,42,607,14656,907,12700,48070,4482,1357,2339,1616,1120,2110,313,3124,4,628,0,1598,0,0,0,0,0,218,839,516,440,687,783,795050,914640,121031,108213,356935,187949,182172,344643,38456,459626,809111,765913,1265539,0.5717993,1.1241619,14,17,21,1066777,29,3,36,3,19,1163,13,20,40,61
000-000-077,1,0,42,2,39,344,2.426,2.969,2.829,2.746,2.542,2.594,2.804,2.613,2.532,2.234,2.098,2.294,2.903,2.522,2.578,2.741,2.979,2.024,2.121,2.676,2.01,2.59,2.938,2.583,2.672,2.224,2.086,2.523,2.109,2.356,2.928,2.341,2.64,2.311,2.359,2.009,2.149,2.108,2.475,2.902,2.447,2.8,2.915,2.386,2.434,2.341,2.232,2.858,2.852,2.472,2.243,2.048,2.043,2.213,2.532,2.074,2.379,2.627,2.775,2.924,2.937,2.794,2.943,2.456,2.697,2.935,2.452,2.327,2.83,997933,1082183,2.326,1100467,965985,2.542,2.906,2.576,2.424,2.949,2.231,2.249,2.023,2.356,2.603,2.929,2.878,2.066,2.717,2.218,2.231,2.762,2.64,2.368,2.687,2.249,2.547,2.546,2.65,2.98,2.543,2.666,2.154,2.361,2.858,2.421,2.39,2.025,2.738,2.79,2.769,2.655,2.356,2.574,2.817,2.466,2.041,2.711,2.605,2.559,2.736,2.593,2.494,2.58,2.262,2.016,2.08,2.533,2.972,2.939,2.051,2.382,2.704,2.315,2.509,2.614,2.031,2.517,2.249,2.957,2.406,2.542,2.154,2.903,2.34,2.266,2.857,2.305,2.075,2.675,805892,981146,000-000-077,2.921,2.675,2.93,2.569,2.951,2.297,2.442,2.774,2.416,2.557,2.326,2.618,2.924,2.702,2.715,2.384,2.59,2.95,2.601,2.18,2.852,2.191,2.145,2.867,2.943,2.511,2.618,2.421,2.632,2.762,2.633,2.325,2.693,2.439,2.832,2.465,2.336,2.467,2.116,2.169,2.477,2.211,2.293,2.757,2.43,2.886,2.903,2.927,2.388,2.11,2.717,2.324,2.416,2.294,2.354,2.664,2.629,2.428,2.754,2.308,2.329,2.007,2.991,2.868,2.819,2.101,2.601,2.054,2.84,2.325,2.954,2.459,2.138,2.193,2.444,1142035,1009700,000-000-077,11638,867,14683,45109,4426,1166,3284,1089,1570,1206,13001,3231,1694,1868,303,2189,47,618,13007,829,12670,41401,5338,1382,2222,1626,3219.7,2130,391,2795,16,590,0,1598,0,0,0,0,0,760,592,897,564,267,817,973819,832979,163292,185927,327422,130585,144896,316263,36673,491571,705707,723056,1453423,0.9737601,1.4035931,18,14,21,1197093,16,4,58,4,11,1362,12,10,36,42
000-000-043,3,0,42,2,33,344,2.628,2.889,2.655,2.188,2.926,2.645,2.247,2.583,2.885,2.459,2.622,2.805,2.721,2.114,2.406,2.431,2.006,2.104,2.213,2.889,2.915,2.089,2.361,2.579,2.726,2.533,2.982,2.806,2.882,2.794,2.158,2.529,2.641,2.431,2.075,2.044,2.773,2.643,2.043,2.412,2.869,2.161,2.455,2.457,2.829,2.107,2.688,2.989,2.907,2.109,2.621,2.806,2.651,2.384,2.319,2.698,2.747,2.394,2.475,2.907,2.438,2.77,2.772,2.251,2.312,2.361,2.379,2.308,2.972,947071,976896,2.491,1181309,1033483,2.212,2.218,2.889,2.455,2.15,2.851,2.271,2.295,2.429,2.97,2.155,2.85,2.564,2.903,2.199,2.657,2.523,2.962,2.56,2.812,2.293,2.954,2.859,2.653,2.589,2.623,2.952,2.205,2.266,2.399,2.68,2.898,2.055,2.384,2.246,2.085,2.013,2.318,2.548,2.853,2.883,2.261,2.376,2.501,2.166,2.523,2.461,2.976,2.052,2.382,2.822,2.745,2.917,2.938,2.417,2.216,2.429,2.214,2.606,2.346,2.824,2.379,2.221,2.688,2.413,2.157,2.804,2.113,2.581,2.151,2.356,2.83,2.743,2.911,2.222,812250,1180319,000-000-043,2.616,2.289,2.828,2.332,2.045,2.998,2.496,2.23,2.705,2.979,2.266,2.841,2.664,2.793,2.409,2.68,2.605,2.651,2.375,2.469,2.361,2.285,2.619,2.85,2.113,2.674,2.611,2.009,2.564,2.643,2.719,2.733,2.87,2.647,2.931,2.28,2.158,2.361,2.736,2.597,2.334,2.634,2.856,2.42,2.576,2.347,2.778,2.33,2.174,2.815,2.481,2.064,2.15,2.507,2.73,2.382,2.632,2.07,2.678,2.76,2.794,2.718,2.863,2.289,2.335,2.13,2.084,2.373,2.855,2.579,2.437,2.094,2.656,2.528,2.841,1197680,1165055,000-000-043,11319,713,14730,41644,4869,1639,3817,1571,1712,1013,11924,3537,1156,1138,247,2254,22,873,12319,695,12457,47820,5977,1342,2838,1917,3324.3,2424,209,2367,16,505,0,1853,0,0,0,0,0,552,210,221,754,720,245,889309,724301,162266,169611,368617,116358,181734,320325,34379,497037,833766,821726,1483174,0.2156807,1.2556983,8,16,13,1033471,38,5,25,5,20,1138,10,32,31,64
000-000-121,1,1,42,2,64,342,2.962,2.62,2.292,2.745,2.906,2.135,2.441,2.18,2.519,2.486,2.882,2.152,2.383,2.762,2.775,2.184,2.948,2.237,2.853,2.105,2.677,2.739,2.707,2.6,2.039,2.222,2.388,2.776,2.569,2.297,2.35,2.493,2.438,2.162,2.805,2.005,2.278,2.719,2.475,2.103,2.988,2.479,2.064,2.47,2.535,2.922,2.249,2.467,2.096,2.388,2.87,2.897,2.507,2.785,2.606,2.667,2.912,2.489,2.635,2.541,2.546,2.095,2.148,2.504,2.818,2.233,2.37,2.447,2.4,1143195,949779,2.216,963714,1065871,2.744,2.2,2.515,2.219,2.485,2.29,2.548,2.103,2.872,2.686,2.16,2.321,2.12,2.598,2.451,2.046,2.109,2.647,2.511,2.248,2.21,2.539,2.64,2.753,2.678,2.198,2.86,2.687,2.163,2.638,2.448,2.156,2.594,2.539,2.118,2.203,2.69,2.503,2.568,2.934,2.008,2.003,2.479,2.881,2.668,2.4,2.137,2.552,2.695,2.22,2.298,2.383,2.668,2.805,2.724,2.856,2.026,2.932,2.53,2.316,2.966,2.333,2.82,2.407,2.413,2.212,2.779,2.422,2.458,2.865,2.841,2.173,2.166,2.409,2.57,835444,979732,000-000-121,2.108,2.259,2.786,2.106,2.03,2.1,2.384,2.145,2.455,2.134,2.585,2.832,2.272,2.571,2.362,2.991,2.042,2.11,2.069,2.391,2.688,2.555,2.36,2.292,2.844,2.235,2.191,2.871,2.335,2.043,2.965,2.483,2.36,2.662,2.859,2.957,2.663,2.812,2.534,2.402,2.933,2.008,2.761,2.462,2.01,2.875,2.427,2.69,2.447,2.091,2.536,2.708,2.388,2.699,2.844,2.694,2.899,2.873,2.273,2.369,2.546,2.551,2.929,2.4,2.477,2.115,2.847,2.607,2.915,2.992,2.647,2.769,2.127,2.92,2.871,1061574,1194030,000-000-121,11719,568,13917,41793,5283,1968,2465,1441,1779,1905,19554,3256,1919,1717,124,2017,46,771,14184,648,10570,44782,4896,1256,3151,1068,3129.5,2085,286,2127,2,516,0,922,0,0,0,0,0,884,221,554,371,989,226,910541,953270,196596,164551,345200,165798,179702,393017,34669,433817,840907,858880,1374300,0.8809196,1.6563718,14,22,17,1135281,40,5,66,3,14,1383,12,22,48,66
000-000-023,3,0,42,2,47,305,2.325,2.809,2.317,2.277,2.679,2.356,2.361,2.992,2.593,2.982,2.504,2.753,2.242,2.496,2.307,2.238,2.673,2.089,2.045,2.002,2.3,2.734,2.731,2.135,2.844,2.07,2.315,2.568,2.428,2.661,2.556,2.268,2.309,2.154,2.862,2.957,2.251,2.206,2.286,2.34,2.124,2.667,2.181,2.308,2.551,2.484,2.383,2.665,2.49,2.774,2.606,2.689,2.619,2.816,2.755,2.658,2.595,2.206,2.204,2.725,2.808,2.667,2.204,2.408,2.567,2.035,2.228,2.108,2.225,1124980,946898,2.767,1094075,1090654,2.117,2.603,2.513,2.534,2.307,2.967,2.167,2.46,2.9,2.47,2.172,2.652,2.178,2.357,2.798,2.104,2.824,2.984,2.174,2.36,2.236,2.036,2.834,2.046,2.517,2.59,2.195,2.46,2.105,2.766,2.754,2.184,2.509,2.643,2.87,2.387,2.724,2.763,2.983,2.024,2.874,2.211,2.118,2.896,2.004,2.211,2.763,2.473,2.43,2.034,2.397,2.199,2.2,2.988,2.805,2.293,2.383,2.32,2.533,2.893,2.044,2.964,2.941,2.488,2.747,2.811,2.198,2.534,2.427,2.343,2.057,2.102,2.964,2.888,2.492,842119,988252,000-000-023,2.399,2.102,2.116,2.743,2.193,2.938,2.357,2.459,2.674,2.789,2.278,2.295,2.59,2.532,2.941,2.282,2.417,2.963,2.007,2.519,2.388,2.894,2.656,2.941,2.024,2.937,2.114,2.305,2.675,2.48,2.809,2.216,2.102,2.805,2.353,2.107,2.886,2.446,2.77,2.882,2.945,2.385,2.183,2.113,2.009,2.044,2.397,2.788,2.421,2.363,2.396,2.959,2.581,2.871,2.782,2.458,2.352,2.795,2.108,2.948,2.353,2.624,2.404,2.699,2.425,2.994,2.974,2.428,2.241,2.275,2.864,2.118,2.699,2.293,2.085,1103152,911805,000-000-023,11743,499,11148,46606,5665,1791,3123,1442,1590,1955,12645,3046,1349,1717,332,2290,14,889,11449,404,11772,40593,4736,1403,2922,1555,3684.1,2297,331,2298,17,847,0,1003,0,0,0,0,0,205,339,361,310,851,372,973405,770267,134940,123812,353464,149760,106546,342399,32760,441170,788683,766021,1290993,0.6700113,1.3424421,14,22,13,1174171,14,4,49,4,7,1182,10,19,36,59
000-000-035,3,0,42,2,28,325,2.955,2.651,2.053,2.603,2.551,2.277,2.874,2.342,2.801,2.198,2.775,2.093,2.748,2.165,2.663,2.189,2.105,2.402,2.98,2.607,2.092,2.617,2.552,2.517,2.77,2.239,2.064,2.638,2.262,2.416,2.495,2.661,2.878,2.929,2.194,2.124,2.587,2.199,2.643,2.646,2.742,2.189,2.276,2.228,2.499,2.995,2.203,2.274,2.274,2.603,2.072,2.832,2.903,2.231,2.088,2.797,2.071,2.362,2.65,2.546,2.136,2.691,2.752,2.185,2.008,2.31,2.69,2.775,2.227,984906,1108759,2.724,1104959,1174324,2.011,2.762,2.29,2.641,2.722,2.818,2.769,2.49,2.687,2.643,2.077,2.16,2.642,2.829,2.185,2.356,2.303,2.063,2.14,2.319,2.653,2.289,2.905,2.561,2.374,2.028,2.265,2.621,2.351,2.939,2.799,2.017,2.988,2.384,2.183,2.474,2.833,2.238,2.356,2.475,2.904,2.407,2.53,2.967,2.556,2.773,2.379,2.873,2.985,2.303,2.233,2.002,2.97,2.285,2.944,2.697,2.659,2.091,2.274,2.882,2.041,2.447,2.003,2.344,2.49,2.578,2.627,2.088,2.742,2.985,2.516,2.7,2.709,2.078,2.089,847602,974142,000-000-035,2.323,2.755,2.245,2.752,2.571,2.481,2.992,2.7,2.062,2.776,2.784,2.51,2.04,2.279,2.749,2.008,2.144,2.661,2.551,2.642,2.43,2.689,2.748,2.984,2.493,2.235,2.503,2.195,2.212,2.268,2.252,2.106,2.818,2.615,2.694,2.694,2.517,2.614,2.247,2.453,2.669,2.884,2.682,2.994,2.081,2.472,2.007,2.848,2.001,2.171,2.036,2.308,2.575,2.408,2.629,2.99,2.612,2.909,2.509,2.595,2.96,2.019,2.243,2.642,2.118,2.851,2.023,2.224,2.091,2.877,2.551,2.83,2.026,2.917,2.059,1063233,1047566,000-000-035,12896,647,14714,46870,4233,1018,2238,1808,1682,1701,16892,3827,1065,1049,293,2248,13,569,11299,643,10993,43840,4335,1321,3124,1169,3089.2,2781,344,2797,4,751,0,717,0,0,0,0,0,886,937,684,915,323,990,815621,793647,128101,104816,382137,123920,140142,315057,38412,433741,769805,778036,1327834,0.5574392,1.0453299,13,12,8,1102891,14,3,63,3,8,1325,8,15,34,45
000-000-138,2,1,42,2,61,340,2.933,2.224,2.855,2.553,2.787,2.641,2.611,2.56,2.436,2.465,2.862,2.282,2.98,2.663,2.35,2.039,2.552,2.434,2.429,2.422,2.979,2.213,2.777,2.975,2.093,2.284,2.368,2.402,2.043,2.433,2.398,2.372,2.494,2.085,2.11,2.269,2.257,2.581,2.371,2.181,2.404,2.594,2.477,2.074,2.062,2.875,2.558,2.012,2.75,2.236,2.423,2.012,2.296,2.219,2.351,2.026,2.811,2.972,2.458,2.216,2.92,2.9,2.021,2.228,2.713,2.687,2.033,2.718,2.761,1125591,950908,2.798,1051971,943797,2.094,2.103,2.476,2.464,2.15,2.077,2.889,2.569,2.372,2.067,2.273,2.289,2.32,2.991,2.643,2.295,2.146,2.865,2.585,2.605,2.676,2.954,2.265,2.935,2.044,2.332,2.409,2.815,2.227,2.247,2.195,2.73,2.058,2.047,2.93,2.114,2.359,2.255,2.68,2.647,2.32,2.888,2.219,2.295,2.625,2.626,2.915,2.022,2.513,2.947,2.197,2.796,2.054,2.521,2.084,2.29,2.912,2.661,2.605,2.467,2.365,2.138,2.675,2.366,2.81,2.627,2.484,2.662,2.034,2.791,2.252,2.21,2.887,2.161,2.441,852290,1169409,000-000-138,2.511,2.618,2.063,2.838,2.147,2.714,2.63,2.272,2.866,2.952,2.673,2.858,2.996,2.746,2.884,2.221,2.238,2.345,2.429,2.596,2.869,2.725,2.317,2.004,2.568,2.835,2.817,2.82,2.237,2.427,2.262,2.78,2.534,2.748,2.52,2.947,2.947,2.844,2.82,2.798,2.651,2.493,2.758,2.675,2.268,2.88,2.286,2.257,2.953,2.107,2.426,2.521,2.286,2.429,2.188,2.238,2.806,2.472,2.993,2.962,2.934,2.943,2.585,2.763,2.974,2.962,2.22,2.405,2.987,2.05,2.626,2.722,2.664,2.397,2.528,1168444,999901,000-000-138,13079,1024,14088,41845,4829,1404,3883,1222,1476,1883,11438,3344,1106,1743,441,2534,39,591,14172,873,11478,42297,5419,1589,3821,1986,3096.2,2354,262,3962,20,900,0,695,0,0,0,0,0,362,831,323,982,611,741,813171,975489,113430,183052,374222,173866,167949,324537,35206,488818,780904,862478,1287091,0.3050717,1.6500977,14,13,14,1144913,39,5,33,3,7,1338,9,28,38,95
000-000-109,1,0,42,2,22,342,2.996,2.279,2.878,2.445,2.225,2.184,2.812,2.44,2.847,2.391,2.573,2.378,2.213,2.635,2.851,2.226,2.462,2.803,2.246,2.323,2.003,2.807,2.041,2.019,2.582,2.439,2.738,2.206,2.703,2.47,2.742,2.103,2.565,2.748,2.903,2.303,2.835,2.943,2.52,2.075,2.038,2.023,2.032,2.654,2.953,2.326,2.363,2.569,2.821,2.967,2.472,2.623,2.852,2.704,2.21,2.097,2.461,2.8,2.201,2.382,2.459,2.757,2.776,2.644,2.923,2.882,2.646,2.874,2.088,1185132,988911,2.877,1197344,978575,2.015,2.94,2.755,2.9,2.687,2.168,2.791,2.387,2.239,2.877,2.003,2.833,2.449,2.482,2.551,2.957,2.518,2.949,2.392,2.728,2.777,2.387,2.593,2.453,2.721,2.474,2.25,2.018,2.051,2.666,2.347,2.539,2.74,2.702,2.958,2.272,2.709,2.028,2.092,2.367,2.843,2.199,2.205,2.398,2.619,2.314,2.213,2.729,2.14,2.175,2.392,2.106,2.347,2.562,2.05,2.875,2.882,2.839,2.923,2.521,2.643,2.681,2.528,2.392,2.041,2.732,2.485,2.794,2.827,2.379,2.822,2.643,2.189,2.387,2.393,876953,1001768,000-000-109,2.313,2.249,2.481,2.029,2.671,2.654,2.076,2.801,2.316,2.288,2.767,2.509,2.549,2.999,2.057,2.423,2.787,2.127,2.352,2.66,2.386,2.98,2.523,2.698,2.6,2.45,2.615,2.257,2.007,2.138,2.88,2.557,2.434,2.624,2.478,2.054,2.856,2.326,2.744,2.805,2.288,2.463,2.683,2.839,2.134,2.37,2.574,2.809,2.901,2.247,2.277,2.576,2.866,2.874,2.833,2.679,2.359,2.077,2.923,2.234,2.122,2.269,2.986,2.875,2.693,2.58,2.68,2.959,2.103,2.313,2.083,2.007,2.459,2.969,2.757,969297,1060257,000-000-109,11788,580,10344,46081,5452,1591,3413,1313,1022,1711,17618,3702,1331,1212,171,2690,25,729,11231,757,12555,46683,5784,1002,2909,1340,3554.2,2064,279,2426,7,823,0,1746,0,0,0,0,0,391,913,530,274,575,416,714475,972258,125663,120333,367021,150831,174716,372759,31897,482825,733262,842056,1357421,0.0333385,1.5100505,13,16,10,1035011,5,5,68,3,20,1179,10,4,44,63
000-000-132,0,1,42,2,63,318,2.167,2.141,2.108,2.469,2.248,2.194,2.042,2.305,2.126,2.113,2.921,2.48,2.323,2.103,2.916,2.438,2.389,2.327,2.792,2.308,2.846,2.856,2.896,2.634,2.064,2.681,2.15,2.943,2.929,2.04,2.809,2.676,2.975,2.829,2.018,2.969,2.583,2.103,2.049,2.49,2.31,2.511,2.187,2.049,2.977,2.918,2.388,2.372,2.505,2.63,2.778,2.22,2.948,2.786,2.467,2.673,2.072,2.827,2.238,2.531,2.184,2.073,2.498,2.243,2.306,2.398,2.199,2.918,2.796,1097397,1158433,2.97,1089233,1156292,2.272,2.182,2.701,2.367,2.993,2.133,2.82,2.449,2.207,2.252,2.726,2.42,2.78,2.59,2.967,2.156,2.483,2.543,2.553,2.484,2.314,2.449,2.478,2.477,2.852,2.448,2.579,2.04,2.641,2.308,2.881,2.255,2.496,2.11,2.465,2.581,2.176,2.913,2.971,2.745,2.173,2.287,2.854,2.647,2.77,2.057,2.036,2.667,2.689,2.488,2.179,2.869,2.608,2.345,2.373,2.826,2.121,2.049,2.83,2.741,2.031,2.046,2.606,2.078,2.465,2.981,2.516,2.075,2.109,2.572,2.732,2.433,2.084,2.765,2.595,879818,990108,000-000-132,2.396,2.874,2.298,2.617,2.718,2.453,2.097,2.117,2.128,2.898,2.387,2.79,2.815,2.624,2.445,2.985,2.537,2.161,2.214,2.241,2.377,2.01,2.969,2.292,2.573,2.277,2.748,2.354,2.312,2.061,2.836,2.146,2.195,2.561,2.43,2.088,2.315,2.886,2.066,2.841,2.945,2.05,2.532,2.46,2.803,2.079,2.735,2.652,2.5,2.828,2.666,2.995,2.408,2.581,2.46,2.21,2.508,2.293,2.427,2.287,2.597,2.546,2.098,2.23,2.129,2.817,2.583,2.375,2.02,2.583,2.304,2.185,2.855,2.408,2.549,1017220,953112,000-000-132,10070,569,11442,42156,4547,1814,2957,1195,1016,1691,10961,3524,1737,1288,223,2187,31,616,11003,321,10827,44630,5797,1286,2482,1133,3801,2019,327,2570,18,932,0,578,0,0,0,0,0,476,722,660,205,473,396,703553,870982,155067,102620,325472,193394,165716,387587,31327,411358,760750,715200,1297178,0.8109287,1.1886496,19,17,22,1030178,11,5,34,5,17,1194,12,25,36,40
000-000-192,0,1,42,2,54,328,2.797,2.145,2.004,2.414,2.855,2.158,2.2,2.484,2.893,2.047,2.704,2.952,2.432,2.091,2.302,2.707,2.233,2.854,2.942,2.297,2.539,2.426,2.521,2.509,2.887,2.729,2.389,2.628,2.914,2.922,2.566,2.215,2.475,2.418,2.733,2.793,2.597,2.697,2.956,2.604,2.032,2.515,2.491,2.693,2.247,2.936,2.438,2.096,2.411,2.325,2.136,2.384,2.602,2.587,2.061,2.407,2.156,2.188,2.367,2.369,2.595,2.371,2.272,2.219,2.222,2.158,2.188,2.945,2.616,1036847,1196666,2.28,927537,1150648,2.929,2.344,2.55,2.411,2.87,2.75,2.66,2.245,2.07,2.98,2.479,2.748,2.937,2.239,2.26,2.123,2.7,2.332,2.817,2.746,2.583,2.765,2.098,2.207,2.323,2.922,2.654,2.568,2.771,2.069,2.701,2.281,2.597,2.663,2.826,2.185,2.063,2.501,2.852,2.86,2.335,2.769,2.271,2.535,2.803,2.314,2.52,2.804,2.534,2.824,2.676,2.414,2.29,2.822,2.856,2.204,2.35,2.417,2.45,2.275,2.314,2.539,2.162,2.451,2.246,2.988,2.393,2.561,2.011,2.925,2.035,2.394,2.985,2.958,2.962,881804,1195046,000-000-192,2.622,2.978,2.143,2.578,2.893,2.539,2.611,2.225,2.083,2.479,2.432,2.843,2.316,2.13,2.742,2.891,2.097,2.722,2.979,2.614,2.162,2.561,2.647,2.22,2.516,2.659,2.622,2.475,2.829,2.962,2.326,2.354,2.909,2.294,2.04,2.256,2.286,2.264,2.831,2.327,2.723,2.766,2.126,2.113,2.119,2.579,2.277,2.077,2.274,2.494,2.591,2.902,2.766,2.044,2.927,2.898,2.364,2.787,2.482,2.884,2.474,2.226,2.007,2.621,2.335,2.638,2.635,2.406,2.948,2.795,2.764,2.859,2.033,2.77,2.07,1170163,1085262,000-000-192,12598,750,11995,43780,4104,1704,2068,1580,1371,1327,19683,3624,1494,1283,124,2261,24,1000,11673,962,14641,46208,5046,1333,3510,1882,3497.2,2910,390,3205,6,559,0,1966,0,0,0,0,0,269,610,659,209,564,790,781255,958512,141842,151401,323197,177950,144214,389961,31498,428873,845853,736830,1363361,0.6096485,1.4135002,15,17,16,1166998,49,5,52,4,14,1171,9,19,43,87
000-000-126,2,1,42,2,58,396,2.325,2.336,2.895,2.671,2.329,2.118,2.537,2.737,2.858,2.413,2.513,2.404,2.871,2.419,2.426,2.944,2.617,2.084,2.702,2.368,2.295,2.317,2.771,2.23,2.544,2.696,2.938,2.47,2.882,2.44,2.117,2.588,2.104,2.25,2.859,2.831,2.386,2.68,2.729,2.363,2.857,2.852,2.55,2.995,2.383,2.469,2.669,2.773,2.502,2.028,2.44,2.103,2.674,2.301,2.717,2.321,2.128,2.479,2.041,2.087,2.433,2.25,2.947,2.309,2.086,2.828,2.047,2.076,2.006,982646,1001564,2.448,1090880,1029304,2.423,2.154,2.564,2.112,2.313,2.575,2.631,2.345,2.884,2.721,2.876,2.265,2.909,2.903,2.656,2.713,2.923,2.48,2.653,2.366,2.556,2.858,2.199,2.141,2.295,2.31,2.775,2.774,2.247,2.061,2.147,2.985,2.553,2.32,2.546,2.551,2.175,2.588,2.689,2.134,2.703,2.047,2.218,2.755,2.348,2.168,2.21,2.464,2.894,2.891,2.026,2.777,2.692,2.288,2.104,2.35,2.841,2.036,2.149,2.02,2.216,2.717,2.23,2.543,2.208,2.54,2.542,2.529,2.347,2.139,2.22,2.478,2.801,2.703,2.398,888245,1163060,000-000-126,2.371,2.692,2.394,2.908,2.077,2.64,2.16,2.35,2.562,2.828,2.906,2.67,2.335,2.379,2.631,2.698,2.924,2.202,2.479,2.394,2.234,2.628,2.375,2.831,2.632,2.049,2.478,2.191,2.999,2.143,2.69,2.376,2.726,2.253,2.772,2.474,2.804,2.607,2.202,2.125,2.223,2.724,2.234,2.941,2.263,2.444,2.426,2.02,2.514,2.8,2.121,2.74,2.61,2.937,2.151,2.563,2.202,2.801,2.47,2.182,2.113,2.068,2.109,2.995,2.241,2.196,2.079,2.828,2.398,2.839,2.952,2.381,2.46,2.235,2.189,1064303,1036030,000-000-126,14404,773,12822,48753,4099,1377,3247,1650,1290,1527,13580,3869,1091,1129,233,2511,37,609,10612,930,11748,41356,5044,1006,3197,1631,3475.4,2616,219,2507,6,915,0,1487,0,0,0,0,0,971,316,587,849,426,729,760031,962516,106980,117856,356958,183143,105038,387191,32503,486694,800252,866117,1223485,0.4339167,1.348795,20,21,14,1104574,47,3,67,3,17,1186,9,29,30,77
000-000-033,1,0,,0,52,360,2.027,2.632,2.44,2.358,2.262,2.351,2.806,2.214,2.293,2.877,2.677,2.159,2.983,2.546,2.334,2.843,2.179,2.175,2.984,2.307,2.247,2.876,2.412,2.747,2.629,2.616,2.364,2.941,2.26,2.813,2.069,2.967,2.688,2.263,2.348,2.958,2.315,2.127,2.849,2.72,2.302,2.742,2.993,2.461,2.594,2.974,2.59,2.394,2.033,2.902,2.365,2.632,2.93,2.782,2.195,2.925,2.649,2.252,2.386,2.088,2.617,2.417,2.423,2.713,2.388,2.445,2.422,2.444,2.294,975763,970758,2.31,1114459,902764,2.797,2.951,2.336,2.187,2.798,2.21,2.315,2.697,2.105,2.383,2.975,2.404,2.438,2.084,2.261,2.305,2.729,2.86,2.218,2.757,2.81,2.424,2.513,2.448,2.505,2.988,2.531,2.928,2.861,2.768,2.103,2.171,2.849,2.725,2.306,2.568,2.627,2.983,2.963,2.362,2.034,2.671,2.818,2.919,2.369,2.325,2.475,2.967,2.086,2.739,2.058,2.216,2.171,2.86,2.454,2.815,2.976,2.67,2.566,2.041,2.598,2.252,2.158,2.363,2.874,2.745,2.062,2.093,2.08,2.057,2.113,2.437,2.317,2.841,2.472,891518,1071109,000-000-033,2.073,2.942,2.724,2.992,2.141,2.23,2.094,2.888,2.918,2.504,2.019,2.437,2.458,2.573,2.817,2.632,2.941,2.534,2.035,2.485,2.394,2.093,2.475,2.229,2.589,2.72,2.282,2.635,2.288,2.583,2.999,2.312,2.656,2.722,2.903,2.858,2.379,2.765,2.409,2.85,2.227,2.062,2.706,2.346,2.174,2.308,2.954,2.873,2.496,2.165,2.711,2.781,2.772,2.943,2.515,2.709,2.302,2.386,2.497,2.868,2.796,2.05,2.747,2.494,2.567,2.121,2.97,2.56,2.084,2.219,2.701,2.181,2.07,2.368,2.327,992998,1002812,000-000-033,11720,392,12280,45216,4629,1226,2546,1009,1650,1993,15909,3117,1369,1334,251,2128,44,596,10836,356,13669,40334,4649,1348,3824,1652,3271.6,2167,351,3683,19,549,0,1414,0,0,0,0,0,854,844,530,739,436,531,987098,705283,158329,165369,316461,143380,191335,306029,32259,421523,802697,819037,1429927,0.3632151,1.3796164,20,19,19,1009405,24,5,48,4,13,1488,8,27,28,70
000-000-039,3,0,42,2,56,329,2.325,2.224,2.977,2.674,2.255,2.528,2.329,2.949,2.212,2.853,2.66,2.966,2.403,2.945,2.97,2.102,2.873,2.824,2.88,2.641,2.425,2.241,2.212,2.061,2.648,2.443,2.92,2.69,2.548,2.364,2.555,2.086,2.253,2.867,2.257,2.187,2.395,2.668,2.498,2.987,2.249,2.974,2.315,2.289,2.324,2.507,2.068,2.834,2.512,2.87,2.907,2.597,2.548,2.723,2.319,2.776,2.582,2.68,3,2.729,2.922,2.475,2.196,2.758,2.417,2.881,2.866,2.467,2.877,977130,1109060,2.623,1185509,1137094,2.247,2.824,2.052,2.886,2.357,2.176,2.398,2.828,2.944,2.222,2.022,2.326,2.187,2.233,2.635,2.212,2.168,2.464,2.005,2.338,2.661,2.278,2.244,2.754,2.698,2.433,2.939,2.598,2.279,2.111,2.359,2.366,2.365,2.152,2.148,2.666,2.334,2.655,2.999,2.53,2.234,2.278,2.1,2.839,2.717,2.299,2.775,2.656,2.511,2.672,2.98,2.589,2.886,2.427,2.153,2.562,2.863,2.884,2.038,2.865,2.008,2.079,2.37,2.707,2.486,2.871,2.691,2.3,2.327,3,2.496,2.287,2.165,2.978,2.009,892983,981146,000-000-039,2.491,2.498,2.014,2.796,2.164,2.944,2.932,2.182,2.601,2.476,2.671,2.77,2.45,2.738,2.557,2.404,2.726,2.459,2.364,2.521,2.978,2.354,2.468,2.742,2.381,2.122,2.504,2.314,2.573,2.841,2.267,2.788,2.449,2.033,2.181,2.203,2.625,2.323,2.295,2.281,2.822,2.625,2.246,2.49,2.483,2.621,2.457,2.482,2.599,2.212,2.631,2.709,2.1,2.649,2.281,2.838,2.363,2.737,2.164,2.729,2.448,2.94,2.66,2.045,2.21,2.338,2.658,2.83,2.591,2.387,2.119,2.105,2.592,2.919,2.946,1183226,1062395,000-000-039,11427,994,12101,48873,5869,1300,3420,1137,1975,1886,14468,3391,1478,1053,495,2257,22,508,11966,820,12513,43509,4103,1485,2988,1973,3448.6,2899,229,3529,10,523,0,1389,0,0,0,0,0,989,379,392,208,389,849,900697,807702,140463,173330,392087,113112,149936,361353,38776,416480,896436,746798,1302531,0.4648164,1.226513,8,14,11,1006155,37,5,30,5,13,1258,13,16,45,57
000-000-049,1,0,42,2,22,369,2.751,2.504,2.896,2.638,2.417,2.867,2.314,2.038,2.776,2.261,2.889,2.063,2.373,2.863,2.87,2.385,2.901,2.394,2.403,2.785,2.502,2.183,2.552,2.47,2.861,2.37,2.768,2.03,2.606,2.245,2.587,2.895,2.247,2.881,2.523,2.902,2.155,2.789,2.589,2.46,2.862,2.717,2.902,2.423,2.334,2.59,2.759,2.456,2.25,2.51,2.592,2.751,2.251,2.852,2.493,2.817,2.82,2.579,2.684,2.431,2.385,2.249,2.374,2.122,2.96,2.198,2.052,2.493,2.151,994697,1041133,2.235,947487,990890,2.542,2.173,2.38,2.604,2.271,2.225,2.479,2.191,2.721,2.509,2.037,2.337,2.241,2.942,2.156,2.809,2.913,2.11,2.559,2.543,2.175,2.315,2.399,2.628,2.783,2.384,2.031,2.854,2.778,2.441,2.993,2.768,2.941,2.715,2.754,2.723,2.375,2.989,2.363,2.346,2.368,2.771,2.474,2.976,2.539,2.169,2.567,2.818,2.909,2.415,2.199,2.388,2.182,2.142,2.971,2.486,2.254,2.873,2.08,2.111,2.734,2.102,2.626,2.343,2.772,2.129,2.052,2.814,2.778,2.067,2.567,2.322,2.778,2.617,2.954,894641,1004500,000-000-049,2.512,2.279,2.115,2.914,2.385,2.565,2.08,2.204,2.469,2.871,2.511,2.951,2.701,2.693,2.243,2.788,2.294,2.081,2.806,2.957,2.178,2.449,2.353,2.487,2.722,2.697,2.605,2.28,2.968,2.235,2.486,2.274,2.457,2.187,2.205,2.38,2.404,2.076,2.694,2.201,2.194,2.087,2.501,2.998,2.488,2.867,2.943,2.12,2.53,2.912,2.072,2.801,2.272,2.543,2.503,2.457,2.727,2.597,2.467,2.586,2.526,2.654,2.332,2.441,2.434,2.884,2.892,2.751,2.147,2.959,2.404,2.452,2.628,2.995,2.061,909646,923996,000-000-049,11332,470,12715,41910,5543,1311,3722,1653,1327,1029,16931,3831,1661,1327,445,2706,34,738,11881,590,14674,49183,4305,1277,2744,1813,3679.7,2903,216,3755,3,661,0,1521,0,0,0,0,0,845,536,687,623,824,268,978972,959090,179150,149691,319706,118617,101184,392347,33422,434439,779109,871035,1392139,0.7623864,1.3867165,19,13,11,1095886,31,5,68,3,13,1245,11,42,37,67
000-000-045,1,0,42,2,39,370,2.436,2.256,2.68,2.251,2.092,2.731,2.297,2.435,2.113,2.148,2.445,2.152,2.064,2.668,2.537,2.884,2.395,2.817,2.619,2.199,2.764,2.234,2.637,2.181,2.203,2.43,2.076,2.109,2.736,2.954,2.229,2.893,2.125,2.924,2.279,2.136,2.633,2.579,2.015,2.618,2.644,2.28,2.062,2.779,2.217,2.807,2.308,2.264,2.228,2.065,2.399,2.823,2.354,2.23,2.608,2.135,2.483,2.991,2.542,2.456,2.06,2.729,2.074,2.907,2.903,2.564,2.065,2.762,2.865,909830,966278,2.867,1019227,1178684,2.77,2.071,2.677,2.734,2.721,2.632,2.34,2.31,2.436,2.1,2.025,2.597,2.219,2.932,2.472,2.614,2.604,2.017,2.878,2.172,2.659,2.404,2.563,2.196,2.721,2.609,2.313,2.171,2.762,2.572,2.222,2.915,2.474,2.626,2.176,2.163,2.699,2.986,2.979,2.52,2.872,2.884,2.994,2.382,2.035,2.326,2.542,2.268,2.702,2.605,2.404,2.298,2.729,2.037,2.285,2.858,2.354,2.714,2.071,2.039,2.115,2.572,2.075,2.151,2.911,2.705,2.111,2.512,2.179,2.11,2.215,2.829,2.779,2.272,2.12,896650,1018640,000-000-045,2.694,2.921,2.186,2.493,2.073,2.419,2.692,2.047,2.764,2.088,2.263,2.726,2.21,2.967,2.521,2.914,2.357,2.093,2.742,2.489,2.231,2.819,2.59,2.768,2.142,2.454,2.755,2.917,2.001,2.949,2.449,2.912,2.101,2.905,2.947,2.119,2.366,2.062,2.389,2.528,2.987,2.77,2.761,2.959,2.029,2.294,2.147,2.339,2.463,2.168,2.008,2.879,2.191,2.64,2.879,2.397,2.927,2.263,2.202,2.169,2.378,2.817,2.408,2.652,2.551,2.026,2.312,2.63,2.077,2.94,2.093,2.947,2.545,2.545,2.331,985655,1160503,000-000-045,13590,704,12350,46773,5904,1239,2298,1167,1795,1788,13020,3093,1869,1752,338,2380,38,961,12571,521,14440,40611,4343,1517,2985,1360,3791.3,2208,354,2218,10,556,0,692,0,0,0,0,0,824,380,980,890,555,354,934561,963917,131944,100408,375110,120901,178426,383484,39353,421612,770539,823618,1346434,0.5583973,1.0840196,17,13,9,1029155,34,4,42,5,11,1087,13,46,28,89
000-000-139,3,1,42,2,31,319,2.529,2.575,2.254,2.615,2.879,2.289,2.749,2.133,2.084,2.356,2.444,2.477,2.618,2.317,2.425,2.759,2.265,2.803,2.533,2.397,2.781,2.763,2.885,2.962,2.993,2.533,2.31,2.488,2.619,2.552,2.672,2.934,2.834,2.589,2.003,2.472,2.749,2.841,2.849,2.554,2.793,2.38,2.803,2.378,2.515,2.519,2.14,2.416,2.175,2.901,2.871,2.549,2.256,2.09,2.108,2.004,2.336,2.312,2.186,2.782,2.615,2.973,2.244,2.924,2.995,2.171,2.658,2.021,2.428,1025267,996564,2.247,1091810,937972,2.399,2.293,2.838,2.025,2.525,2.945,2.434,2.247,2.373,2.337,2.388,2.647,2.343,2.074,2.933,2.057,2.276,2.595,2.338,2.355,2.176,2.031,2.951,2.753,2.842,2.209,2.265,2.758,2.281,2.973,2.117,2.629,2.838,2.434,2.342,2.151,2.174,2.252,2.9,2.695,2.665,2.183,2.776,2.894,2.901,2.379,2.093,2.922,2.401,2.43,2.623,2.376,2.261,2.895,2.6,2.69,2.494,2.157,2.954,2.404,2.027,2.048,2.589,2.265,2.998,2.601,2.004,2.059,2.498,2.12,2.843,2.046,2.082,2.255,2.936,899086,1138012,000-000-139,2.725,2.712,2.331,2.275,2.15,2.615,2.597,2.348,2.599,2.145,2.339,2.768,2.745,2.511,2.77,2.734,2.26,2.571,2.355,2.832,2.526,2.97,2.223,2.974,2.188,2.311,2.725,2.071,2.623,2.747,2.859,2.035,2.735,2.562,2.538,2.992,2.013,2.788,2.376,2.233,2.844,2.435,2.854,2.99,2.505,2.65,2.051,2.877,2.489,2.002,2.734,2.928,2.873,2.497,2.546,2.245,2.451,2.891,2.216,2.116,2.775,2.347,2.289,2.415,2.05,2.139,2.295,2.084,2.096,2.634,2.783,2.455,2.917,2.551,2.393,1159816,1105712,000-000-139,11728,881,14411,44551,4014,1209,2103,1548,1470,1887,15139,3611,1109,1326,274,2164,49,913,11021,938,10043,44765,5202,1920,3056,1313,3554.6,2510,292,2286,3,987,0,942,0,0,0,0,0,572,706,538,574,238,343,985155,913467,110677,131516,330376,148273,147103,388003,35238,450837,737876,753851,1402250,0.4106482,1.7289407,19,17,19,1194523,14,3,55,3,10,1330,8,3,49,68
000-000-152,0,1,42,2,41,395,2.332,2.186,2.688,2.049,2.749,2.471,2.562,2.907,2.943,2.416,2.626,2.062,2.283,2.295,2.357,2.292,2.058,2.871,2.447,2.049,2.111,2.499,2.144,2.661,2.108,2.671,2.812,2.074,2.399,2.69,2.47,2.532,2.933,2.117,2.948,2.326,2.706,2.92,2.935,2.603,2.815,2.313,2.049,2.048,2.679,2.207,2.539,2.772,2.208,2.186,2.64,2.764,2.26,2.784,2.91,2.873,2.657,2.303,2.46,2.152,2.38,2.164,2.172,2.416,2.123,2.568,2.803,2.48,2.868,1006074,954261,2.328,907931,917673,2.992,2.307,2.61,2.218,2.262,2.894,2.44,2.041,2.951,2.253,2.698,2.66,2.902,2.979,2.282,2.24,2.537,2.197,2.26,2.572,2.082,2.15,2.493,2.125,2.557,2.721,2.692,2.456,2.414,2.52,2.16,2.513,2.328,2.026,2.741,2.441,2.649,2.974,2.206,2.756,2.129,2.364,2.124,2.338,2.278,2.702,2.111,2.452,2.025,2.921,2.544,2.852,2.766,2.264,2.127,2.108,2.234,2.954,2.007,2.267,2.859,2.003,2.333,2.109,2.367,2.975,2.587,2.224,2.166,2.082,2.37,2.188,2.316,2.491,2.964,902609,1086106,000-000-152,2.994,2.409,2.946,2.097,2.311,2.915,2.545,2.575,2.769,2.725,2.937,2.559,2.825,2.005,2.594,2.468,2.316,2.411,2.035,2.367,2.979,2.32,2.784,2.483,2.426,2.322,2.456,2.618,2.718,2.107,2.299,2.463,2.417,2.976,2.004,2.051,2.872,2.659,2.761,2.589,2.873,2.282,2.67,2.721,2.527,2.055,2.181,2.211,2.522,2.298,2.574,2.217,2.692,2.031,2.355,2.32,2.434,2.078,2.593,2.827,2.558,2.908,2.251,2.484,2.353,2.018,2.325,2.673,2.1,2.062,2.74,2.901,2.845,2.451,2.915,999203,1166432,000-000-152,14838,365,13423,44311,4928,1987,3219,1792,1220,1216,14700,3582,1016,1216,354,2333,38,934,13805,542,10739,40233,5839,1633,2856,1664,3967.7,2590,302,2566,16,890,0,1865,0,0,0,0,0,969,501,935,814,679,828,861154,966761,183143,117638,363399,111770,100263,363748,39626,411755,701246,797806,1316264,0.8264541,1.6631271,22,20,16,1156340,13,3,58,5,17,1257,10,50,26,92
000-000-030,2,0,42,2,50,308,2.71,2.377,2.707,2.052,2.967,2.837,2.081,2.725,2.088,2.18,2.752,2.91,2.609,2.89,2.758,2.468,2.033,2.871,2.002,2.636,2.188,2.441,2.372,2.056,2.754,2.638,2.057,2.849,2.803,2.121,2.884,2.271,2.813,2.756,2.644,2.758,2.807,2.029,2.569,2.455,2.914,2.246,2.651,2.551,2.099,2.157,2.212,2.531,2.558,2.592,2.961,2.042,2.086,2.416,2.106,2.967,2.836,2.766,2.813,2.147,2.611,2.315,2.133,2.911,2.628,2.441,2.557,2.397,2.901,982335,981459,2.099,1068227,915309,2.633,2.18,2.269,2.49,2.327,2.457,2.192,2.448,2.905,2.207,2.636,2.58,2.725,2.57,2.65,2.21,2.492,2.683,2.318,2.263,2.746,2.789,2.364,2.303,2.341,2.376,2.108,2.078,2.028,2.34,2.809,2.833,2.131,2.359,2.949,2.066,2.47,2.426,2.05,2.598,2.394,2.008,2.192,2.117,2.744,2.466,2.717,2.681,2.974,2.931,2.663,2.454,2.733,2.041,2.2,2.99,2.808,2.161,2.815,2.233,2.551,2.78,2.006,2.671,2.235,2.11,2.656,2.533,2.779,2.197,2.935,2.012,2.193,2.398,2.61,903534,1050394,000-000-030,2.06,2.032,2.251,2.361,2.736,2.392,2.643,2.187,2.148,2.263,2.903,2.925,2.636,2.983,2.884,2.267,2.466,2.629,2.787,2.13,2.266,2.821,2.508,2.012,2.242,2.128,2.222,2.62,2.753,2.957,2.608,2.284,2.864,2.957,2.907,2.115,2.786,2.116,2.157,2.505,2.407,2.337,2.412,2.367,2.54,2.535,2.127,2.574,2.632,2.343,2.993,2.855,2.173,2.968,2.603,2.714,2.389,2.63,2.732,2.481,2.005,2.766,2.151,2.554,2.052,2.503,2.054,2.797,2.438,2.702,2.934,2.759,2.051,2.893,2.887,979584,1083820,000-000-030,13945,469,11445,44802,4112,1838,3058,1366,1481,1707,17652,3086,1759,1151,437,2607,33,883,14253,345,10619,41829,5374,1519,2522,1811,3227.4,2987,285,2434,19,939,0,690,0,0,0,0,0,762,770,391,261,414,248,831280,711234,118406,115551,387736,117824,149754,330156,35306,413318,763485,716019,1409993,0.870107,1.0280855,21,9,10,1100992,47,3,43,3,10,1188,11,22,30,77
000-000-116,0,1,42,2,48,308,2.143,2.418,2.486,2.74,2.778,2.553,2.223,2.386,2.602,2.619,2.966,2.004,2.515,2.192,2.17,2.154,2.273,2.526,2.637,2.818,2.261,2.092,2.263,2.297,2.571,2.657,2.463,2.125,2.773,2.376,2.472,2.537,2.253,2.884,2.147,2.112,2.645,2.656,2.835,2.672,2.306,2.827,2.147,2.079,2.673,2.505,2.165,2.524,2.67,2.08,2.861,2.93,2.108,2.333,2.794,2.713,2.218,2.937,2.063,2.288,2.155,2.747,2.018,2.618,2.933,2.997,2.484,2.494,2.948,1134756,918608,2.207,903031,1065526,2.627,2.844,2.728,2.688,2.506,2.404,2.118,2.086,2.769,2.567,2.222,2.947,2.871,2.561,2.049,2.678,2.722,2.113,2.708,2.77,2.347,2.711,2.313,2.943,2.095,2.034,2.241,2.372,2.258,2.314,2.947,2.065,2.253,2.136,2.459,2.482,2.71,2.489,2.854,2.376,2.982,2.47,2.199,2.648,2.789,2.257,2.327,2.406,2.294,2.72,2.111,2.231,2.371,2.221,2.729,2.127,2.316,2.059,2.045,2.223,2.878,2.833,2.703,2.679,2.918,2.259,2.684,2.848,2.849,2.08,2.015,2.395,2.238,2.895,2.254,904427,1199583,000-000-116,2.118,2.412,2.948,2.722,2.765,2.744,2.394,2.888,2.049,2.373,2.118,2.238,2.511,2.762,2.907,2.688,2.023,2.999,2.154,2.068,2.16,2.894,2.275,2.532,2.994,2.686,2.315,2.92,2.968,2.267,2.81,2.854,2.662,2.727,2.101,2.428,2.943,2.97,2.001,2.246,2.31,2.005,2.252,2.015,2.949,2.069,2.808,2.553,2.928,2.361,2.295,2.659,2.455,2.608,2.634,2.822,2.584,2.149,2.784,2.429,2.87,2.179,2.784,2.171,2.607,2.24,2.384,2.17,2.651,2.727,2.815,2.305,2.185,2.248,2.27,1148663,937584,000-000-116,13244,654,14304,41014,5429,1448,3984,1818,1346,1176,18177,3896,1638,1233,356,2220,49,898,13252,785,11515,48876,4546,1115,3398,1438,3210.5,2891,288,3319,14,944,0,1077,0,0,0,0,0,901,874,511,231,279,735,980370,817161,101407,141804,320403,178214,162394,340296,39231,420020,794266,891011,1246516,0.2781534,1.5307973,21,10,9,1050037,40,5,26,3,10,1079,10,50,46,87
000-000-011,3,0,,0,43,393,2.092,2.884,2.75,2.999,2.704,2.091,2.142,2.996,2.663,2.596,2.588,2.354,2.108,2.362,2.352,2.863,2.461,2.54,2.665,2.951,2.803,2.667,2.016,2.109,2.751,2.9,2.209,2.012,2.375,2.761,2.594,2.833,2.04,2.026,2.123,2.209,2.814,2.068,2.141,2.926,2.675,2.997,2.898,2.128,2.682,2.493,2.863,2.099,2.202,2.549,2.559,2.652,2.09,2.375,2.137,2.521,2.489,2.33,2.919,2.081,2.227,2.916,2.808,2.73,2.793,2.729,2.614,2.841,2.626,1131987,1196067,2.399,1001776,1060295,2.623,2.073,2.731,2.293,2.111,2.908,2.887,2.38,2.875,2.476,2.684,2.677,2.474,2.976,2.512,2.044,2.381,2.719,2.301,2.982,2.662,2.454,2.374,2.896,2.944,2.272,2.525,2.459,2.51,2.176,2.946,2.555,2.771,2.714,2.993,2.688,2.626,2.344,2.152,2.242,2.006,2.42,2.638,2.957,2.428,2.879,2.974,2.267,2.988,2.782,2.092,2.569,2.912,2.516,2.478,2.567,2.478,2.068,2.5,2.148,2.696,2.391,2.485,2.542,2.986,2.833,2.718,2.833,2.818,2.421,2.387,2.226,2.974,2.297,2.001,915798,964403,000-000-011,2.653,2.233,2.146,2.559,2.17,2.924,2.446,2.531,2.714,2.029,2.329,2.952,2.345,2.598,2.607,2.447,2.315,2.029,2.975,2.19,2.022,2.408,2.125,2.829,2.956,2.7,2.534,2.569,2.62,2.958,2.852,2.145,2.248,2.4,2.133,2.43,2.779,2.111,2.122,2.414,2.05,2.097,2.332,2.484,2.596,2.234,2.216,2.982,2.339,2.356,2.801,2.204,2.867,2.487,2.706,2.921,2.099,2.953,2.597,2.226,2.929,2.544,2.867,2.877,2.612,2.654,2.853,2.108,2.072,2.304,2.481,2.984,2.154,2.236,2.884,958903,957779,000-000-011,13304,528,13128,48697,4385,1385,3117,1039,1495,1029,11892,3331,1655,1891,182,2567,15,741,11158,1052,13863,48681,5317,1674,2614,1283,3767.2,2983,302,2220,12,650,0,593,0,0,0,0,0,932,201,387,898,292,233,893082,920068,119271,104745,304379,139063,129561,301975,39258,466356,843602,845690,1495872,0.6182764,1.3637534,11,20,21,1171122,7,5,24,3,8,1405,8,37,46,65
000-000-220,0,1,42,2,65,391,2.008,2.411,2.845,2.411,2.22,2.647,2.709,2.473,2.401,2.963,2.39,2.939,2.805,2.726,2.542,2.069,2.789,2.003,2.926,2.303,2.352,2.264,2.411,2.006,2.632,2.75,2.233,2.593,2.503,2.908,2.083,2.693,2.433,2.734,2.406,2.803,2.052,2.746,2.27,2.098,2.791,2.123,2.92,2.039,2.131,2.91,2.001,2.267,2.693,2.306,2.17,2.884,2.294,2.654,2.236,2.924,2.35,2.699,2.223,2.16,2.908,2.531,2.882,2.767,2.848,2.108,2.82,2.231,2.825,1083226,1112233,2.171,983210,1013538,2.351,2.912,2.292,2.179,2.162,2.326,2.183,2.013,2.201,2.884,2.447,2.686,2.804,2.669,2.461,2.595,2.386,2.52,2.987,2.965,2.94,2.313,2.778,2.908,2.311,2.793,2.542,2.629,2.433,2.568,2.767,2.547,2.82,2.887,2.808,2.08,2.602,2.402,2.869,2.123,2.069,2.276,2.693,2.35,2.489,2.792,2.944,2.684,2.149,2.671,2.882,2.393,2.041,2.238,2.862,2.218,2.602,2.886,2.2,2.512,2.576,2.207,2.851,2.385,2.448,2.63,2.698,2.114,2.267,2.299,2.961,2.331,2.75,2.142,2.919,915956,1047801,000-000-220,2.321,2.262,2.678,2.888,2.287,2.482,2.591,2.126,2.433,2.071,2.932,2.754,2.133,2.853,2.566,2.574,2.958,2.196,2.296,2.846,2.571,2.886,2.236,2.172,2.183,2.578,2.588,2.118,2.539,2.285,2.957,2.783,2.107,2.334,2.804,2.841,2.168,2.707,2.82,2.143,2.046,2.622,2.805,2.355,2.202,2.274,2.936,2.987,2.846,2.636,2.25,2.974,2.85,2.481,2.51,2.539,2.651,2.688,2.938,2.534,2.754,2.019,2.403,2.704,2.991,2.902,2.997,2.792,2.681,2.514,2.063,2.942,2.868,2.879,2.252,1199236,906051,000-000-220,13176,561,14548,43262,5539,1879,3703,1054,1461,1547,11532,3815,1826,1169,347,2906,10,992,10057,987,10481,41575,5203,1286,3018,1170,3527.9,2053,337,3965,12,957,0,623,0,0,0,0,0,541,689,631,286,901,902,977811,727035,102245,133022,388664,165730,104062,381822,37795,479489,859065,746346,1268287,0.3524713,1.6381817,13,21,22,1148153,43,5,39,4,15,1436,11,17,36,50
000-000-188,0,1,42,2,46,336,2.339,2.019,2.08,2.196,2.151,2.694,2.809,2.342,2.48,2.309,2.386,2.586,2.398,2.115,2.334,2.154,2.009,2.322,2.542,2.457,2.706,2.197,2.883,2.141,2.98,2.205,2.517,2.729,2.533,2.989,2.004,2.152,2.615,2.315,2.261,2.698,2.242,2.582,2.113,2.279,2.333,2.523,2.171,2.29,2.668,2.605,2.753,2.647,2.789,2.699,2.388,2.342,2.773,2.704,2.845,2.956,2.023,2.628,2.669,2.424,2.554,2.032,2.769,2.68,2.756,2.789,2.246,2.884,2.196,1004449,992292,2.412,1068375,974585,2.083,2.541,2.145,2.142,2.66,2.816,2.334,2.911,2.875,2.858,2.069,2.504,2.643,2.761,2.093,2.054,2.862,2.441,2.609,2.231,2.005,2.668,2.415,2.629,2.174,2.121,2.153,2.814,2.713,2.157,2.487,2.073,2.759,2.653,2.285,2.525,2.888,2.606,2.409,2.838,2.131,2.946,2.715,2.2,2.002,2.494,2.28,2.34,2.311,2.183,2.532,2.026,2.439,2.322,2.182,2.383,2.68,2.502,2.522,2.899,2.698,2.862,2.662,2.131,2.833,2.85,2.878,2.18,2.779,2.437,2.289,2.09,2.927,2.828,2.157,919231,1045966,000-000-188,2.985,2.8,2.23,2.055,2.973,2.872,2.713,3,2.77,2.411,2.141,2.017,2.673,2.853,2.506,2.421,2.967,2.329,2.517,2.409,2.272,2.106,2.597,2.656,2.069,2.636,2.131,2.916,2.643,2.97,2.226,2.22,2.709,2.114,2.042,2.234,2.889,2.934,2.727,2.92,2.257,2.529,2.221,2.108,2.088,2.392,2.288,2.544,2.378,2.483,2.034,2.757,2.14,2.78,2.391,2.233,2.151,2.838,2.163,2.792,2.829,2.728,2.036,2.859,2.529,2.67,2.754,2.911,2.464,2.903,2.914,2.825,2.264,2.926,2.902,1146220,1082655,000-000-188,14839,335,10942,41567,4717,1500,2547,1625,1117,1627,11379,3974,1046,1953,237,2450,22,703,11499,535,11438,40772,5272,1827,2626,1324,3701.9,2759,267,3289,4,728,0,1324,0,0,0,0,0,972,714,539,624,743,884,868270,761860,123522,124451,378018,190396,187487,320916,33471,484009,753938,812132,1332097,0.410209,1.6338091,13,9,14,1033831,33,4,39,3,7,1317,12,41,36,65
000-000-067,3,0,42,2,64,309,2.508,2.889,2.92,2.238,2.657,2.005,2.931,2.397,2.735,2.627,2.491,2.122,2.805,2.814,2.246,2.55,2.897,2.288,2.542,2.697,2.505,2.976,2.663,2.036,2.992,2.029,2.463,2.46,2.878,2.523,2.829,2.175,2.274,2.86,2.947,2.354,2.158,2.77,2.614,2.15,2.637,2.906,2.734,2.921,2.413,2.339,2.465,2.731,2.531,2.623,2.68,2.917,2.665,2.675,2.758,2.243,2.933,2.806,2.95,2.296,2.589,2.539,2.111,2.034,2.162,2.975,2.576,2.1,2.293,1014745,1100340,2.103,967761,955345,2.815,2.706,2.729,2.423,2.02,2.201,2.337,2.509,2.009,2.718,2.098,2.044,2.935,2.997,2.987,2.918,2.438,2.946,2.012,2.773,2.932,2.107,2.713,2.677,2.61,2.194,2.845,2.352,2.594,2.13,2.068,2.716,2.392,2.129,2.56,2.993,2.739,2.226,2.794,2.463,2.366,2.307,2.657,2.182,2.742,2.887,2.579,2.76,2.09,2.462,2.436,2.215,2.041,2.231,2.491,2.586,2.311,2.965,2.636,2.816,2.752,2.428,2.775,2.404,2.967,2.451,2.186,2.232,2.395,2.289,2.757,2.141,2.617,2.178,2.838,930076,967043,000-000-067,2.809,2.52,2.928,2.468,2.569,2.032,2.809,2.345,2.641,2.053,2.294,2.721,2.667,2.841,2.56,2.938,2.611,2.196,2.243,2.932,2.931,2.354,2.782,2.266,2.579,2.542,2.261,2.912,2.746,2.585,2.02,2.959,2.217,2.746,2.389,2.139,2.894,2.825,2.53,2.106,2.989,2.89,2.889,2.208,2.612,2.879,2.821,2.369,2.448,2.209,2.989,2.272,2.284,2.653,2.152,2.515,2.874,2.349,2.249,2.709,2.868,2.684,2.789,2.913,2.568,2.521,2.094,2.049,2.422,2.732,2.592,2.248,2.684,2.83,2.496,1077829,1087572,000-000-067,10339,717,13245,44468,4208,1446,3403,1095,1842,1907,19381,3648,1391,1478,473,2624,10,767,10589,924,12081,48444,4507,1357,2453,1167,3603,2267,299,3924,4,826,0,1470,0,0,0,0,0,368,591,676,828,342,847,745416,823438,123887,195989,331475,166250,154539,326196,32021,474202,791017,831767,1356987,0.8328087,1.0611032,12,19,20,1127274,39,4,50,3,13,1116,12,11,22,64
000-000-112,0,1,42,2,63,335,2.525,2.335,2.64,2.652,2.704,2.902,2.026,2.365,2.857,2.106,2.263,2.784,2.252,2.409,2.948,2.441,2.578,2.735,2.681,2.859,2.195,2.888,2.276,2.673,2.217,2.257,2.571,2.848,2.084,2.611,2.825,2.506,2.973,2.697,2.448,2.746,2.901,2.655,2.454,2.195,2.379,2.614,2.682,2.98,2.268,2.081,2.563,2.564,2.919,2.843,2.715,2.1,2.711,2.347,2.83,2.817,2.673,2.232,2.081,2.923,2.795,2.446,2.545,2.767,2.324,2.644,2.249,2.55,2.136,1100487,1168154,2.026,1040445,985745,2.307,2.83,2.801,2.95,2.537,2.302,2.774,2.753,2.814,2.549,2.281,2.469,2.596,2.982,2.045,2.352,2.98,2.583,2.101,2.182,2.046,2.464,2.742,2.967,2.197,2.76,2.293,2.041,3,2.455,2.679,2.258,2.984,2.341,2.654,2.322,2.505,2.888,2.553,2.01,2.117,2.846,2.828,2.672,2.782,2.999,2.041,2.122,2.927,2.531,2.547,2.532,2.577,2.279,2.204,2.578,2.284,2.058,2.493,2.309,2.412,2.351,2.158,2.231,2.23,2.683,2.365,2.742,2.043,2.964,2.558,2.673,2.421,2.897,2.355,936643,929880,000-000-112,2.745,2.476,2.358,2.879,2.357,2.741,2.082,2.272,2.097,2.102,2.907,2.779,2.279,2.629,2.116,2.173,2.731,2.266,2.965,2.694,2.083,2.979,2.473,2.331,2.073,2.335,2.223,2.144,2.923,2.837,2.611,2.192,2.916,2.169,2.859,2.003,2.072,2.582,2.749,2.705,2.535,2.632,2.027,2.004,2.168,2.5,2.527,2.613,2.925,2.14,2.522,2.534,2.043,2.554,2.012,2.42,2.812,2.696,2.852,2.839,2.502,2.016,2.961,2.665,2.781,2.985,2.725,2.56,2.793,2.745,2.318,2.876,2.192,2.014,2.48,1139083,1171328,000-000-112,14355,521,11050,44643,4143,1290,2927,1076,1562,1025,16771,3329,1788,1798,439,2255,35,937,10469,302,14913,49030,4773,1591,3609,1295,3973,2351,258,3449,5,634,0,727,0,0,0,0,0,626,758,334,726,575,586,823973,717227,187686,142433,382130,120433,175203,345560,31055,444375,811481,722067,1223227,0.2463665,1.6329529,20,20,13,1017380,20,3,30,3,17,1333,10,17,27,97
000-000-204,0,1,,0,31,378,2.787,2.155,2.287,2.756,2.253,2.191,2.003,2.118,2.67,2.803,2.257,2.934,2.084,2.75,2.5,2.272,2.13,2.124,2.604,2.01,2.266,2.771,2.431,2.688,2.997,2.389,2.346,2.343,2.667,2.896,2.696,2.327,2.174,2.943,2.953,2.734,2.38,2.997,2.311,2.54,2.724,2.094,2.067,2.667,2.826,2.206,2.113,2.32,2.729,3,2.392,2.832,2.902,2.003,2.28,2.501,2.452,2.496,2.822,2.435,2.916,2.842,2.137,2.304,2.312,2.974,2.072,2.559,2.547,907393,917399,2.947,906589,1006803,2.609,2.152,2.708,2.578,2.582,2.247,2.764,2.211,2.689,2.658,2.816,2.828,2.719,2.389,2.552,2.417,2.922,2.495,2.96,2.441,2.15,2.521,2.312,2.61,2.189,2.213,2.267,2.889,2.175,2.189,2.766,2.909,2.031,2.058,2.165,2.508,2.368,2.081,2.373,2.337,2.154,2.016,2.063,2.477,2.45,2.297,2.368,2.345,2.296,2.181,2.3,2.278,2.373,2.933,2.497,2.99,2.995,2.194,2.992,2.839,2.002,2.445,2.201,2.409,2.241,2.743,2.736,2.836,2.316,2.155,2.423,2.72,2.496,2.593,2.517,936797,1088171,000-000-204,2.024,2.102,2.77,2.837,2.24,2.7,2.462,2.644,2.206,2.339,2.802,2.506,2.249,2.083,2.324,2.605,2.612,2.929,2.303,2.901,2.741,2.269,2.756,2.175,2.191,2.672,2.309,2.457,2.005,2.946,2.775,2.387,2.698,2.289,2.27,2.828,2.638,2.256,2.707,2.341,2.007,2.024,2.625,2.419,2.909,2.799,2.326,2.817,2.071,2.29,2.011,2.624,2.229,2.764,2.819,2.36,2.535,2.404,2.803,2.504,2.372,2.115,2.998,2.687,2.19,2.496,2.46,2.598,2.127,2.298,2.594,2.948,2.649,2.707,2.714,1052413,1170267,000-000-204,13411,573,13756,41262,5453,1016,3618,1526,1605,1052,18288,3232,1541,1631,461,2312,14,908,13472,985,10931,49657,4424,1791,3517,1910,3583.9,2446,374,2523,4,663,0,1236,0,0,0,0,0,412,748,858,739,330,323,970059,755968,191227,125269,341635,145199,102556,303757,36282,482437,760972,781914,1489314,0.6720944,1.7293633,11,18,10,1035455,41,3,38,4,8,1200,9,16,43,81
000-000-163,3,1,,0,38,364,2.345,2.714,2.525,2.221,2.615,2.426,2.402,2.3,2.022,2.018,2.031,2.899,2.396,2.123,2.578,2.378,2.392,2.763,2.418,2.005,2.693,2.93,2.617,2.458,2.717,2.97,2.644,2.268,2.839,2.071,2.068,2.06,2.151,2.817,2.643,2.972,2.144,2.09,2.384,2.988,2.935,2.574,2.77,2.567,2.351,2.796,2.707,2.65,2.873,2.613,2.534,2.516,2.765,2.932,2.609,2.937,2.69,2.95,2.917,2.526,2.364,2.227,2.149,2.437,2.87,2.89,2.643,2.631,2.857,1069533,1013688,2.637,1065671,913475,2.663,2.705,2.603,2.069,2.901,2.024,2.283,2.538,2.331,2.175,2.565,2.701,2.142,2.374,2.293,2.46,2.391,2.253,2.158,2.061,2.044,2.688,2.478,2.619,2.554,2.504,2.483,2.333,2.11,2.942,2.55,2.287,2.39,2.119,2.822,2.169,2.332,2.893,2.946,2.71,2.523,2.981,2.193,2.891,2.048,2.489,2.324,2.661,2.559,2.634,2.285,2.281,2.666,2.287,2.696,2.76,2.935,2.576,2.853,2.222,2.296,2.848,2.432,2.858,2.49,2.195,2.492,2.562,2.184,2.828,2.585,2.711,2.525,2.284,2.985,941026,1032533,000-000-163,2.165,2.535,2.795,2.199,2.523,2.527,2.829,2.238,2.13,2.153,2.603,2.039,2.921,2.435,2.668,2.586,2.496,2.422,2.808,2.607,2.043,2.569,2.916,2.568,2.049,2.263,2.26,2.14,2.17,2.997,2.814,2.48,2.615,2.141,2.556,2.95,2.973,2.139,2.091,2.681,2.427,2.812,2.469,2.938,2.926,2.167,2.61,2.522,2.551,2.571,2.535,2.936,2.091,2.093,2.314,2.926,2.346,2.021,2.542,2.949,2.791,2.499,2.553,2.29,2.465,2.724,2.679,2.733,2.219,2.198,2.425,2.206,2.352,2.908,2.391,1034654,1098345,000-000-163,13390,883,10299,45239,4455,1865,2864,1913,1534,1770,17847,3240,1335,1284,286,2233,29,557,14115,767,11736,46331,5966,1861,2830,1277,4010.3,2445,286,3328,5,684,0,1180,0,0,0,0,0,808,689,220,676,786,949,735713,944104,141662,142239,318644,126878,114669,389023,38823,493949,801859,889646,1253760,0.9682504,1.71083,12,13,20,1043118,47,3,61,3,15,1379,9,23,37,63
000-000-066,2,0,42,2,28,337,2.539,2.681,2.226,2.768,2.668,2.832,2.483,2.184,2.766,2.197,2.038,2.083,2.777,2.021,2.288,2.286,2.992,2.234,2.981,2.911,2.075,2.017,2.63,2.569,2.57,2.363,2.366,2.414,2.129,2.082,2.887,2.258,2.724,2.241,2.853,2.371,2.454,2.605,2.991,2.233,2.544,2.411,2.975,2.53,2.974,2.354,2.02,2.49,2.83,2.793,2.5,2.482,2.936,2.29,2.152,2.423,2.955,2.623,2.169,2.553,2.114,2.796,2.917,2.466,2.837,2.225,2.477,2.395,2.832,946715,949177,2.299,936591,1024724,2.928,2.378,2.586,2.701,2.364,2.694,2.336,2.636,2.572,2.405,2.85,2.71,2.922,2.295,2.008,2.127,2.281,2.915,2.72,2.342,2.668,2.343,2.151,2.018,2.262,2.789,2.179,2.278,2.372,2.472,2.256,2.333,2.26,2.719,2.686,2.007,2.899,2.175,2.996,2.631,2.267,2.259,2.536,2.522,2.459,2.147,2.424,2.843,2.179,2.415,2.821,2.885,2.709,2.832,2.279,2.255,2.532,2.047,2.921,2.747,2.996,2.617,2.674,2.448,2.615,2.109,2.528,2.804,2.365,2.847,2.52,2.576,2.371,2.553,2.575,954133,1143803,000-000-066,2.252,2.769,2.802,2.319,2.508,2.94,2.828,2.037,2.229,2.615,2.474,2.459,2.361,2.902,2.382,2.58,2.586,2.384,2.512,2.998,2.478,2.855,2.899,2.735,2.442,2.726,2.838,2.91,2.643,2.942,2.638,2.209,2.604,2.79,2.988,2.058,2.758,2.758,2.649,2.023,2.259,2.728,2.777,2.518,2.138,2.738,2.838,2.671,2.613,2.26,2.897,2.863,2.245,2.782,2.153,2.567,2.249,2.96,2.022,2.426,2.657,2.718,2.596,2.65,2.483,2.96,2.755,2.021,2.917,2.508,2.705,2.171,2.271,2.419,2.822,1053611,1175224,000-000-066,14793,1098,10082,44406,5035,1414,2528,1650,1815,1029,11337,3502,1251,1117,448,2574,25,920,12983,958,14146,41443,5964,1819,2446,1891,3935.2,2894,261,2202,11,514,0,1927,0,0,0,0,0,805,325,911,680,885,450,794179,910757,183034,128765,396144,104469,163352,339536,39307,413734,776821,846306,1247924,0.0309643,1.6801703,22,12,13,1056660,15,4,43,4,10,1421,11,13,22,75
000-000-210,2,1,42,2,32,300,2.77,2.086,2.189,2.531,2.817,2.302,2.56,2.362,2.077,2.4,2.836,2.765,2.22,2.944,2.922,2.362,2.888,2.149,2.165,2.205,2.491,2.231,2.211,2.332,2.277,2.767,2.297,2.649,2.994,2.427,2.856,2.171,2.699,2.304,2.144,2.836,2.22,2.481,2.343,2.278,2.356,2.874,2.11,2.346,2.19,2.843,2.328,2.894,2.45,2.541,2.579,2.722,2.172,2.642,2.063,2.327,2.239,2.091,2.733,2.345,2.921,2.648,2.703,2.487,2.178,2.645,2.215,2.113,2.156,988271,929969,2.661,1109526,1066747,2.124,2.909,2.946,2.088,2.598,2.754,2.698,2.814,2.916,2.661,2.033,2.196,2.854,2.8,2.652,2.839,2.97,2.212,2.349,2.473,2.075,2.532,2.327,2.255,2.556,2.155,2.345,2.966,2.838,2.625,2.849,2.566,2.322,2.68,2.385,2.206,2.082,2.417,2.045,2.39,2.468,2.95,2.819,2.639,2.445,2.718,2.726,2.41,2.43,2.969,2.57,2.845,2.156,2.846,2.67,2.074,2.21,2.964,2.976,2.652,2.787,2.273,2.33,2.596,2.019,2.978,2.753,2.113,2.791,2.801,2.13,2.007,2.613,2.347,2.284,958082,927656,000-000-210,2.215,2.88,2.699,2.764,2.506,2.349,2.274,2.848,2.744,2.935,2.57,2.449,2.398,2.623,2.301,2.93,2.237,2.931,2.341,2.145,2.14,2.811,2.939,2.7,2.489,2.734,2.404,2.841,2.878,2.733,2.4,2.669,2.719,2.459,2.109,2.462,3,2.551,2.131,2.085,2.094,2.1,2.157,2.875,2.703,2.945,2.143,2.412,2.816,2.773,2.154,2.608,2.612,2.136,2.997,2.494,2.296,2.213,2.402,2.172,2.527,2.968,2.495,2.469,2.756,2.86,2.925,2.018,2.276,2.579,2.707,2.874,2.171,2.373,2.223,1034437,994713,000-000-210,11615,937,13703,47410,5302,1439,3679,1814,1459,1140,19905,3141,1596,1540,485,2971,19,683,11026,583,10232,47842,5881,1206,2246,1070,3778.6,2309,265,3073,15,659,0,744,0,0,0,0,0,339,991,419,832,200,602,793817,859218,128233,101698,352978,156808,112021,376313,36657,402857,708321,761011,1468002,0.7014346,1.0539943,13,11,16,1123312,39,3,70,3,19,1146,11,3,31,60
000-000-079,3,0,42,2,42,385,2.11,2.057,2.208,2.417,2.469,2.546,2.453,2.35,2.32,2.555,2.385,2.279,2.391,2.998,2.816,2.066,2.802,2.504,2.657,2.795,2.227,2.351,2.866,2.802,2.172,2.828,2.638,2.226,2.134,2.969,2.166,2.418,2.457,2.225,2.537,2.774,2.371,2.081,2.127,2.59,2.645,2.013,2.2,2.71,2.39,2.194,2.094,2.448,2.666,2.242,2.761,2.87,2.286,2.315,2.589,2.808,2.669,2.642,2.183,2.574,2.347,2.664,2.578,2.263,2.974,2.451,2.878,2.878,2.486,930503,919561,2.711,986878,1019889,2.703,2.974,2.65,2.554,2.91,2.992,2.244,2.006,2.822,2.705,2.818,2.42,2.141,2.651,2.863,2.157,2.078,2.454,2.409,2.342,2.201,2.891,2.708,2.172,2.458,2.988,2.023,2.175,2.465,2.486,2.345,2.902,2.791,2.247,2.496,2.36,2.497,2.969,2.484,2.237,2.804,2.905,2.306,2.209,2.73,2.658,2.978,2.127,2.951,2.562,2.613,2.921,2.777,2.623,2.575,2.289,2.295,2.873,2.374,2.124,2.604,2.747,2.71,2.543,2.703,2.574,2.851,2.269,2.93,2.869,2.343,2.071,2.355,2.652,2.435,959219,1133797,000-000-079,2.622,2.983,2.373,2.25,2.883,2.359,2.435,3,2.142,2.487,2.437,2.397,2.525,2.904,2.35,2.789,2.654,2.052,2.488,2.492,2,2.706,2.423,2.088,2.397,2.558,2.831,2.216,2.223,2.785,2.275,2.945,2.362,2.851,2.439,2.702,2.069,2.555,2.767,2.359,2.792,2.046,2.861,2.401,2.576,2.186,2.402,2.277,2.592,2.948,2.278,2.955,2.618,2.338,2.421,2.558,2.345,2.138,2.322,2.251,2.131,2.856,2.253,2.787,2.402,2.838,2.305,2.492,2.621,2.357,2.374,2.125,2.17,2.732,2.019,1088128,1064117,000-000-079,13400,709,13086,40404,4859,1247,2279,1723,1856,1184,17875,3394,1254,1691,253,2915,31,753,10366,699,10713,48474,4222,1679,3944,1060,3880.4,2609,383,3703,15,817,0,1409,0,0,0,0,0,331,226,489,416,322,461,888710,790972,190082,165510,398804,142814,130785,365041,30400,470864,743232,843820,1404164,0.8452139,1.2711816,18,13,15,1157881,44,5,69,3,15,1412,9,21,21,70
000-000-017,1,0,42,2,63,361,2.017,2.43,2.484,2.761,2.791,2.586,2.79,2.892,2.743,2.319,2.438,2.727,2.049,2.681,2.903,2.733,2.772,2.547,2.434,2.089,2.112,2.971,2.182,2.358,2.008,2.168,2.781,2.33,2.876,2.632,2.391,2.946,2.537,2.095,2.786,2.887,2.314,2.821,2.315,2.209,2.97,2.778,2.943,2.803,2.901,2.665,2.588,2.793,2.813,2.448,2.931,2.162,2.827,2.735,2.995,2.083,2.763,2.671,2.936,2.942,2.655,2.533,2.803,2.188,2.273,2.534,2.454,2.754,2.277,1138574,1180791,2.651,1070619,1174602,2.103,2.684,2.199,2.616,2.183,2.746,2.352,2.896,2.012,2.396,2.69,2.21,2.662,2.307,2.768,2.024,2.194,2.183,2.697,2.53,2.688,2.168,2.379,2.853,2.415,2.496,2.254,2.323,2.995,2.169,2.164,2.791,2.187,2.51,2.509,2.282,2.982,2.45,2.661,2.816,2.585,2.444,2.179,2.024,2.76,2.216,2.296,2.144,2.52,2.248,2.772,2.096,2.92,2.391,2.109,2.117,2.877,2.672,2.227,2.715,2.114,2.638,2.49,2.293,2.176,2.417,2.323,2.919,2.075,2.082,2.4,2.552,2.032,2.89,2.433,959957,955177,000-000-017,2.633,2.346,2.372,2.754,2.927,2.562,2.568,2.479,2.755,2.038,2.205,2.565,2.442,2.238,2.845,2.347,2.241,2.542,2.585,2.729,2.543,2.73,2.26,2.336,2.471,2.817,2.884,2.154,2.262,2.458,2.788,2.334,2.186,2.82,2.472,2.937,2.581,2.076,2.016,2.911,2.295,2.346,2.345,2.126,2.014,2.825,2.29,2.527,2.401,2.472,2.736,2.626,2.594,2.55,2.275,2.885,2.175,2.825,2.971,2.124,2.257,2.823,2.82,2.898,2.033,2.151,2.404,2.563,2.548,2.676,2.405,2.378,2.171,2.05,2.529,1031151,1190983,000-000-017,12584,830,11109,40494,4909,1223,3182,1387,1252,1157,13473,3040,1548,1343,141,2550,22,675,11192,1039,10752,46433,5590,1790,2266,1881,4091.8,2091,261,3862,7,848,0,1728,0,0,0,0,0,670,839,735,708,474,932,916767,729158,179986,197372,386109,162854,107343,389735,36896,462379,882089,707887,1481243,0.3289055,1.4851431,22,19,17,1004185,8,3,51,4,9,1384,11,32,50,97
000-000-009,1,0,,0,45,374,2.094,2.741,2.218,2.366,2.308,2.296,2.373,2.224,2.049,2.833,2.186,2.647,2.136,2.519,2.299,2.492,2.97,2.953,2.818,2.406,2.36,2.125,2.512,2.904,2.908,2.219,2.104,2.636,2.337,2.505,2.762,2.944,2.592,2.059,2.905,2.312,2.38,2.873,2.719,2.526,2.854,2.551,2.401,2.234,2.452,2.563,2.892,2.855,2.171,2.332,2.221,2.601,2.604,2.948,2.873,2.619,2.535,2.544,2.72,2.157,2.85,2.065,2.471,2.056,2.266,2.948,2.163,2.842,2.303,1145076,966840,2.672,1068995,1135761,2.832,2.338,2.126,2.503,2.503,2.762,2.363,2.194,2.365,2.48,2.521,2.832,2.928,2.633,2.592,2.443,2.835,2.96,2.622,2.713,2.138,2.005,2.939,2.972,2.382,2.688,2.175,2.624,2.887,2.382,2.684,2.239,2.545,2.771,2.033,2.005,2.892,2.681,2.494,2.356,2.586,2.446,2.605,2.384,2.558,2.852,2.906,2.02,2.411,2.619,2.277,2.141,2.045,2.178,2.048,2.12,2.526,2.642,2.439,2.305,2.909,2.022,2.544,2.37,2.17,2.167,2.994,2.857,2.525,2.997,2.898,2.632,2.353,2.859,2.196,961062,951851,000-000-009,2.207,2.733,2.162,2.436,2.389,2.643,2.405,2.294,2.953,2.724,2.781,2.764,2.603,2.096,2.216,2.132,2.789,2.079,2.817,2.078,2.056,2.302,2.376,2.576,2.52,2.794,2.387,2.948,2.024,2.392,2.262,2.208,2.987,2.047,2.674,2.557,2.592,2.303,2.609,2.776,2.131,2.696,2.428,2.21,2.979,2.299,2.962,2.089,2.185,2.266,2.936,2.997,2.732,2.432,2.01,2.192,2.927,2.262,2.328,2.645,2.337,2.316,2.288,2.594,2.119,2.649,2.716,2.34,2.791,2.785,2.834,2.2,2.69,2.401,2.248,1095005,1011279,000-000-009,14564,530,13168,44221,5653,1053,2049,1431,1873,1705,15363,3870,1035,1390,216,2838,29,686,14885,322,13671,40224,5506,1433,3446,1910,3963.3,2843,355,2519,17,981,0,1694,0,0,0,0,0,539,398,655,397,935,851,717556,709743,107774,106493,373936,126296,133822,350014,31918,466122,897413,859828,1278064,0.5516477,1.2713274,10,17,12,1175727,24,3,39,3,16,1486,13,14,32,50
000-000-008,0,0,42,2,63,389,2.683,2.807,2.988,2.756,2.693,2.673,2.903,2.17,2.252,2.705,2.47,2.827,2.265,2.858,2.996,2.492,2.889,2.302,2.501,2.049,2.733,2.04,2.477,2.603,2.582,2.166,2.599,2.39,2.326,2.468,2.037,2.205,2.817,2.271,2.293,2.705,2.059,2.151,2.136,2.156,2.597,2.512,2.901,2.94,2.379,2.531,2.917,2.146,2.127,2.214,2.479,2.192,2.68,2.363,2.2,2.748,2.69,2.594,2.216,2.998,2.242,2.736,2.256,2.555,2.885,2.081,2.57,2.568,2.131,1197953,1152553,2.179,931412,1134331,2.893,2.864,2.489,2.698,2.569,2.8,2.854,2.083,2.799,2.25,2.803,2.586,2.732,2.53,2.775,2.776,2.945,2.777,2,2.282,2.793,2.037,2.436,2.704,2.404,2.501,2.67,2.309,2.136,2.415,2.491,2.693,2.501,2.616,2.849,2.263,2.463,2.871,2.488,2.441,2.848,2.391,2.017,2.455,2.273,2.613,2.348,2.203,2.091,2.118,2.392,2.609,2.485,2.331,2.446,2.833,2.37,2.682,2.475,2.891,2.768,2.592,2.928,2.548,2.317,2.696,2.515,2.947,2.416,2.703,2.123,2.136,2.992,2.902,2.549,961213,1131853,000-000-008,2.353,2.151,2.201,2.19,2.283,2.601,2.571,2.133,2.534,2.655,2.29,2.696,2.049,2.243,2.637,2.597,2.704,2.038,2.239,2.86,2.371,2.409,2.769,2.973,2.003,2.481,2.618,2.948,2.794,2.978,2.007,2.793,2.606,2.756,2.841,2.137,2.256,2.335,2.501,2.878,2.74,2.678,2.168,2.494,2.712,2.026,2.148,2.93,2.527,2.702,2.524,2.707,2.711,2.636,2.766,2.646,2.905,2.299,2.985,2.843,2.628,2.14,2.511,2.297,2.737,2.118,2.715,2.55,2.308,2.916,2.384,2.285,2.575,2.03,2.151,1147010,1122198,000-000-008,12466,304,13925,41407,4293,1013,3052,1623,1642,1694,19704,3611,1015,1762,284,2370,18,564,14806,986,10249,42884,5443,1216,2732,1499,3432.5,2301,386,3344,8,613,0,1430,0,0,0,0,0,933,734,293,597,675,529,807644,834199,161986,173146,315940,194001,171072,379431,34382,438242,885306,776302,1223386,0.9241499,1.7489031,15,21,8,1162265,45,5,48,5,10,1241,11,7,25,88
000-000-197,1,1,,0,28,303,2.7,2.749,2.634,2.999,2.967,2.323,2.309,2.94,2.684,2.829,2.98,2.754,2.355,2.7,2.894,2.082,2.564,2.555,2.576,2.565,2.297,2.853,2.161,2.486,2.778,2.535,2.586,2.623,2.157,2.489,2.307,2.015,2.267,2.083,2.099,2.793,2.68,2.857,2.468,2.388,2.802,2.853,2.111,2.68,2.031,2.478,2.733,2.924,2.811,2.054,2.627,2.317,2.012,2.24,2.196,2.738,2.211,2.617,2.108,2.559,2.243,2.506,2.267,2.485,2.424,2.024,2.994,2.672,2.528,1190412,1176875,2.458,1162448,1078672,2.901,2.981,2.848,2.594,2.763,2.677,2.51,2.254,2.139,2.592,2.663,2.189,2.609,2.63,2.963,2.663,2.325,2.802,2.431,2.622,2.639,2.706,2.629,2.174,2.421,2.749,2.248,2.088,2.101,2.273,2.827,2.365,2.057,2.51,2.029,2.101,2.554,2.852,2.016,2.71,2.166,2.872,2.183,2.38,2.344,2.432,2.294,2.698,2.941,2.876,2.004,2.001,2.011,2.627,2.528,2.808,2.783,2.239,2.506,2.829,2.359,2.216,2.306,2.203,2.568,2.777,2.36,2.865,2.903,2.543,2.403,2.725,2.647,2.354,2.279,961931,912955,000-000-197,2.467,2.112,2.525,2.615,2.709,2.617,2.125,2.607,2.766,2.125,2.595,2.035,2.181,2.372,2.453,2.326,2.124,2.098,2.627,2.721,2.353,2.702,2.528,2.824,2.792,2.912,2.787,2.174,2.313,2.432,2.899,2.359,2.856,2.657,2.701,2.003,2.247,2.379,2.029,2.808,2.637,2.121,2.01,2.095,2.425,2.604,2.855,2.236,2.646,2.832,2.796,2.713,2.826,2.601,2.157,2.78,2.959,2.244,2.254,2.986,2.401,2.504,2.648,2.531,2.95,2.489,2.427,2.156,2.125,2.453,2.101,2.446,2.802,2.089,2.133,1190827,1022021,000-000-197,12347,424,14897,44149,5919,1508,3265,1146,1921,1314,10247,3385,1041,1672,297,2558,35,762,10765,1016,10227,46763,5380,1692,2732,1950,3757.2,2277,351,3066,18,547,0,1516,0,0,0,0,0,818,607,456,637,796,535,895569,770517,124603,134129,372676,168979,157151,374006,34455,481178,739864,824614,1339862,0.1759961,1.427045,21,20,17,1190092,18,5,37,4,7,1116,9,6,20,66
000-000-170,2,1,42,2,37,305,2.975,2.724,2.763,2.509,2.792,2.818,2.486,2.354,2.792,2.743,2.88,2.427,2.034,2.83,2.967,2.267,2.394,2.675,2.513,2.106,2.802,2.834,2.941,2.05,2.176,2.941,2.146,2.547,2.838,2.922,2.709,2.974,2.697,2.067,2.786,2.016,2.676,2.864,2.943,2.329,2.698,2.483,2.151,2.43,2.394,2.717,2.602,2.225,2.119,2.255,2.618,2.538,2.562,2.496,2.505,2.091,2.561,2.878,2.297,2.86,2.335,2.856,2.838,2.314,2.007,2.361,2.993,2.376,2.332,1177109,912243,2.047,1103358,1100362,2.567,2.849,2.679,2.794,2.933,2.378,2.004,2.153,2.438,2.256,2.549,2.487,2.7,2.896,2.116,2.929,2.61,2.109,2.804,2.203,2.452,2.455,2.62,2.695,2.977,2.454,2.166,2.705,2.401,2.532,2.738,2.537,2.1,2.235,2.511,2.116,2.934,2.813,2.815,2.109,2.578,2.611,2.135,2.451,2.786,2.509,2.664,2.921,2.819,2.288,2.671,2.887,2.607,2.841,2.741,2.333,2.604,2.377,2.797,2.298,2.461,2.447,2.684,2.538,2.834,2.23,2.499,2.074,2.971,2.14,2.776,2.461,2.207,2.205,2.299,964636,1074700,000-000-170,2.871,2.907,2.853,2.234,2.059,2.426,2.147,2.939,2.746,2.613,2.786,2.01,2.368,2.383,2.105,2.032,2.091,2.228,2.702,2.215,2.81,2.733,2.923,2.193,2.812,2.936,2.127,2.953,2.662,2.331,2.21,2.971,2.566,2.702,2.565,2.324,2.616,2.191,2.909,2.27,2.47,2.107,2.345,2.95,2.938,2.056,2.465,3,2.604,2.83,2.701,2.556,2.083,2.564,2.844,2.044,2.059,2.923,2.339,2.817,2.289,2.542,2.497,2.29,2.844,2.733,2.566,2.38,2.971,2.636,2.39,2.832,2.55,2.842,2.778,1083654,1014186,000-000-170,12993,1073,12156,46802,4398,1098,2484,1917,1079,1789,18643,3192,1528,1047,339,2634,37,796,14822,330,13732,40476,5270,1779,3780,1742,3797.5,2931,245,3535,7,507,0,887,0,0,0,0,0,953,921,892,940,840,693,961549,969015,118968,163345,388431,171218,193229,387543,32398,493502,845899,771444,1325479,0.4042802,1.6631245,12,18,15,1091401,40,5,48,3,6,1371,12,8,43,52
000-000-016,0,0,,0,54,372,2.595,2.088,2.634,2.699,2.697,2.585,2.559,2.006,2.154,2.127,2.862,2.311,2.979,2.597,2.063,2.979,2.76,2.422,2.212,2.183,2.333,2.954,2.924,2.078,2.277,2.122,2.621,2.426,2.618,2.491,2.978,2.145,2.895,2.868,2.324,2.288,2.835,2.723,2.971,2.415,2.214,2.476,2.365,2.891,2.266,2.073,2.202,2.128,2.897,2.21,2.755,2.506,2.946,2.52,2.115,2.853,2.367,2.459,2.54,2.571,2.101,2.082,2.339,2.181,2.857,2.427,2.846,2.159,2.207,1062948,952743,2.245,1004329,972287,2.362,2.071,2.278,2.511,2.728,2.265,2.902,2.909,2.959,2.475,2.915,2.651,2.815,2.262,2.731,2.17,2.017,2.667,2.975,2.264,2.793,2.62,2.781,2.92,2.292,2.408,2.147,2.401,2.189,2.256,2.952,2.978,2.5,2.377,2.073,2.21,2.934,2.084,2.374,2.613,2.166,2.027,2.612,2.328,2.165,2.999,2.645,2.201,2.7,2.301,2.024,2.063,2.835,2.464,2.679,2.844,2.165,2.023,2.696,2.551,2.308,2.5,2.712,2.878,2.045,2.999,2.93,2.826,2.671,2.903,2.025,2.251,2.04,2.046,2.325,965806,913895,000-000-016,2.045,2.675,2.128,2.442,2.657,2.707,2.709,2.874,2.281,2.492,2.847,2.744,2.718,2.691,2.138,2.903,2.945,2.313,2.47,2.48,2.462,2.181,2.313,2.65,2.882,2.199,2.427,2.893,2.988,2.325,2.609,2.898,2.845,2.108,2.851,2.343,2.581,2.234,2.602,2.001,2.278,2.87,2.993,2.041,2.567,2.961,2.758,2.555,2.782,2.192,2.955,2.157,2.043,2.296,2.182,2.713,2.107,2.19,2.434,2.873,2.3,2.871,2.538,2.016,2.985,2.23,2.725,2.98,2.771,2.474,2.5,2.603,2.346,2.882,2.114,1148175,1101813,000-000-016,11915,990,11878,41444,5238,1116,2792,1656,1633,1476,15820,3807,1055,1436,189,2868,34,981,12362,1078,12769,41926,4415,1595,2407,1398,4042.6,2322,213,2943,9,528,0,911,0,0,0,0,0,495,508,388,627,945,477,991329,772542,103889,122506,394462,199211,190144,345541,31008,403233,750449,756072,1255693,0.4167945,1.1015949,13,16,14,1082298,18,4,58,4,6,1475,12,30,28,82
000-000-162,2,1,42,2,56,338,2.167,2.037,2.814,2.59,2.14,2.306,2.176,2.829,2.85,2.73,2.331,2.62,2.617,2.824,2.946,2.845,2.314,2.157,2.522,2.178,2.971,2.969,2.583,2.359,2.018,2.768,2.348,2.172,2.653,2.28,2.914,2.572,2.207,2.364,2.854,2.575,2.567,2.752,2.386,2.426,2.05,2.581,2.302,2.279,2.629,2.456,2.117,2.096,2.907,2.374,2.755,2.051,2.947,2.973,2.742,2.761,2.592,2.393,2,2.326,2.997,2.783,2.487,2.162,2.687,2.82,2.718,2.636,2.914,1124698,972978,2.008,988143,972331,2.411,2.172,2.155,2.544,2.463,2.745,2.438,2.418,2.9,2.812,2.851,2.209,2.114,2.198,2.89,2.767,2.671,2.693,2.416,2.28,2.302,2.105,2.201,2.212,2.723,2.326,2.259,2.288,2.769,2.762,2.27,2.37,2.52,2.259,2.048,2.375,2.832,2.665,2.943,2.359,2.069,2.779,2.84,2.827,2.237,2.614,2.907,2.556,2.716,2.059,2.907,2.738,2.8,2.536,2.203,2.848,2.917,2.42,2.701,2.132,2.551,2.797,2.801,2.569,2.45,2.898,2.956,2.226,2.111,2.123,2.342,2.111,2.238,2.328,2.912,971048,960744,000-000-162,2.609,2.78,2.533,2.596,2.438,2.01,2.571,2.429,2.033,2.192,2.322,2.158,2.604,2.715,2.484,2.505,2.498,2.629,2.475,2.35,2.971,2.075,2.03,2.172,2.383,2.991,2.575,2.976,2.415,2.051,2.337,2.096,2.431,2.912,2.79,2.326,2.574,2.01,2.703,2.658,2.496,2.801,2.033,2.152,2.449,2.56,2.219,2.765,2.159,2.712,2.967,2.974,2.593,2.573,2.349,2.72,2.924,2.946,2.905,2.641,2.287,2.383,2.337,2.509,2.816,2.758,2.767,2.726,2.08,2.791,2.052,2.332,2.153,2.268,2.716,914171,1151491,000-000-162,13419,401,10956,45349,5263,1253,2199,1530,1532,1650,12527,3529,1654,1296,153,2654,50,748,13013,673,13005,47157,5503,1746,3629,1435,4125.5,2836,201,2806,17,853,0,1388,0,0,0,0,0,766,783,332,455,638,633,931821,738320,153826,129462,307144,188836,152254,347039,30654,487753,828207,713580,1459739,0.9400349,1.0882797,16,11,16,1191028,30,4,69,4,14,1475,9,38,45,66
000-000-013,1,0,,0,23,383,2.611,2.179,2.264,2.291,2.323,2.808,2.658,2.438,2.233,2.576,2.695,2.328,2.02,2.319,2.957,2.849,2.97,2.624,2.762,2.427,2.645,2.513,2.671,2.832,2.775,2.572,2.668,2.394,2.435,2.066,2.573,2.787,2.23,2.406,2.99,2.661,2.398,2.251,2.48,2.442,2.558,2.706,2.596,2.032,2.87,2.998,2.982,2.294,2.795,2.822,2.696,2.872,2.656,2.159,2.034,2.255,2.319,2.6,2.789,2.112,2.959,2.675,2.411,2.888,2.905,2.649,2.284,2.742,2.102,1171128,1037122,2.284,1054272,1018242,2.583,2.785,2.101,2.263,2.317,2.316,2.966,2.749,2.952,2.971,2.404,2.744,2.769,2.239,2.154,2.225,2.177,2.846,2.923,2.071,2.219,2.795,2.591,2.288,2.317,2.988,2.836,2.6,2.161,2.403,2.341,2.995,2.274,2.893,2.293,2.148,2.976,2.579,2.623,2.613,2.46,2.407,2.62,2.1,2.682,2.233,2.123,2.967,2.333,2.318,2.5,2.008,2.947,2.528,2.034,2.475,2.382,2.04,2.39,2.215,2.202,2.083,2.609,2.404,2.691,2.341,2.198,2.063,2.722,2.775,2.893,2.787,2.269,2.047,2.281,971575,1118476,000-000-013,2.001,2.578,2.065,2.936,2.68,2.695,2.129,2.042,2.494,2.558,2.402,2.227,2.764,2.036,2.635,2.916,2.382,2.75,2.62,2.588,2.085,2.587,2.088,2.54,2.894,2.242,2.929,2.526,2.918,2.79,2.994,2.215,2.922,2.292,2.844,2.122,2.602,2.692,2.855,2.679,2.497,2.953,2.635,2.026,2.905,2.503,2.465,2.032,2.633,2.187,2.947,2.858,2.832,2.409,2.825,2.654,2.742,2.17,2.532,2.317,2.276,2.204,2.664,2.794,2.924,2.867,2.089,2.24,2.537,2.539,2.185,2.707,2.225,2.677,2.374,972370,1092711,000-000-013,10183,531,14283,42603,5950,1505,3197,1558,1675,1086,11744,3160,1458,1348,367,2674,18,907,10139,486,11015,45425,5307,1552,2235,1868,3683,2833,362,3912,5,711,0,1979,0,0,0,0,0,974,909,951,844,404,336,807975,727440,152742,171707,365995,156312,199212,331435,36265,416727,896804,873454,1474212,0.9649778,1.2907142,18,13,14,1136823,17,3,21,5,15,1266,8,3,30,84
000-000-096,0,0,,0,45,344,2.401,2.802,2.587,2.923,2.363,2.072,2.11,2.519,2.214,2.752,2.78,2.798,2.824,2.668,2.914,2.207,2.652,2.959,2.902,2.769,2.407,2.537,2.897,2.486,2.725,2.235,2.988,2.686,2.461,2.562,2.979,2.106,2.691,2.823,2.695,2.353,2.513,2.925,2.921,2.371,2.052,2.736,2.717,2.619,2.335,2.877,2.406,2.845,2.819,2.397,2.869,2.59,2.008,2.221,2.033,2.661,2.723,2.712,2.35,2.546,2.296,2.323,2.847,2.241,2.994,2.766,2.212,2.24,2.882,1130796,1112323,2.799,1139652,986193,2.961,2.006,2.656,2.794,2.95,2.034,2.963,2.912,2.882,2.223,2.877,2.774,2.581,2.455,2.091,2.589,2.069,2.352,2.867,2.525,2.514,2.561,2.924,2.276,2.631,2.903,2.513,2.261,2.825,2.657,2.721,2.06,2.648,2.955,2.244,2.245,2.927,2.511,2.125,2.177,2.366,2.578,2.901,2.468,2.022,2.972,2.856,2.472,2.828,2.284,2.32,2.926,2.635,2.711,2.564,2.496,2.651,2.705,2.929,2.747,2.865,2.844,2.114,2.209,2.58,2.881,2.237,2.436,2.733,2.851,2.691,2.937,2.598,2.73,2.694,974227,1039416,000-000-096,2.672,2.127,2.691,2.971,2.472,2.462,2.552,2.425,2.287,2.221,2.061,2.278,2.859,2.149,2.298,2.172,2.189,2.264,2.648,2.517,2.387,2.866,2.278,2.989,2.758,2.874,2.517,2.849,2.117,2.743,2.254,2.753,2.721,2.826,2.062,2.774,2.693,2.666,2.244,2.12,2.483,2.334,2.403,2.198,2.032,2.266,2.269,2.9,2.031,2.092,2.665,2.491,2.694,2.164,2.434,2.623,2.562,2.187,2.31,2.11,2.032,2.569,2.098,2.237,2.339,2.235,2.504,2.811,2.366,2.41,2.67,2.205,2.291,2.46,2.94,978020,973139,000-000-096,12513,763,14407,43300,5240,1452,3830,1350,1197,1698,15042,3126,1834,1007,344,2188,34,832,11685,584,11415,44119,5399,1406,2754,1264,3940.6,2488,212,3538,8,698,0,1237,0,0,0,0,0,608,268,420,349,522,655,964163,737312,121704,152286,383288,160241,183870,332608,33062,488432,780090,757833,1355634,0.5108072,1.3709718,13,10,17,1088761,17,5,49,5,12,1278,7,24,32,90
000-000-205,1,1,42,2,41,380,2.172,2.95,2.97,2.149,2.966,2.295,2.162,2.941,2.879,2.765,2.109,2.463,2.333,2.746,2.17,2.461,2.163,2.508,2.844,2.396,2.116,2.034,2.39,2.902,2.682,2.193,2.878,2.794,2.331,2.355,3,2.117,2.152,2.18,2.983,2.477,2.348,2.789,2.652,2.536,2.236,2.928,2.834,2.178,2.97,2.763,2.872,2.723,2.548,2.774,2.947,2.866,2.323,2.662,2.422,2.195,2.848,2.192,2.668,2.864,2.783,2.603,2.907,2.546,2.981,2.807,2.754,2.836,2.977,1138047,1070596,2.175,1136355,946375,2.928,2.723,2.393,2.461,2.529,2.277,2.467,2.697,2.465,2.37,2.514,2.527,2.518,2.677,2.7,2.549,2.69,2.128,2.731,2.49,2.201,2.073,2.144,2.218,2.235,2.247,2.222,2.648,2.94,2.219,2.331,2.978,2.814,2.024,2.768,2.695,2.542,2.866,2.955,2.629,2.287,2.897,2.695,2.513,2.67,2.13,2.847,2.585,2.431,2.321,2.929,2.942,2.478,2.003,2.277,2.665,2.229,2.176,2.154,2.907,2.631,2.546,2.822,2.239,2.78,2.297,2.415,2.053,2.858,2.198,2.982,2.758,2.716,2.881,2.345,975559,1191521,000-000-205,2.074,2.077,2.998,2.905,2.732,2.371,2.617,2.62,2.455,2.762,2.405,2.117,2.986,2.306,2.235,2.758,2.815,2.675,2.775,2.461,2.547,2.363,2.645,2.854,2.361,2.382,2.371,2.778,2.895,2.309,2.316,2.708,2.507,2.557,2.649,2.322,2.32,2.265,2.083,2.187,2.175,2.402,2.122,2.056,2.419,2.114,2.568,2.576,2.354,2.987,2.162,2.48,2.921,2.557,2.794,2.786,2.083,2.054,2.116,2.26,2.481,2.241,2.131,2.872,2.212,2.033,2.282,2.753,2.891,2.133,2.216,2.299,2.918,2.239,2.881,908126,1083033,000-000-205,13278,956,14512,47757,4802,1099,2196,1246,1523,1516,13896,3271,1744,1740,403,2804,44,542,10966,774,10799,49867,4628,1041,3921,1460,4460.3,2249,261,3079,11,712,0,1960,0,0,0,0,0,585,668,680,837,361,473,785890,958173,105520,102574,314794,164206,176276,355129,36331,493055,850922,818591,1289454,0.2270452,1.3296612,15,11,9,1115407,16,5,28,4,11,1441,9,22,37,83
000-000-050,2,0,42,2,39,317,2.748,2.268,2.068,2.309,2.993,2.082,2.447,2.691,2.988,2.041,2.102,2.521,2.934,2.363,2.211,2.24,2.415,2.806,2.874,2.74,2.382,2.467,2.908,2.399,2.35,2.61,2.623,2.207,2.219,2.886,2.871,2.477,2.475,2.919,2.729,2.213,2.998,2.621,2.198,2.585,2.888,2.06,2.903,2.606,2.672,2.621,2.724,2.042,2.327,2.986,2.599,2.391,2.66,2.225,2.319,2.747,2.662,2.227,2.552,2.451,2.035,2.354,2.842,2.636,2.255,2.975,2.28,2.867,2.937,944469,966919,2.866,1098860,929457,2.361,2.409,2.361,2.018,2.205,2.978,2.716,2.278,2.411,2.198,2.84,2.721,2.342,2.906,2.741,2.941,2.133,2.807,2.786,2.262,2.145,2.302,2.999,2.259,2.362,2.305,2.519,2.606,2.135,2.193,2.655,2.833,2.373,2.31,2.769,2.178,2.439,2.695,2.175,2.747,2.061,2.599,2.343,2.167,2.331,2.062,2.62,2.679,2.274,2.508,2.853,2.06,2.258,2.086,2.701,2.625,2.722,2.898,2.497,2.828,2.297,2.131,2.848,2.316,2.427,2.623,2.866,2.843,2.482,2.737,2.955,2.419,2.342,2.517,2.935,976081,1122456,000-000-050,2.616,2.039,2.51,2.137,2.425,2.839,2.38,2.464,2.626,2.587,2.946,2.62,2.208,2.306,2.757,2.431,2.109,2.304,2.859,2.623,2.474,2.306,2.896,2.542,2.404,2.769,2.658,2.053,2.036,2.163,2.996,2.736,2.1,2.104,2.475,2.098,2.125,2.094,2.84,2.464,2.248,2.89,2.516,2.382,2.882,2.655,2.866,2.556,2.531,2.183,2.623,2.133,2.414,2.621,2.792,2.735,2.158,2.75,2.596,2.151,2.047,2.606,2.967,2.997,2.546,2.637,2.67,2.875,2.112,2.609,2.155,2.055,2.555,2.591,2.404,1145620,1084041,000-000-050,11427,503,10265,41763,5057,1457,3123,1775,1130,1466,10423,3892,1476,1316,146,2786,24,785,13770,858,14515,41922,4545,1376,2788,1586,3917.5,2552,218,2059,7,853,0,1469,0,0,0,0,0,700,797,522,744,302,735,737757,957423,100471,182475,353703,120899,130621,378116,30414,470813,861406,794657,1385695,0.5013563,1.9903032,13,15,16,1096255,9,4,64,3,16,1189,9,24,33,74
000-000-041,1,0,42,2,40,344,2.198,2.453,2.891,2.391,2.175,2.008,2.413,2.144,2.533,2.369,2.641,2.044,2.188,2.434,2.445,2.225,2.564,2.534,2.548,2.398,2.92,2.442,2.761,2.636,2.405,2.377,2.985,2.089,2.345,2.335,2.245,2.199,2.52,2.388,2.216,2.436,2.447,2.592,2.923,2.373,2.708,2.407,2.873,2.093,2.213,2.8,2.449,2.31,2.001,2.939,2.044,2.545,2.046,2.155,2.034,2.571,2.956,2.702,2.887,2.948,2.172,2.48,2.008,2.142,2.685,2.724,2.621,2.723,2.18,1184962,1158123,2.357,919838,1015218,2.129,2.503,2.2,2.819,2.226,2.546,2.174,2.907,2.654,2.919,2.894,2.931,2.41,2.518,2.754,2.633,2.791,2.59,2.761,2.235,2.082,2.053,2.299,2.094,2.581,2.444,2.314,2.266,2.632,2.72,2.064,2.008,2.586,2.523,2.332,2.378,2.78,2.603,2.839,2.863,2.501,2.724,2.927,2.674,2.032,2.365,2.486,2.229,2.472,2.043,2.868,2.731,2.636,2.783,2.885,2.946,2.044,2.56,2.759,2.053,2.01,2.177,2.802,2.685,2.558,2.379,2.768,2.511,2.183,2.011,2.137,2.532,2.997,2.325,2.871,977093,1076604,000-000-041,2.402,2.827,2.126,2.897,2.634,2.768,2.537,2.522,2.599,2.868,2.399,2.672,2.879,2.735,2.498,2.615,2.17,2.798,2.997,2.616,2.523,2.123,2.943,2.199,2.372,2.022,2.346,2.574,2.72,2.863,2.054,2.405,2.541,2.389,2.609,2.796,2.915,2.973,2.168,2.02,2.27,2.148,2.348,2.777,2.318,2.481,2.228,2.401,2.905,2.711,2.81,2.59,2.356,2.175,2.699,2.3,2.158,2.885,2.137,2.025,2.442,2.684,2.13,2.127,2.024,2.85,2.175,2.354,2.138,2.794,2.44,2.561,2.011,2.32,2.847,1186445,1045489,000-000-041,11198,524,13943,44478,5305,1669,3085,1952,1024,1030,17229,3917,1068,1822,317,2443,35,987,13332,734,14967,47114,5643,1819,3312,1010,3976.7,2283,326,3264,16,768,0,1825,0,0,0,0,0,955,755,381,728,354,378,815788,922098,100896,110317,387487,122875,150127,372862,36867,494665,717669,884568,1213960,0.1747495,1.3802548,8,22,10,1148718,23,3,37,3,20,1371,8,23,50,52
000-000-156,0,1,42,2,28,322,2.344,2.6,2.398,2.252,2.058,2.81,2.905,2.216,2.903,2.256,2.724,2.085,2.104,2.681,2.947,2.073,2.121,2.452,2.1,2.219,2.77,2.525,2.229,2.265,2.881,2.803,2.434,2.476,2.037,2.784,2.323,2.362,2.491,2.104,2.102,2.258,2.212,2.732,2.736,2.04,2.355,2.848,2.918,2.218,2.72,2.373,2.258,2.803,2.642,2.441,2.179,2.905,2.149,2.651,2.565,2.623,2.809,2.357,2.125,2.694,2.007,2.367,2.075,2.655,2.684,2.74,2.999,2.274,2.467,1116077,1059391,2.665,1009013,1018507,2.958,2.081,2.847,2.836,2.011,2.075,2.844,2.792,2.491,2.276,2.859,2.597,2.339,2.985,2.671,2.265,2.912,2.996,2.507,2.168,2.842,2.72,2.358,2.083,2.396,2.929,2.739,2.041,2.689,2.986,2.437,2.478,2.487,2.723,2.645,2.64,2.195,2.304,2.95,2.653,3,2.755,2.787,2.71,2.765,2.634,2.043,2.566,2.826,2.697,2.239,2.413,2.594,2.4,2.96,2.024,2.207,2.73,2.054,2.218,2.891,2.125,2.744,2.319,2.452,2.892,2.067,2.644,2.795,2.612,2.612,2.388,2.452,2.103,2.891,977206,1119638,000-000-156,2.89,2.76,2.05,2.194,2.756,2.729,2.851,2.261,2.446,2.668,2.571,2.539,2.597,2.048,2.858,2.485,2.036,2.74,2.85,2.973,2.947,2.19,2.084,2.357,2.133,2.253,2.561,2.473,2.876,2.4,2.76,2.402,2.675,2.136,2.693,2.141,2.933,2.229,2.369,2.435,2.93,2.929,2.15,2.697,2.144,2.011,2.842,2.164,2.144,2.625,2.028,2.942,2.993,2.064,2.346,2.412,2.058,2.472,2.321,2.413,2.53,2.925,2.431,2.38,2.045,2.991,2.044,2.214,2.441,2.404,2.098,2.948,2.519,2.891,2.762,1153010,1189633,000-000-156,12890,346,10669,48536,5859,1432,2220,1129,1792,1406,13197,3343,1871,1761,491,2481,32,979,11962,1047,13210,48021,4623,1863,2597,1484,3515.6,2732,377,2442,11,975,0,901,0,0,0,0,0,946,291,924,618,986,571,772274,791440,144321,118662,386048,117809,116449,366258,37181,489225,808282,734195,1410438,0.6194235,1.8653221,18,22,11,1042379,14,4,31,5,18,1222,8,2,21,54
000-000-218,2,1,42,2,29,357,2.377,2.891,2.683,2.709,2.071,2.078,2.136,2.455,2.318,2.846,2.076,2.512,2.603,2.788,2.303,2.57,2.778,2.275,2.392,2.479,2.845,2.848,2.743,2.162,2.845,2.224,2.912,2.089,2.513,2.079,2.121,2.109,2.95,2.049,2.022,2.387,2.444,2.295,2.054,2.679,2.729,2.399,2.316,2.99,2.824,2.239,2.407,2.563,2.703,2.879,2.313,2.213,2.153,2.827,2.807,2.725,2.743,2.716,2.584,2.48,2.689,2.145,2.378,2.864,2.237,2.392,2.876,2.941,2.72,1118506,1091593,2.533,1199084,1157353,2.241,2.55,2.452,2.075,2.703,2.376,2.659,2.361,2.218,2.574,2.762,2.195,2.743,2.268,2.578,2.403,2.105,2.124,2.749,2.827,2.317,2.145,2.491,2.317,2.46,2.056,2.249,2.093,2.696,2.943,2.086,2.243,2.938,2.73,2.346,2.594,2.854,2.855,2.068,2.203,2.047,2.251,2.286,2.209,2.584,2.03,2.142,2.557,2.255,2.456,2.086,2.624,2.338,2.196,2.442,2.298,2.56,2.454,2.554,2.606,2.859,2.514,2.14,2.11,2.659,2.857,2.868,2.003,2.978,2.413,2.549,2.985,2.672,2.69,2.845,978019,1192484,000-000-218,2.663,2.092,2.387,2.045,2.849,2.029,2.962,2.787,2.791,2.763,2.452,2.368,2.501,2.58,2.02,2.909,2.191,2.127,2.547,2.792,2.845,2.463,2.352,2.777,2.252,2.702,2.39,2.02,2.551,2.098,2.52,2.328,2.08,2.565,2.381,2.935,2.408,2.877,2.682,2.609,2.413,2.259,2.98,2.435,2.909,2.25,2.877,2.282,2.11,2.135,2.844,2.211,2.634,2.591,2.243,2.645,2.938,2.84,2.753,2.636,2.037,2.287,2.142,2.043,2.03,2.752,2.458,2.671,2.923,2.295,2.779,2.069,2.761,2.937,2.287,1061647,1146178,000-000-218,13944,973,11243,41418,5201,1519,3953,1769,1321,1797,11314,3115,1548,1526,344,2937,34,949,14375,680,10067,41064,4762,1541,3838,1650,3691.6,2771,275,3900,15,502,0,988,0,0,0,0,0,396,531,748,500,695,517,719670,772726,191504,157686,377111,173299,168520,370441,36560,444768,779486,770192,1365235,0.1263422,1.2262515,20,19,12,1134743,20,4,46,3,9,1125,9,16,43,57
000-000-002,2,0,42,2,64,394,2.172,2.326,2.945,2.233,2.808,2.956,2.19,2.101,2.646,2.632,2.175,2.316,2.684,2.981,2.183,2.246,2.215,2.495,2.988,2.198,2.68,2.08,2.433,2.03,2.298,2.732,2.137,2.848,2.991,2.274,2.475,2.126,2.477,2.696,2.775,2.91,2.748,2.732,2.567,2.113,2.034,2.402,2.594,2.35,2.962,2.755,2.752,2.138,2.006,2.665,2.808,2.871,2.218,2.476,2.79,2.008,2.171,2.308,2.787,2.302,2.278,2.461,2.082,2.295,2.606,2.329,2.919,2.321,2.932,915745,1112757,2.788,1044056,940419,2.693,2.921,2.75,2.671,2.77,2.631,2.127,2.951,2.696,2.247,2.123,2.7,2.203,2.25,2.479,2.495,2.875,2.242,2.347,2.116,2.476,2.347,2.864,2.933,2.095,2.667,2.604,2.151,2.754,2.502,2.604,2.165,2.067,2.449,2.887,2.993,2.877,2.249,2.071,2.261,2.374,2.4,2.618,2.925,2.795,2.804,2.526,2.944,2.41,2.777,2.215,2.759,2.943,2.343,2.34,2.667,2.74,2.287,2.658,2.306,2.925,2.063,2.999,2.047,2.299,2.735,2.075,2.797,2.358,2.978,2.617,2.818,2.063,2.911,2.898,979815,1027642,000-000-002,2.424,2.073,2.839,2.846,2.267,2.505,2.37,2.512,2.026,2.734,2.895,2.182,2.941,2.286,2.391,2.804,2.271,2.563,2.494,2.924,2.762,2.404,2.221,2.903,2.775,2.904,2.046,2.467,2.991,2.427,2.787,2.252,2.682,2.387,2.647,2.728,2.916,2.167,2.33,2.865,2.923,2.41,2.566,2.684,2.784,2.504,2.806,2.648,2.876,2.912,2.918,2.803,2.055,2.56,2.022,2.115,2.953,2.175,2.078,2.383,2.004,2.656,2.293,2.347,2.274,2.842,2.723,2.591,2.03,2.196,2.219,2.469,2.44,2.966,2.069,908644,1056321,000-000-002,12566,567,11632,46000,5122,1100,2642,1972,1408,1534,10832,3027,1802,1406,214,2401,35,857,13219,409,14316,44888,4938,1607,3285,1665,4481.3,2159,334,2738,3,666,0,1662,0,0,0,0,0,866,999,917,689,446,469,864522,939463,189176,153691,345790,198917,100584,304072,32790,441920,701988,707326,1483449,0.5527384,1.6742836,10,16,11,1122366,10,5,39,4,20,1238,11,40,24,50
000-000-004,0,0,42,2,29,365,2.551,2.989,2.624,2.244,2.499,2.105,2.268,2.248,2.392,2.138,2.789,2.19,2.796,2.476,2.945,2.433,2.366,2.494,2.343,2.051,2.743,2.768,2.382,2.031,2.064,2.577,2.76,2.666,2.545,2.908,2.924,2.653,2.275,2.898,2.693,2.792,2.739,2.918,2.457,2.331,2.266,2.201,2.385,2.08,2.222,2.956,2.832,2.845,2.643,2.069,2.181,2.982,2.699,2.509,2.813,2.361,2.225,2.017,2.749,2.809,2.116,2.964,2.832,2.307,2.529,2.575,2.086,2.905,2.46,981839,1151629,2.23,1039954,1117007,2.695,2.066,2.138,2.307,2.488,2.354,2.647,2.321,2.731,2.963,2.073,2.34,2.117,2.71,2.15,2.05,2.189,2.42,2.237,2.169,2.626,2.376,2.151,2.333,2.047,2.592,2.079,2.48,2.669,2.356,2.484,2.551,2.601,2.894,2.801,2.474,2.762,2.573,2.608,2.096,2.968,2.042,2.129,2.403,2.413,2.004,2.692,2.861,2.215,2.63,2.864,2.503,2.795,2.968,2.635,2.517,2.022,2.735,2.918,2.21,2.2,2.516,2.522,2.638,2.641,2.936,2.996,2.212,2.277,2.985,2.691,2.597,2.046,2.117,2.41,981532,1090586,000-000-004,2.772,2.134,2.467,2.394,2.892,2.239,2.471,2.298,2.786,2.574,2.5,2.079,2.625,2.668,2.836,2.731,2.554,2.521,2.607,2.98,2.37,2.727,2.978,2.297,2.496,2.367,2.958,2.688,2.14,2.403,2.13,2.622,2.546,2.402,2.046,2.039,2.11,2.926,2.946,2.716,2.663,2.603,2.133,2.26,2.803,2.391,2.078,2.159,2.063,2.754,2.422,2.621,2.206,2.644,2.565,2.191,2.174,2.002,2.014,2.848,2.267,2.725,2.083,2.52,2.938,2.576,2.103,2.054,2.751,2.135,2.999,2.175,2.442,2.35,2.575,1180820,1070807,000-000-004,10486,739,12839,48302,4371,1746,3536,1537,1730,1654,13111,3675,1567,1770,396,2119,12,672,13218,689,10702,48646,5306,1350,2042,1898,3677.8,3000,271,2942,13,985,0,1404,0,0,0,0,0,789,912,234,231,377,593,805541,810107,172195,187956,370557,157235,162079,321189,31854,424310,819601,741215,1366444,0.0463532,1.4170526,13,19,8,1003307,35,3,38,5,18,1145,9,9,47,92
000-000-137,1,1,42,2,42,399,2.036,2.518,2.271,2.674,2.731,2.43,2.145,2.681,2.972,2.664,2.306,2.466,2.131,2.774,2.298,2.101,2.966,2.869,2.331,2.472,2.794,2.885,2.606,2.611,2.37,2.033,2.416,2.335,2.719,2.524,2.807,2.493,2.496,2.129,2.519,2.686,2.093,2.915,2.008,2.847,2.924,2.674,2.121,2.514,2.01,2.737,2.555,2.58,2.321,2.548,2.508,2.854,2.8,2.696,2.865,2.533,2.281,2.098,2.6,2.76,2.339,2.183,2.977,2.489,2.69,2.259,2.477,2.358,2.639,1006914,1050972,2.896,1109565,1123474,2.848,2.539,2.827,2.828,2.575,2.581,2.266,2.524,2.699,2.769,2.164,2.979,2.227,2.411,2.544,2.288,2.287,2.055,2.038,2.713,2.984,2.936,2.258,2.485,2.547,2.151,2.562,2.735,2.438,2.579,2.688,2.705,2.392,2.884,2.881,2.595,2.251,2.911,2.322,2.662,2.66,2.704,2.965,2.989,2.212,2.548,2.021,2.64,2.149,2.565,2.541,2.026,2.671,2.004,2.512,2.044,2.393,2.494,2.34,2.473,2.442,2.474,2.265,2.211,2.654,2.564,2.756,2.644,2.732,2.023,2.328,2.917,2.964,2.797,2.721,981791,984369,000-000-137,2.789,2.573,2.079,2.187,2.984,2.141,2.36,2.777,2.766,2.264,2.012,2.261,2.614,2.77,2.3,2.259,2.995,2.612,2.643,2.643,2.233,2.829,2.834,2.26,2.06,2.62,2.015,2.983,2.434,2.766,2.329,2.857,2.484,2.437,2.571,2.355,2.936,2.632,2.257,2.628,2.456,2.237,2.703,2.45,2.758,2.647,2.534,2.275,2.666,3,2.831,2.157,2.512,2.132,2.221,2.005,2.475,2.425,2.749,2.154,2.878,2.86,2.118,2.73,2.456,2.95,2.602,2.012,2.339,2.753,2.32,2.862,2.498,2.566,2.693,945778,995853,000-000-137,11750,505,10456,42374,4755,1674,2926,1258,1115,1539,14362,3731,1236,1377,443,2664,13,708,10176,442,11192,44405,5338,1877,3715,1862,3979.7,2596,202,3144,10,594,0,550,0,0,0,0,0,890,566,716,806,414,354,984047,776417,187828,116395,394838,173430,162292,392253,36208,483554,831934,753963,1365781,0.1912116,1.2735357,21,13,11,1050422,10,3,21,3,19,1255,7,47,39,92
000-000-140,0,1,,0,28,341,2.662,2.588,2.164,2.643,2.01,2.667,2.384,2.624,2.679,2.92,2.184,2.003,2.199,2.996,2.11,2.896,2.519,2.317,2.487,2.135,2.209,2.617,2.75,2.52,2.599,2.53,2.018,2.903,2.699,2.145,2.846,2.968,2.614,2.216,2.17,2.057,2.678,2.29,2.582,2.545,2.983,2.302,2.104,2.122,2.967,2.965,2.73,2.937,2.855,2.791,2.475,2.895,2.311,2.182,2.756,2.562,2.589,2.638,2.421,2.336,2.025,2.456,2.003,2.511,2.554,2.051,2.887,2.547,2.732,1105423,1040566,2.927,1166548,925811,2.721,2.354,2.625,2.136,2.997,2.377,2.444,2.736,2.683,2.048,2.53,2.655,2.046,2.302,2.206,2.775,2.307,2.94,2.906,2.567,2.162,2.324,2.13,2.984,2.677,2.867,2.257,2.583,2.16,2.654,2.883,2.082,2.052,2.505,2.004,2.037,2.549,2.539,2.098,2.944,2.165,2.523,2.984,2.298,2.69,2.346,2.98,2.977,2.79,2.288,2.867,2.985,2.01,2.462,2.888,2.14,2.252,2.189,2.918,2.756,2.113,2.347,2.993,2.662,2.034,2.725,2.403,2.77,2.763,2.034,2.911,2.305,2.816,2.159,2.218,985336,942529,000-000-140,2.869,2.452,2.859,2.83,2.117,2.327,2.452,2.939,2.888,2.791,2.798,2.576,2.528,2.326,2.449,2.081,2.435,2.495,2.167,2.145,2.442,2.954,2.477,2.978,2.718,2.765,2.203,2.955,2.354,2.213,2.901,2.732,2.544,2.073,2.291,2.698,2.316,2.566,2.333,2.964,2.056,2.258,2.918,2.975,2.873,2.631,2.105,2.935,2.516,2.021,2.734,2.854,2.025,2.746,2.385,2.611,2.032,2.407,2.713,2.605,2.505,2.789,2.297,2.06,2.983,2.47,2.718,2.608,2.92,2.88,2.388,2.725,2.816,2.005,2.085,1036009,981501,000-000-140,13580,741,10765,41559,5200,1328,2565,1712,1509,1760,12686,3796,1556,1811,160,2669,33,686,12456,706,12818,45446,5362,1846,3715,1136,3992.9,2999,360,3304,19,790,0,774,0,0,0,0,0,764,643,329,554,354,244,700411,709575,188849,154611,350405,141178,106055,320867,31751,468564,825599,768167,1313449,0.7406659,1.2185667,19,12,9,1165181,43,3,37,5,16,1219,7,45,35,73
000-000-171,3,1,42,2,27,399,2.831,2.766,2.118,2.999,2.942,2.575,2.171,2.216,2.873,2.011,2.817,2.126,2.865,2.682,2.06,2.059,2.741,2.066,2.975,2.406,2.147,2.743,2.445,2.664,2.43,2.592,2.935,2.238,2.017,2.549,2.853,2.632,2.693,2.615,2.206,2.791,2.352,2.508,2.822,2.506,2.612,2.695,2.417,2.533,2.133,2.68,2.875,2.962,2.868,2.385,2.768,2.38,2.458,2.879,2.203,2.129,2.955,2.317,2.112,2.853,2.291,2.645,2.634,2.105,2.254,2.146,2.104,2.345,2.988,988773,1064095,2.952,997436,1017242,2.41,2.66,2.362,2.399,2.237,2.447,2.818,2.501,2.096,2.399,2.882,2.666,2.296,2.715,2.043,2.081,2.131,2.903,2.769,2.233,2.997,2.841,2.434,2.164,2.376,2.223,2.625,2.539,2.665,2.474,2.039,2.115,2.116,2.635,2.576,2.013,2.216,2.042,2.364,2.208,2.337,2.515,2.11,2.413,2.075,2.023,2.815,2.496,2.1,2.389,2.62,2.267,2.814,2.097,2.575,2.861,2.482,2.049,2.23,2.665,2.383,2.753,2.883,2.663,2.637,2.645,2.75,2.89,2.582,2.715,2.7,2.806,2.123,2.732,2.151,987529,1121536,000-000-171,2.603,2.195,2.846,2.858,2.619,2.491,2.822,2.395,2.585,2.384,2.715,2.133,2.316,2.301,2.705,2.25,2.43,2.719,2.306,2.277,2.899,2.589,2.558,2.846,2.758,2.532,2.532,2.228,2.521,2.112,2.258,2.696,2.874,2.29,2.812,2.02,2.319,2.152,2.002,2.799,2.041,2.327,2.904,2.438,2.971,2.101,2.38,2.743,2.421,2.452,2.098,2.95,2.064,2.766,2.171,2.185,2.037,2.288,2.01,2.309,2.402,2.384,2.5,2.813,2.934,2.357,2.806,2.698,2.644,2.648,2.725,2.24,2.314,2.887,2.265,934559,1028014,000-000-171,13651,425,12264,44493,5072,1506,3222,1151,1711,1529,12262,3114,1776,1647,102,2546,14,683,12217,859,13362,40772,5531,1331,3511,1093,3763.8,2197,387,2069,11,708,0,1071,0,0,0,0,0,857,675,842,814,535,696,869120,864774,100424,132672,364990,178551,174994,351187,31648,419809,742862,716289,1467214,0.5761977,1.3112619,17,12,20,1178504,31,3,55,3,20,1359,7,33,36,97
000-000-029,1,0,42,2,55,378,2.064,2.565,2.586,2.9,2.903,2.368,2.782,2.418,2.314,2.52,2.879,2.38,2.033,2.487,2.209,2.038,2.176,2.812,2.671,2.482,2.956,2.608,2.7,2.861,2.745,2.012,2.392,2.012,2.811,2.186,2.138,2.139,2.091,2.478,2.756,2.147,2.533,2.879,2.798,2.963,2.148,2.893,2.435,2.515,2.794,2.622,2.853,2.257,2.435,2.385,2.273,2.061,2.247,2.692,2.639,2.875,2.681,2.262,2.897,2.699,2.438,2.674,2.636,2.008,2.346,2.292,2.369,2.324,2.386,988009,1017390,2.047,1029217,980266,2.463,2.797,2.098,2.311,2.12,2.742,2.971,2.187,2.502,2.825,2.285,2.446,2.121,2.876,2.348,2.18,2.363,2.131,2.864,2.757,2.486,2.213,2.444,2.135,2.378,2.336,2.274,2.964,2.032,2.33,2.136,2.84,2.959,2.443,2.415,2.349,2.784,2.445,2.982,2.468,2.17,2.939,2.971,2.207,2.399,2.198,2.085,2.978,2.255,2.717,2.605,2.026,2.711,2.999,2.307,2.342,2.909,2.79,2.514,2.124,2.211,2.286,2.855,2.539,2.034,2.464,2.791,2.188,2.277,2.951,2.993,2.307,2.722,2.158,2.249,989135,1155956,000-000-029,2.848,2.997,2.043,2.934,2.556,2.221,2.459,2.421,2.658,2.379,2.336,2.372,2.649,2.383,2.918,2.243,2.106,2.501,2.998,2.644,2.506,2.924,2.012,2.142,2.862,2.741,2.676,2.99,2.128,2.601,2.118,2.411,2.054,2.55,2.337,2.556,2.391,2.244,2.546,2.343,2.415,2.983,2.165,2.866,2.224,2.068,2.888,2.228,2.403,2.44,2.372,2.483,2.627,2.464,2.095,2.212,2.652,2.519,2.567,2.406,2.778,2.083,2.941,2.263,2.674,2.247,2.343,2.453,2.198,2.056,2.158,2.1,2.146,2.13,2.285,907749,916322,000-000-029,14532,404,13482,46456,5833,1404,2077,1246,1529,1994,17785,3521,1654,1125,371,2180,36,803,14348,434,10761,42342,5058,1260,2020,1116,3000.5,2565,260,2294,6,551,0,1725,0,0,0,0,0,744,819,420,847,758,673,981431,977528,197027,132260,352951,199491,164911,343453,36118,464009,849537,759380,1387133,0.8024048,1.913486,20,9,15,1185632,40,3,62,4,7,1467,10,36,43,88
000-000-155,3,1,,0,33,358,2.106,2.532,2.6,2.44,2.862,2.183,2.055,2.043,2.786,2.809,2.501,2.038,2.978,2.647,2.117,2.495,2.593,2.7,2.483,2.961,2.895,2.432,2.911,2.237,2.81,2.956,2.405,2.011,2.682,2.916,2.11,2.875,2.108,2.992,2.313,2.732,2.816,2.359,2.296,2.055,2.589,2.915,2.979,2.096,2.551,2.787,2.641,2.05,2.996,2.652,2.629,2.354,2.411,2.325,2.789,2.652,2.503,2.694,2.623,2.91,2.904,2.931,2.883,2.388,2.989,2.414,2.27,2.846,2.27,1174303,964354,2.874,923753,970285,2.711,2.022,2.654,2.044,2.368,2.648,2.991,2.414,2.814,2.06,2.932,2.15,2.596,2.28,2.432,2.856,2.74,2.808,2.705,2.327,2.483,2.78,2.009,2.045,2.538,2.432,2.393,2.892,2.138,2.451,2.988,2.901,2.227,2.523,2.765,2.926,2.495,2.12,2.711,2.554,2.397,2.752,2.821,2.571,2.808,2.907,2.801,2.716,2.293,2.36,2.891,2.136,2.391,2.044,2.414,2.543,2.987,2.936,2.69,2.537,2.929,2.97,2.247,2.23,2.142,2.669,2.052,2.868,2.314,2.872,2.809,2.945,2.978,2.22,2.502,990211,1070986,000-000-155,2.423,2.089,2.049,2.374,2.511,2.711,2.62,2.307,2.515,2.672,2.079,2.966,2.402,2.893,2.844,2.091,2.512,2.937,2.657,2.652,2.481,2.497,2.276,2.822,2.237,2.909,2.907,2.394,2.127,2.354,2.78,2.85,2.325,2.567,2.624,2.831,2.385,2.959,2.62,2.752,2.015,2.054,2.616,2.982,2.533,2.097,2.08,2.048,2.658,2.757,2.907,2.612,2.33,2.766,2.566,2.631,2.555,2.495,2.15,2.879,2.759,2.685,2.919,2.697,2.103,2.233,2.703,2.541,2.896,2.359,2.23,2.25,2.55,2.878,2.26,1174536,1140765,000-000-155,14345,599,12293,47119,4618,1681,2238,1954,1812,1713,14740,3352,1951,1572,255,2767,21,850,12196,927,13587,46964,5677,1950,3438,1099,3917.6,2427,274,3728,4,787,0,1916,0,0,0,0,0,990,617,211,319,201,840,952409,728972,160496,194034,318107,131509,169333,343757,34613,416196,815814,813458,1252332,0.4182143,1.5792607,10,9,22,1062727,10,3,48,5,12,1355,12,40,37,49
000-000-131,3,1,42,2,35,321,2.953,2.298,2.447,2.99,2.623,2.663,2.16,2.482,2.868,2.259,2.836,2.742,2.41,2.005,2.615,2.229,2.684,2.852,2.587,2.257,2.199,2.254,2.865,2.427,2.87,2.409,2.08,2.256,2.331,2.527,2.785,2.23,2.373,2.811,2.179,2.119,2.15,2.202,2.472,2.117,2.054,2.675,2.546,2.073,2.566,2.225,2.059,2.336,2.573,2.58,2.107,2.237,2.457,2.63,2.358,2.594,2.498,2.323,2.383,2.434,2.164,2.477,2.562,2.427,2.526,2.182,2.046,2.056,2.159,1097415,1197314,2.53,958880,1026568,2.064,2.171,2.316,2.36,2.167,2.481,2.727,2.996,2.21,2.871,2.247,2.347,2.122,2.126,2.346,2.879,2.427,2.615,2.659,2.955,2.169,2.692,2.322,2.343,2.099,2.786,2.79,2.858,2.606,2.948,2.524,2.157,2.892,2.198,2.159,2.592,2.724,2.574,2.907,2.747,2.441,2.698,2.372,2.447,2.54,2.682,2.677,2.415,2.655,2.605,2.264,2.83,2.792,2.488,2.357,2.008,2.93,2.85,2.426,2.377,2.412,2.123,2.595,2.239,2.246,2.707,2.155,2.516,2.573,2.576,2.868,2.847,2.703,2.811,2.632,990305,1056028,000-000-131,2.994,2.103,2.274,2.953,2.848,2.06,2.38,2.77,2.911,2.09,2.399,2.78,2.832,2.754,2.008,2.611,2.87,2.009,2.199,2.786,2.56,2.826,2.648,2.178,2.675,2.22,2.398,2.695,2.674,2.894,2.664,2.113,2.853,2.539,2.112,2.947,2.538,2.81,2.536,2.105,2.875,2.684,2.549,2.255,2.512,2.296,2.657,2.599,2.86,2.316,2.609,2.293,2.492,2.25,2.263,2.165,2.416,2.538,2.498,2.556,2.116,2.276,2.104,2.047,2.977,2.643,2.051,2.395,2.178,2.946,2.002,2.928,2.829,2.539,2.103,1039623,920074,000-000-131,10241,1076,13993,41713,5466,1066,3713,1483,1398,1760,15906,3271,1373,1897,287,2013,50,916,12704,913,10166,40740,5726,1787,3324,1736,3419.5,2017,250,3440,6,563,0,1058,0,0,0,0,0,218,475,625,927,883,430,740189,961318,160587,131976,340038,118894,122375,383643,35816,413899,744741,710703,1335160,0.7942864,1.6628342,13,21,18,1147523,12,4,33,4,12,1218,7,16,30,85
000-000-151,3,1,,0,23,385,2.291,2.713,2.79,2.031,2.83,2.345,2.813,2.154,2.763,2.62,2.23,2.337,2.015,2.492,2.232,2.132,2.512,2.836,2.325,2.297,2.199,2.279,2.564,2.727,2.169,2.964,2.85,2.502,2.772,2.77,2.562,2.024,2.587,2.592,2.681,2.37,2.523,2.254,2.661,2.104,2.345,2.117,2.553,2.372,2.623,2.988,2.142,2.476,2.446,2.712,2.09,2.987,2.576,2.627,2.933,2.099,2.3,2.73,2.665,2.37,2.58,2.315,2.393,2.208,2.638,2.937,2.164,2.708,2.756,1142745,1130040,2.226,976643,961671,2.479,2.293,2.103,2.333,2.097,2.661,2.252,2.467,2.81,2.462,2.249,2.525,2.863,2.064,2.463,2.509,2.082,2.276,2.882,2.094,2.008,2.476,2.073,2.058,2.94,2.428,2.879,2.144,2.97,2.666,2.729,2.318,2.537,2.456,2.529,2.767,2.826,2.931,2.76,2.238,2.018,2.509,2.66,2.822,2.384,2.67,2.605,2.363,2.114,2.713,2.02,2.814,2.326,2.744,2.664,2.422,2.459,2.404,2.529,2.334,2.547,2.087,2.826,2.351,2.776,2.431,2.856,2.714,2.081,2.897,2.362,2.278,2.083,2.771,2.667,990492,1065961,000-000-151,2.289,2.575,2.944,2.204,2.198,2.886,2.882,2.982,2.724,2.737,2.281,2.322,2.773,2.367,2.915,2.322,2.802,2.758,2.337,2.385,2.336,2.361,2.972,2.957,2.852,2.575,2.877,2.837,2.672,2.413,2.003,2.587,2.764,2.196,2.496,2.834,2.586,2.558,2.484,2.251,2.919,2.07,2.651,2.921,2.191,2.388,2.053,2.226,2.846,2.889,2.469,2.261,2.184,2.927,2.361,2.097,2.75,2.626,2.575,2.479,2.763,2.182,2.362,2.53,2.912,2.945,2.613,3,2.43,2.359,2.394,2.395,2.077,2.261,2.657,976786,964126,000-000-151,14454,426,12729,42763,5369,1582,3763,1149,1781,1232,19126,3805,1086,1535,336,2627,19,552,13461,660,11071,44821,5396,1280,2211,1775,3677.7,2120,263,3979,7,842,0,984,0,0,0,0,0,462,763,443,713,464,217,849965,971214,178939,127258,324799,150326,159790,374758,38423,400118,858772,770187,1450742,0.5239158,1.8808755,8,20,13,1049877,46,3,63,5,14,1238,13,16,22,46
000-000-091,3,0,42,2,60,306,2.104,2.909,2.814,2.817,2.278,2.934,3,2.835,2.6,2.896,2.561,2.569,2.752,2.11,2.22,2.23,2.088,2.82,2.418,2.579,2.302,2.324,2.896,2.346,2.344,2.094,2.431,2.286,2.676,2.325,2.399,2.044,2.064,2.31,2.719,2.073,2.117,2.878,2.898,2.907,2.432,2.987,2.506,2.437,2.058,2.697,2.284,2.253,2.125,2.911,2.919,2.786,2.211,2.417,2.408,2.084,2.017,2.095,2.493,2.742,2.281,2.599,2.109,2.244,2.311,2.1,2.894,2.041,2.677,1075726,1106945,2.875,1110364,1077889,2.311,2.246,2.201,2.248,2.053,2.309,2.767,2.737,2.823,2.69,2.976,2.098,2.32,2.292,2.199,2.933,2.7,2.723,2.899,2.11,2.667,2.141,2.927,2.765,2.894,2.482,2.852,2.219,2.691,2.158,2.735,2.548,2.214,2.985,2.135,2.037,2.483,2.724,2.4,2.304,2.935,2.118,2.146,2.728,2.372,2.238,2.876,2.626,2.804,2.79,2.413,2.215,2.287,2.521,2.594,2.82,2.689,2.739,2.539,2.261,2.573,2.578,2.526,2.481,2.49,2.094,2.464,2.858,2.967,2.032,2.207,2.002,2.48,2.66,2.698,991213,1096724,000-000-091,2.717,2.62,2.651,2.319,2.179,2.881,2.635,2.972,2.424,2.337,2.149,2.827,2.071,2.759,2.789,2.236,2.079,2.192,2.706,2.135,2.228,2.686,2.816,2.667,2.37,2.232,2.136,2.753,2.864,2.77,2.551,2.177,2.425,2.888,2.464,2.232,2.533,2.433,2.501,2.327,2.543,2.993,2.559,2.022,2.399,2.525,2.159,2.22,2.655,2.091,2.249,2.654,2.084,2.849,2.958,2.945,2.78,2.931,2.848,2.418,2.712,2.991,2.537,2.15,2.078,2.872,2.628,2.802,2.018,2.189,2.525,2.99,2.815,2.221,2.297,1046832,1180783,000-000-091,12093,411,12432,49451,4771,1723,3708,1231,1686,1179,18415,3298,1773,1979,391,2822,31,770,11279,446,11877,48933,4753,1112,3987,1663,3259.1,2877,344,3953,20,985,0,818,0,0,0,0,0,763,307,290,668,240,347,713553,768461,138761,179684,381783,130541,162079,329492,39935,415125,794449,801906,1492854,0.7139382,1.8431968,10,10,12,1085455,23,5,24,5,17,1323,9,34,29,79
000-000-183,3,1,42,2,43,340,2.39,2.964,2.197,2.685,2.483,2.428,2.377,2.499,2.24,2.049,2.438,2.836,2.821,2.442,2.409,2.943,2.939,2.944,2.227,2.03,2.499,2.963,2.551,2.002,2.742,2.505,2.378,2.11,2.318,2.896,2.236,2.548,2.265,2.887,2.893,2.4,2.126,2.486,2.564,2.047,2.483,2.208,2.989,2.853,2.072,2.541,2.286,2.057,2.169,2.128,2.914,2.563,2.545,2.496,2.241,2.405,2.354,2.129,2.468,2.06,2.643,2.854,2.638,2.839,2.833,2.297,2.831,2.179,2.742,944278,1172180,2.635,1053489,1166505,2.325,2.115,2.793,2.833,2.796,2.872,2.249,2.387,2.672,2.994,2.597,2.591,2.261,2.79,2.238,2.756,2.97,2.858,2.979,2.231,2.113,2.356,2.514,2.564,2.318,2.033,2.926,2.19,2.262,2.271,2.832,2.328,2.687,2.736,2.189,2.098,2.373,2.004,2.28,2.983,2.493,2.265,2.816,2.322,2.701,2.553,2.845,2.134,2.484,2.031,2.847,2.344,2.621,2.286,2.545,2.35,2.51,2.384,2.754,2.519,2.006,2.963,2.919,2.994,2.484,2.84,2.723,2.563,2.347,2.078,2.551,2.913,2.043,2.02,2.737,991975,946211,000-000-183,2.136,2.703,2.818,2.623,2.585,2.355,2.198,2.541,2.14,2.558,2.386,2.155,2.984,2.071,2.852,2.381,2.919,2.007,2.857,2.928,2.434,2.163,2.255,2.605,2.15,2.943,2.616,2.001,2.668,2.868,2.993,2.067,2.422,2.829,2.463,2.781,2.13,2.142,2.639,2.038,2.845,2.471,2.648,2.058,2.012,2.312,2.599,2.64,2.11,2.741,2.198,2.382,2.48,2.55,2.725,2.842,2.068,2.207,2.95,2.066,2.283,3,2.862,2.996,2.859,2.374,2.481,2.743,2.108,2.991,2.532,2.701,2.031,2.914,2.782,968968,940712,000-000-183,12104,436,10795,42675,5802,1997,3546,1744,1752,1567,10213,3950,1088,1776,266,2303,23,706,11854,972,12138,47609,4493,1806,2192,1206,3436.3,2747,219,3884,18,649,0,722,0,0,0,0,0,689,339,282,401,763,771,712814,853553,187353,128002,333060,150571,135142,381225,39813,494926,726936,848283,1413949,0.7070548,1.9207212,12,9,21,1188226,36,4,40,5,10,1252,11,41,39,54
000-000-022,2,0,42,2,63,310,2.799,2.257,2.422,2.95,2.933,2.304,2.142,2.534,2.91,2.946,2.878,2.649,2.904,2.605,2.287,2.273,2.724,2.686,2.78,2.733,2.758,2.158,2.181,2.64,2.583,2.474,2.031,2.693,2.356,2.652,2.77,2.752,2.431,2.202,2.822,2.456,2.545,2.639,2.184,2.501,2.551,2.057,2.249,2.353,2.026,2.166,2.44,2.173,2.099,2.84,2.545,2.858,2.63,2.963,2.012,2.015,2.744,2.41,2.858,2.086,2.477,2.549,2.151,2.668,2.936,2.089,2.428,2.101,2.396,1088317,1076934,2.695,1032399,975608,2.618,2.79,2.747,2.003,2.079,2.049,2.123,2.545,2.891,2.36,2.398,2.517,2.075,2.12,2.466,2.247,2.174,2.551,2.069,2.343,2.985,2.222,2.913,2.284,2.214,2.549,2.568,2.98,2.935,2.364,2.69,2.008,2.206,2.641,2.299,2.604,2.235,2.663,2.311,2.824,2.627,2.534,2.617,2.536,2.471,2.443,2.773,2.045,2.727,2.946,2.878,2.979,2.682,2.876,2.56,2.473,2.208,2.49,2.161,2.408,2.597,2.576,2.721,2.323,2.162,2.549,2.609,2.541,2.822,2.501,2.774,2.26,2.38,2.998,2.833,992562,1144124,000-000-022,2.63,2.206,2.756,2.41,2.567,2.84,2.916,2.547,2.771,2.956,2.123,2.077,2.888,2.906,2.028,2.896,2.866,2.286,2.805,2.121,2.361,2.254,2.932,2.649,2.676,2.366,2.218,2.785,2.164,2.675,2.42,2.643,2.552,2.071,2.821,2.747,2.796,2.02,2.92,2.903,2.332,2.101,2.51,2.163,2.327,2.02,2.322,2.79,2.597,2.88,2.078,2.041,2.047,2.082,2.451,2.036,2.807,2.462,2.768,2.182,2.401,2.551,2.351,2.07,2.212,2.454,2.481,2.481,2.245,2.021,2.942,2.486,2.585,2.125,2.34,924454,953914,000-000-022,13362,376,11531,44770,4853,1576,2770,1821,1131,1389,15354,3410,1559,1819,115,2938,36,697,10353,628,12611,44517,4284,1353,3632,1276,4466.8,2677,273,2354,2,510,0,1664,0,0,0,0,0,825,259,312,760,788,610,882992,983804,176639,192725,342392,154063,148073,394128,32664,420746,733034,870468,1491919,0.6162499,1.9655397,22,22,9,1080409,41,5,41,5,10,1132,12,41,27,61
000-000-172,0,1,42,2,22,308,2.739,2.435,2.805,2.706,2.158,2.147,2.87,2.998,2.672,2.158,2.754,2.27,2.499,2.845,2.699,2.155,2.576,2.054,2.013,2.189,2.893,2.571,2.455,2.894,2.788,2.538,2.855,2.956,2.212,2.345,2.32,2.465,2.737,2.668,2.875,2.054,2.87,2.048,2.182,2.852,2.48,2.835,2.801,2.444,2.588,2.841,2.605,2.583,2.627,2.417,2.701,2.2,2.318,2.53,2.697,2.024,2.216,2.969,2.619,2.459,2.633,2.568,2.587,2.451,2.875,2.938,2.75,2.598,2.047,1171407,927405,2.335,1185395,1195852,2.786,2.137,2.007,2.364,2.167,2.486,2.068,2.912,2.786,2.366,2.45,2.107,2.893,2.109,2.003,2.172,2.002,2.951,2.877,2.778,2.037,2.354,2.951,2.017,2.232,2.211,2.008,2.904,2.136,2.779,2.64,2.559,2.567,2.827,2.792,2.565,2.927,2.835,2.58,2.972,2.833,2.357,2.394,2.421,2.158,2.785,2.94,2.099,2.592,2.662,2.21,2.815,2.706,2.048,2.515,2.705,2.513,2.804,2.744,2.806,2.742,2.876,2.68,2.778,2.362,2.96,2.174,2.326,2.345,2.013,2.772,2.096,2.465,2.739,2.819,992905,929334,000-000-172,2.522,2.085,2.652,2.277,2.578,2.069,2.962,2.827,2.796,2.564,2.966,2.712,2.497,2.944,2.343,2.068,2.241,2.936,2.503,2.193,2.485,2.904,2.762,2.812,2.313,2.37,2.855,2.587,2.419,2.024,2.332,2.76,2.176,2.44,2.911,2.605,2.673,2.807,2.926,2.46,2.085,2.532,2.835,2.863,2.803,2.406,2.135,2.429,2.927,2.723,2.16,2.118,2.806,2.16,2.558,2.448,2.076,2.12,2.271,2.757,2.398,2.595,2.344,2.697,2.628,2.744,2.715,2.876,2.145,2.103,2.053,2.042,2.98,2.062,2.834,925948,961954,000-000-172,14367,1091,14836,40557,5496,1891,2053,1453,1440,1461,15129,3612,1216,1676,188,2914,17,861,14349,376,14581,47366,4911,1982,2607,1125,4095.9,2008,341,2141,1,570,0,1909,0,0,0,0,0,373,266,836,742,855,320,713974,764774,140374,123139,384122,130727,153616,361733,34175,474420,858559,830881,1420127,0.5298959,1.6521657,15,18,14,1105740,33,5,60,5,12,1430,12,4,31,42
000-000-201,1,1,,0,39,331,2.226,2.983,2.168,2.266,2.994,2.848,2.507,2.214,2.839,2.597,2.333,2.106,2.518,2.01,2.242,2.2,2.467,2.844,2.791,2.311,2.049,2.933,2.799,2.904,2.744,2.15,2.787,2.179,2.432,2.483,2.546,2.051,2.428,2.551,2.138,2.359,2.208,2.511,2.696,2.495,2.377,2.376,2.846,2.257,2.869,2.301,2.688,2.111,2.327,2.032,2.501,2.8,2.562,2.097,2.481,2.467,2.265,2.589,2.447,2.707,2.219,2.902,2.401,2.383,2.579,2.461,2.786,2.312,2.933,1105131,1160956,2.82,976409,957201,2.811,2.519,2.112,2.214,2.128,2.165,2.12,2.29,2.833,2.165,2.585,2.764,2.262,2.496,2.739,2.914,2.437,2.458,2.913,2.308,2.85,2.94,2.866,2.356,2.339,2.37,2.795,2.256,2.734,2.02,2.442,2.42,2.092,2.32,2.588,2.042,2.147,2.661,2.566,2.698,2.343,2.955,2.334,2.516,2.299,2.175,2.288,2.085,2.691,2.842,2.592,2.743,2.504,2.74,2.443,2.624,2.146,2.419,2.392,2.29,2.323,2.519,2.829,2.16,2.763,2.843,2.172,2.126,2.48,2.091,2.771,2.056,2.772,2.375,2.101,994361,932824,000-000-201,2.311,2.944,2.174,2.591,2.466,2.798,2.653,2.536,2.956,2.69,2.804,2.968,2.918,2.748,2.983,2.849,2.183,2.029,2.745,2.623,2.277,2.557,2.544,2.482,2.649,2.832,2.972,2.469,2.858,2.692,2.898,2.509,2.583,2.65,2.09,2.551,2.643,2.328,2.212,2.471,2.902,2.853,2.783,2.631,2.674,2.071,2.84,2.869,2.359,2.984,2.294,2.673,2.038,2.693,2.637,2.433,2.701,2.293,2.253,2.954,2.782,2.657,2.374,2.247,2.559,2.971,2.049,2.205,2.759,2.492,2.014,2.408,2.363,2.117,2.709,1154886,1093921,000-000-201,13803,535,14587,44291,4294,1005,2730,1914,1217,1336,12674,3478,1191,1603,206,2395,20,522,10555,809,11927,42889,5938,1110,3561,1393,3696.9,2058,234,2759,8,861,0,1288,0,0,0,0,0,491,226,836,418,723,895,897725,997379,111432,166622,324909,168700,104096,375544,35886,483407,855189,764744,1303891,0.9350107,1.2960331,16,17,14,1144617,41,5,62,3,16,1044,9,17,47,63
000-000-100,0,0,,0,55,367,2.725,2.553,2.726,2.389,2.069,2.365,2.351,2.383,2.171,2.377,2.045,2.916,2.771,2.429,2.294,2.65,2.459,2.429,2.338,2.178,2.263,2.786,2.047,2.997,2.79,2.246,2.849,2.259,2.64,2.48,2.916,2.865,2.857,2.337,2.695,2.182,2.124,2.175,2.481,2.868,2.46,2.895,2.89,2.789,2.233,2.735,2.906,2.356,2.243,2.177,2.002,2.287,2.63,2.511,2.187,2.792,2.269,2.028,2.987,2.708,2.09,2.393,2.791,2.156,2.017,2.726,2.809,2.636,2.606,1091200,1115856,2.182,1068920,1023423,2.88,2.318,2.215,2.713,2.62,2.243,2.662,2.202,2.475,2.93,2.204,2.231,2.573,2.345,2.284,2.394,2.558,2.13,2.335,2.758,2.372,2.553,2.993,2.826,2.614,2.66,2.328,2.673,2.974,2.007,2.899,2.677,2.72,2.321,2.979,2.779,2.523,2.06,2.584,2.011,2.993,2.023,2.603,2.465,2.078,2.232,2.952,2.12,2.585,2.611,2.005,2.574,2.216,2.908,2.745,2.667,2.765,2.112,2.398,2.881,2.704,2.171,2.26,2.738,2.897,2.466,2.721,2.7,2.857,2.487,2.815,2.475,2.099,2.371,2.618,996737,1047792,000-000-100,2.076,2.752,2.114,2.834,2.178,2.194,2.763,2.717,2.309,2.836,2.626,2.952,2.7,2.027,2.523,2.693,2.882,2.379,2.02,2.165,2.871,2.326,2.925,2.55,2.942,2.837,2.657,2.127,2.991,2.24,2.887,2.809,2.575,2.282,2.048,2.473,2.648,2.797,2.996,2.323,2.865,2.564,2.214,2.816,2.638,2.168,2.452,2.138,2.655,2.395,2.885,2.244,2.144,2.215,2.97,2.577,2.841,2.423,2.101,2.171,2.315,2.706,2.566,2.283,2.465,2.34,2.714,2.858,2.698,2.906,2.691,2.65,2.171,2.187,2.038,922534,1123262,000-000-100,14322,790,13773,47739,4878,1112,3497,1383,1804,1387,17388,3966,1715,1093,110,2640,36,636,13416,358,12406,44316,5864,1658,2216,1477,3923.2,2947,388,3152,9,801,0,1899,0,0,0,0,0,352,250,602,316,417,748,867642,721688,181234,178073,326646,194755,150935,371722,36571,482721,868909,774347,1211804,0.7233198,1.5397025,14,13,10,1038508,7,5,55,5,13,1078,7,43,24,98
000-000-221,1,1,42,2,57,372,2.712,2.626,2.916,2.641,2.073,2.423,2.76,2.4,2.186,2.931,2.206,2.147,2.544,2.959,2.581,2.191,2.875,2.646,2.264,2.674,2.114,2.88,2.931,2.273,2.751,2.468,2.482,2.221,2.757,2.43,2.185,2.329,2.547,2.286,2.68,2.893,2.506,2.059,2.433,2.65,2.509,2.138,2.825,2.587,2.266,2.924,2.29,2.285,2.414,2.975,2.373,2.098,2.923,2.799,2.63,2.005,2.781,2.386,2.54,2.057,2.902,2.929,2.572,2.641,2.663,2.488,2.397,2.236,2.883,906391,981994,2.779,1077370,1097336,2.254,2.898,2.417,2.225,2.361,2.539,2.523,2.028,2.115,2.067,2.108,2.236,2.372,2.094,2.211,2.671,2.506,2.181,2.351,2.588,2.666,2.333,2.475,2.719,2.385,2.587,2.417,2.305,2.427,2.728,2.224,2.629,2.22,2.463,2.378,2.305,2.541,2.839,2.255,2.523,2.25,2.262,2.342,2.145,2.303,2.742,2.753,2.354,2.087,2.708,2.943,2.92,2.702,2.019,2.321,2.779,2.624,2.212,2.055,2.538,2.739,2.781,2.937,2.64,2.89,2.991,2.241,2.021,2.083,2.489,2.036,2.017,2.815,2.831,2.392,997344,908172,000-000-221,2.024,2.226,2.252,2.082,2.556,2.819,2.966,2.981,2.484,2.242,2.905,2.416,2.717,2.143,2.434,2.307,2.163,2.167,2.541,2.375,2.58,2.343,2.234,2.399,2.042,2.176,2.106,2.293,2.645,2.376,2.859,2.152,2.91,2.804,2.482,2.204,2.374,2.826,2.358,2.521,2.287,2.171,2.189,2.679,2.887,2.31,2.302,2.846,2.247,2.378,2.762,2.475,2.245,2.834,2.43,2.931,2.602,2.743,2.905,2.224,2.92,2.969,2.874,2.433,2.429,2.59,2.217,2.945,2.222,2.032,2.657,2.06,2.118,2.249,2.163,1126327,1003287,000-000-221,11885,661,12223,44145,4742,1262,3532,1979,1972,1218,15850,3930,1340,1600,199,2793,17,731,14576,536,11735,40760,4196,1527,2986,1843,3598.9,2393,385,2653,5,950,0,1261,0,0,0,0,0,742,962,666,519,699,821,725834,945767,197350,106572,369396,151446,130992,331330,30328,435715,850990,869185,1263539,0.0552454,1.8574456,11,22,10,1196892,20,3,31,4,9,1076,8,42,25,59
000-000-198,2,1,,0,46,326,2.954,2.71,2.61,2.333,2.917,2.05,2.795,2.362,2.514,2.5,2.678,2.922,2.475,2.967,2.42,2.904,2.451,2.67,2.433,2.322,2.164,2.384,2.126,2.607,2.739,2.77,2.569,2.774,2.091,2.767,2.802,2.91,2.858,2.976,2.183,2.203,2.677,2.836,2.334,2.954,2.059,2.37,2.758,2.932,2.124,2.836,2.769,2.749,2.174,2.601,2.381,2.539,2.226,2.883,2.745,2.679,2.07,2.482,2.588,2.264,2.204,2.855,2.938,2.626,2.001,2.385,2.742,2.937,2.084,1171087,954216,2.268,951747,1004727,2.71,2.716,2.555,2.511,2.456,2.428,2.468,2.057,2.535,2.491,2.921,2.953,2.868,2.674,2.771,2.726,2.887,2.161,2.107,2.489,2.794,2.756,2.559,2.573,2.074,2.992,2.706,2.04,2.685,2.241,2.23,2.823,2.085,2.817,2.298,2.124,2.419,2.145,2.845,2.184,2.456,2.968,2.23,2.377,2.738,2.316,2.273,2.824,2.853,2.485,2.461,2.045,2.029,2.206,2.034,2.564,2.679,2.651,2.706,2.698,2.956,2.226,2.133,2.161,2.132,2.708,2.953,2.784,2.313,2.404,2.745,2.445,2.096,2.601,2.489,997681,910532,000-000-198,2.348,2.08,2.508,2.621,2.617,2.001,2.574,2.031,2.065,2.546,2.015,2.58,2.038,2.409,2.328,2.655,2.503,2.713,2.441,2.039,2.251,2.119,2.255,2.108,2.97,2.574,2.72,2.693,2.618,2.883,2.514,2.085,2.637,2.082,2.746,2.118,2.545,2.69,2.101,2.587,2.156,2.918,2.862,2.542,2.376,2.393,2.205,2.716,2.305,2.365,2.216,2.864,2.743,2.632,2.855,2.6,2.717,2.356,2.852,2.952,2.627,2.284,2.111,2.454,2.894,2.693,2.36,2.671,2.558,2.516,2.686,2.837,2.714,2.57,2.533,1120623,1054342,000-000-198,13169,506,12215,42014,5308,1988,3625,1343,1192,1708,11220,3477,1763,1562,126,2906,35,552,11365,776,11794,43951,4835,1714,3590,1250,4104.9,2275,277,3527,2,670,0,514,0,0,0,0,0,316,948,918,287,272,236,702501,783022,166939,140778,354876,103760,151842,389592,30969,497129,731911,808266,1251322,0.8245929,1.4623066,8,9,19,1188836,41,3,42,4,18,1181,8,27,38,55
000-000-136,0,1,42,2,42,387,2.108,2.644,2.934,2.866,2.178,2.194,2.883,2.959,2.227,2.323,2.894,2.435,2.916,2.258,2.35,2.166,2.891,2.556,2.362,2.116,2.941,2.583,2.721,2.322,2.647,2.792,2.339,2.338,2.215,2.747,2.448,2.875,2.302,2.164,2.925,2.574,2.991,2.025,2.687,2.592,2.173,2.448,2.708,2.81,2.523,2.591,2.796,2.345,2.021,2.693,2.073,2.533,2.381,2.512,2.706,2.22,2.575,2.446,2.516,2.309,2.737,2.637,2.27,2.113,2.267,2.055,2.069,2.677,2.521,982735,1081305,2.206,988631,1017989,2.049,2.325,2.23,2.445,2.306,2.249,2.637,2.437,2.736,2.416,2.865,2.506,2.313,2.035,2.558,2.235,2.87,2.983,2.832,2.457,2.642,2.091,2.112,2.953,2.462,2.194,2.775,2.677,2.501,2.466,2.571,2.071,2.644,2.076,2.144,2.633,2.118,2.678,2.824,2.851,2.526,2.117,2.162,2.6,2.459,2.792,2.353,2.415,2.808,2.032,2.165,2.935,2.575,2.943,2.755,2.683,2.12,2.585,2.347,2.902,2.679,2.265,2.954,2.015,2.452,2.274,2.485,2.101,2.566,2.288,2.729,2.762,2.705,2.285,2.919,1000274,1022366,000-000-136,2.029,2.559,2.724,2.323,2.785,2.196,2.916,2.798,2.206,2.989,2.214,2.939,2.963,2.845,2.078,2.673,2.58,2.353,2.81,2.011,2.172,2.06,2.847,2.253,2.071,2.573,2.942,2.269,2.875,2.271,2.269,2.504,2.382,2.242,2.248,2.728,2.252,2.989,2.033,2.773,2.575,2.019,2.188,2.535,2.722,2.597,2.435,2.136,2.966,2.166,2.703,2.301,2.254,2.025,2.399,2.153,2.356,2.761,2.014,2.167,2.847,2.89,2.272,2.688,2.959,2.969,2.575,2.845,2.69,2.812,2.506,2.589,2.556,2.448,2.571,932485,1131442,000-000-136,14480,533,12067,47340,4521,1639,3091,1660,1822,1706,13439,3776,1672,1796,429,2772,14,532,10954,498,14787,46774,5145,1070,3963,1682,3565.2,2764,213,3833,9,536,0,1214,0,0,0,0,0,487,469,488,541,866,512,858656,845620,184092,166693,352672,185974,198106,392314,35353,484990,890659,840566,1273397,0.4688251,1.0125674,21,18,8,1182829,6,4,20,5,20,1179,9,45,30,64
000-000-055,3,0,,0,33,351,2.872,2.927,2.742,2.858,2.536,2.955,2.204,2.6,2.313,2.39,2.031,2.844,2.438,2.497,2.34,2.131,2.365,2.56,2.493,2.378,2.871,2.057,2.526,2.039,2.098,2.929,2.139,2.408,2.453,2.618,2.966,2.852,2.519,2.752,2.07,2.307,2.821,2.141,2.269,2.914,2.887,2.422,2.851,2.849,2.627,2.224,2.252,2.104,2.886,2.097,2.998,2.814,2.796,2.733,2.957,2.756,2.152,2.394,2.105,2.48,2.188,2.33,2.084,2.795,2.322,2.808,2.567,2.763,2.84,953693,918771,2.901,1171700,1030304,2.283,2.713,2.434,2.691,2.26,2.307,2.146,2.507,2.183,2.926,2.557,2.107,2.973,2.575,2.193,2.203,2.026,2.07,2.638,2.635,2.409,2.07,2.475,2.354,2.034,2.619,2.633,2.998,2.115,2.45,2.955,2.062,2.25,2.625,2.44,2.325,2.046,2.35,2.639,2.407,2.283,2.623,2.17,2.988,2.532,2.816,2.833,2.693,2.586,2.103,2.311,2.13,2.351,2.641,2.084,2.807,2.825,2.255,2.278,2.593,2.948,2.827,2.5,2.711,2.266,2.246,2.82,2.452,2.288,2.06,2.771,2.346,2.824,2.401,2.871,1000550,1044172,000-000-055,2.889,2.114,2.497,2.02,2.002,2.832,2.774,2.909,2.475,2.273,2.647,2.959,2.588,2.314,2.792,2.859,2.27,2.307,2.05,2.833,2.493,2.516,2.593,2.694,2.448,2.76,2.929,2.662,2.568,2.32,2.073,2.532,2.149,2.976,2.502,2.374,2.468,2.689,2.013,2.311,2.269,2.391,2.128,2.499,2.41,2.55,2.588,2.904,2.053,2.784,2.295,2.099,2.113,2.341,2.543,2.687,2.82,2.55,2.267,2.845,2.588,2.423,2.701,2.686,2.143,2.97,2.426,2.017,2.363,2.675,2.442,2.988,2.824,2.168,2.357,954895,1186476,000-000-055,11202,979,13086,41386,4508,1155,2380,1425,1135,1734,18984,3403,1254,1904,329,2493,26,730,13675,1077,11478,42692,5099,1243,3709,1631,3532.5,2051,275,2797,14,686,0,695,0,0,0,0,0,636,656,259,369,292,563,745016,810747,159551,193494,329241,184127,108879,363399,38089,468114,780115,722258,1396571,0.1670285,1.0837093,12,13,8,1165380,32,5,36,4,16,1128,7,43,34,86
000-000-199,3,1,42,2,39,304,2.825,2.206,2.618,2.561,2.396,2.594,2.632,2.714,2.804,2.919,2.739,2.613,2.891,2.794,2.208,2.22,2.229,2.558,2.531,2.78,2.819,2.168,2.326,2.293,2.235,2.962,2.505,2.094,2.806,2.925,2.315,2.156,2.923,2.007,2.877,2.67,2.867,2.06,2.959,2.745,2.681,2.632,2.884,2.688,2.105,2.973,2.565,2.709,2.408,2.854,2.862,2.046,2.443,2.104,2.631,2.9,2.715,2.532,2.784,2.947,2.25,2.515,2.634,2.152,2.04,2.18,2.779,2.599,2.521,928636,1093790,2.475,1135536,1149950,2.567,2.755,2.555,2.475,2.598,2.455,2.783,2.507,2.995,2.694,2.458,2.825,2.323,2.537,2.516,2.604,2.814,2.15,2.674,2.952,2.984,2.192,2.295,2.755,2.022,2.129,2.244,2.857,2.092,2.809,2.566,2.583,2.28,2.28,2.86,2.583,2.841,2.041,2.347,2.655,2.172,2.963,2.056,2.764,2.141,2.501,2.942,2.688,2.22,2.871,2.901,2.829,2.6,2.419,2.971,2.241,2.238,2.223,2.515,2.233,2.505,2.96,2.546,2.749,2.881,2.718,2.313,2.878,2.992,2.24,2.971,2.106,2.751,2.914,2.402,1002121,960014,000-000-199,2.164,2.379,2.436,2.96,2.347,2.462,2.825,2.871,2.848,2.174,2.634,2.987,2.034,2.269,2.046,2.302,2.154,2.478,2.554,2.125,2.131,2.24,2.265,2.95,2.366,2.799,2.746,2.019,2.935,2.182,2.267,2.189,2.65,2.201,2.353,2.041,2.787,2.497,2.104,2.773,2.958,2.089,2.691,2.664,2.967,2.09,2.567,2.93,2.031,2.714,2.07,2.889,2.802,2.628,2.969,2.698,2.782,2.297,2.177,2.547,2.439,2.159,2.751,2.831,2.947,2.617,2.216,2.876,2.475,2.454,2.713,2.629,2.86,2.219,2.773,1173211,1054437,000-000-199,13617,355,13690,41390,4446,1798,3875,1365,1415,1223,19559,3526,1775,1539,442,2711,28,734,12017,833,13510,49448,5113,1493,2284,1808,4285.4,2713,256,3043,11,858,0,522,0,0,0,0,0,911,598,772,843,673,430,826520,972118,101423,159974,312657,114176,138346,304541,35976,456459,798423,798022,1266418,0.6651017,1.8954989,17,19,19,1195406,18,5,20,5,12,1029,10,49,46,61
000-000-127,3,1,42,2,60,348,2.03,2.125,2.799,2.86,2.348,2.522,2.631,2.925,2.443,2.104,2.596,2.138,2.507,2.869,2.62,2.841,2.403,2.845,2.265,2.102,2.17,2.393,2.065,2.03,2.844,2.327,2.506,2.115,2.497,2.064,2.387,2.495,2.566,2.881,2.738,2.688,2.175,2.474,2.477,2.73,2.319,2.76,2.666,2.125,2.111,2.354,2.706,2.5,2.767,2.887,2.315,2.138,2.27,2.334,2.977,2.528,2.694,2.354,2.718,2.886,2.307,2.28,2.983,2.321,2.648,2.35,2.941,2.754,2.621,1025814,1025958,2.331,1103597,1152050,2.494,2.658,2.65,2.886,2.845,2.934,2.616,2.674,2.075,2.207,2.902,2.762,2.315,2.292,2.461,2.305,2.654,2.98,2.737,2.192,2.066,2.855,2.941,2.321,2.025,2.116,2.609,2.447,2.986,2.086,2.012,2.983,2.411,2.71,2.149,2.871,2.746,2.857,2.032,2.678,2.328,2.136,2.408,2.675,2.889,2.266,2.654,2.942,2.586,2.626,2.181,2.071,2.703,2.997,2.866,2.52,2.153,2.773,2.59,2.388,2.078,2.002,2.692,2.878,2.079,2.256,2.875,2.18,2.253,2.381,2.589,2.905,2.28,2.669,2.832,1004991,1185425,000-000-127,2.594,2.142,2.686,2.544,2.523,2.251,2.966,2.396,2.658,2.352,2.223,2.273,2.17,2.765,2.675,2.342,2.256,2.325,2.669,2.348,2.55,2.396,2.955,2.555,2.83,2.221,2.569,2.877,2.762,2.313,2.403,2.618,2.558,2.993,2.541,2.344,2.384,2.116,2.517,2.003,2.711,2.125,2.245,2.005,2.21,2.438,2.682,2.259,2.711,2.849,2.654,2.355,2.27,2.346,2.836,2.719,2.1,2.415,2.355,2.188,2.513,2.853,2.572,2.819,2.59,2.177,2.787,2.275,2.056,2.515,2.197,2.358,2.193,2.167,2.656,1131946,987063,000-000-127,14405,314,14064,49144,4259,1057,2721,1769,1881,1818,15046,3549,1994,1853,148,2120,11,703,13853,305,10540,44605,4627,1096,3257,1569,3683.5,2613,260,2649,7,680,0,1414,0,0,0,0,0,741,773,687,885,383,644,779884,961254,106356,162453,355707,192468,100901,303310,36513,453880,854777,798310,1443279,0.5822145,1.9193839,16,14,12,1093607,44,5,58,3,9,1282,10,49,48,99
000-000-142,2,1,42,2,46,395,2.732,2.218,2.482,2.528,2.86,2.147,2.056,2.139,2.001,2.177,2.955,2.805,2.844,2.251,2.073,2.792,2.871,2.395,2.428,2.479,2.113,2.089,2.77,2.152,2.079,2.704,2.663,2.752,2.762,2.746,2.351,2.109,2.877,2.274,2.675,2.228,2.827,2.887,2.045,2.221,2.721,2.411,2.413,2.72,2.407,2.614,2.275,2.183,2.842,2.675,2.883,2.885,2.885,2.447,2.966,2.794,2.361,2.185,2.178,2.701,2.292,2.081,2.747,2.056,2.337,2.851,2.732,2.929,2.463,1192179,1111634,2.083,1184996,964037,2.424,2.614,2.776,2.53,2.181,2.029,2.103,2.661,2.005,2.849,2.27,2.819,2.911,2.296,2.048,2.988,2.308,2.546,2.908,2.019,2.809,2.755,2.072,2.688,2.75,2.116,2.498,2.156,2.431,2.697,2.439,2.61,2.985,2.884,2.101,2.764,2.196,2.264,2.847,2.332,2.92,2.855,2.677,2.178,2.438,2.333,2.177,2.239,2.596,2.203,2.959,2.006,2.098,2.368,2.643,2.292,2.76,2.744,2.51,2.636,2.598,2.488,2.398,2.934,2.972,2.693,2.894,2.319,2.945,2.015,2.334,2.338,2.38,2.731,2.81,1007685,975367,000-000-142,2.12,2.256,2.574,2.502,2.819,2.674,2.561,2.795,2.522,2.65,2.739,2.06,2.505,2.648,2.429,2.179,2.8,2.625,2.406,2.57,2.082,2.836,2.58,2.221,2.465,2.205,2.143,2.427,2.644,2.752,2.629,2.685,2.669,2.776,2.699,2.097,2.158,2.236,2.002,2.099,2.274,2.007,2.626,2.641,2.427,2.73,2.776,2.053,2.105,2.054,2.651,2.894,2.801,2.165,2.501,2.622,2.077,2.098,2.127,2.807,2.07,2.251,2.293,2.61,2.729,2.634,2.758,2.519,2.137,2.705,2.089,2.811,2.516,2.417,2.382,919392,921734,000-000-142,10075,380,12451,46150,5027,1180,2148,1764,1699,1910,10585,3750,1880,1236,249,2357,46,841,12403,596,11930,43028,5706,1984,3286,1930,3684.1,2549,394,2519,3,663,0,1721,0,0,0,0,0,585,592,939,352,214,729,974455,865400,198908,169801,395430,128749,178416,353569,31761,496541,794543,864783,1371572,0.2484582,1.9477395,9,21,19,1179897,33,3,36,5,10,1148,8,17,30,52
000-000-146,2,1,,0,49,301,2.183,2.086,2.78,2.901,2.898,2.453,2.258,2.524,2.991,2.181,2.148,2.653,2.196,2.549,2.152,2.679,2.379,2.542,2.117,2.774,2.96,2.156,2.885,2.548,2.845,2.175,2.955,2.184,2.419,2.789,2.195,2.219,2.23,2.233,2.974,2.751,2.848,2.762,2.626,2.342,2.933,2.552,2.926,2.214,2.983,2.665,2.558,2.122,2.912,2.261,2.71,2.705,2.197,2.434,2.703,2.79,2.965,2.894,2.938,2.39,2.814,2.975,2.403,2.284,2.327,2.946,2.228,2.593,2.31,1043142,1128261,2.217,964603,1138037,2.9,2.9,2.924,2.501,2.828,2.142,2.759,2.142,2.499,2.185,2.245,2.828,2.596,2.203,2.755,2.589,2.407,2.766,2.444,2.383,2.787,2.127,2.244,2.599,2.497,2.414,2.353,2.982,2.725,2.251,2.894,2.271,2.165,2.865,2.642,2.972,2.745,2.843,2.477,2.642,2.539,2.14,2.534,2.061,2.734,2.878,2.248,2.767,2.837,2.659,2.64,2.855,2.852,2.113,2.175,2.929,2.395,2.064,2.433,2.011,2.2,2.746,2.122,2.46,2.341,2.143,2.779,2.426,2.302,2.192,2.269,2.8,2.818,2.905,2.78,1008043,995990,000-000-146,2.376,2.015,2.603,2.232,2.226,2.072,2.609,2.706,2.946,2.864,2.836,2.529,2.95,2.061,2.888,2.631,2.199,2.287,2.239,2.006,2.68,2.576,2.113,2.833,2.849,2.243,2.959,2.245,2.156,2.409,2.692,2.878,2.85,2.618,2.485,2.113,2.992,2.402,2.113,2.026,2.15,2.083,2.467,2.384,2.337,2.845,2.993,2.956,2.513,2.269,2.236,2.436,2.773,2.184,2.244,2.649,2.551,2.993,2.644,2.616,2.385,2.389,2.439,2.996,2.149,2.616,2.407,2.917,2.297,2.749,2.995,2.315,2.149,2.259,2.705,1013586,923610,000-000-146,13062,674,12618,48608,4330,1309,3694,1603,1637,1670,10832,3272,1729,1636,196,2442,37,838,10515,840,13116,41095,5560,1833,2538,1576,3993.6,2349,280,2817,19,682,0,1091,0,0,0,0,0,964,905,448,655,962,1000,962222,763195,195874,105912,311896,111425,155149,384895,30289,447713,847810,816093,1320110,0.7888195,1.7882931,19,17,10,1134839,30,5,36,4,10,1394,12,37,20,75
000-000-107,3,0,42,2,46,301,2.11,2.346,2.162,2.12,2.04,2.243,2.952,2.916,2.503,2.02,2.444,2.75,2.005,2.768,2.532,2.064,2.966,2.492,2.704,2.218,2.006,2.951,2.026,2.75,2.071,2.981,2.536,2.814,2.699,2.291,2.005,2.666,2.435,2.314,2.338,2.224,2.659,2.18,2.37,2.778,2.122,2.812,2.12,2.513,2.102,2.136,2.874,2.852,2.903,2.96,2.766,2.759,2.391,2.927,2.712,2.691,2.32,2.718,2.379,2.102,2.548,2.93,2.274,2.565,2.873,2.443,2.656,2.191,2.87,1040363,1195657,2.267,976410,902856,2.853,2.832,2.157,2.272,2.831,2.728,2.928,2.095,2.088,2.151,2.768,2.059,2.483,2.373,2.556,2.557,2.592,2.109,2.096,2.104,2.048,2.824,2.742,2.359,2.366,2.281,2.028,2.179,2.473,2.78,2.575,2.967,2.322,2.365,2.633,2.599,2.811,2.036,2.823,2.108,2.787,2.759,2.72,2.403,2.292,2.693,2.194,2.718,2.072,2.947,2.078,2.721,2.834,2.526,2.109,2.96,2.488,2.989,2.865,2.18,2.269,2.927,2.266,2.276,2.828,2.588,2.707,2.695,2.489,2.214,2.172,2.895,2.416,2.464,2.379,1010021,1024413,000-000-107,2.252,2.444,2.959,2.096,2.102,2.385,2.834,2.879,2.268,2.112,2.871,2.619,2.181,2.972,2.085,2.071,2.97,2.851,2.133,2.718,2.812,2.572,2.45,2.931,2.747,2.401,2.499,2.218,2.179,2.716,2.37,2.572,2.768,2.82,2.15,2.178,2.369,2.642,2.715,2.418,2.444,2.763,2.157,2.738,2.381,2.501,2.185,2.746,2.97,2.745,2.495,2.486,2.597,2.603,2.703,2.931,2.842,2.442,2.21,2.491,2.63,2.637,2.49,2.767,2.337,2.788,2.625,2.683,2.941,2.848,2.677,2.699,2.616,2.31,2.459,1133806,1020057,000-000-107,13263,324,12887,41671,5490,1640,2542,1958,1530,1925,12358,3811,1858,1596,352,2560,46,799,10485,815,12344,41209,4612,1814,2470,1013,3964.4,2277,392,3154,10,589,1.7,1532,0,0,0,0,0,668,894,677,402,949,527,738747,714002,136473,191284,329063,175940,126721,316436,35559,422210,764297,811118,1255118,0.21451,1.5347208,16,14,15,1143664,25,4,31,3,19,1140,12,33,21,48
000-000-120,0,1,42,2,58,304,2.834,2.16,2.274,2.88,2.808,2.371,2.812,2.396,2.463,2.969,2.403,2.614,2.744,2.088,2.146,2.521,2.285,2.087,2.793,2.782,2.026,2.234,2.193,2.148,2.22,2.813,2.779,2.732,2.777,2.34,2.252,2.69,2.899,2.685,2.705,2.228,2.057,2.542,2.434,2.265,2.705,2.864,2.105,2.706,2.065,2.401,2.748,2.168,2.977,2.901,2.016,2.35,2.826,2.949,2.508,2.281,2.946,2.703,2.083,2.578,2.176,2.383,2.833,2.898,2.403,2.666,2.398,2.672,2.578,902236,1149907,2.818,1091355,1142244,2.037,2.031,2.236,2.39,2.156,2.871,2.175,2.553,2.817,2.732,2.932,2.857,2.304,2.154,2.159,2.127,2.718,2.2,2.309,2.59,2.588,2.302,2.006,2.112,2.97,2.754,2.052,2.089,2.678,2.137,2.819,2.74,2.792,2.55,2.326,2.884,2.574,2.107,2.936,2.978,2.056,2.061,2.331,2.388,2.217,2.232,2.707,2.48,2.626,2.085,2.281,2.31,2.047,2.328,2.165,2.614,2.539,2.175,2.417,2.288,2.978,2.333,2.36,2.782,2.355,2.189,2.612,2.86,2.359,2.094,2.863,2.048,2.252,2.449,2.94,1010600,912732,000-000-120,2.072,2.168,2.355,2.454,2.779,2.244,2.598,2.368,2.564,2.504,2.153,2.819,2.745,2.854,2.897,2.679,2.282,2.881,2.364,2.265,2.646,2.845,2.597,2.227,2.891,2.029,2.552,2.207,2.005,2.471,2.347,2.919,2.332,2.368,2.312,2.659,2.89,2.142,2.945,2.163,2.324,2.161,2.69,2.409,2.13,2.52,2.389,2.358,2.983,2.819,2.457,2.373,2.665,2.319,2.161,2.77,2.403,2.682,2.635,2.658,2.67,2.768,2.9,2.874,2.013,2.218,2.988,2.669,2.122,2.857,2.915,2.633,2.17,2.859,2.567,1165119,1082771,000-000-120,14084,888,13979,43198,4087,1109,2858,1631,1560,1573,13158,3460,1358,1906,117,2068,13,626,13347,672,10474,43479,5688,1383,2321,1204,4269.3,2341,211,2803,15,526,0,1024,0,0,0,0,0,746,926,791,652,832,211,969464,968566,178968,117068,358341,160787,133139,369726,30633,436368,833639,789540,1421480,0.2635702,1.2640138,22,17,19,1104668,6,3,68,4,13,1056,13,16,36,97
000-000-123,3,1,42,2,64,313,2.25,2.217,2.962,2.056,2.861,2.176,2.48,2.235,2.517,2.71,2.552,2.806,2.866,2.77,2.971,2.632,2.98,2.088,2.772,2.953,2.634,2.691,2.337,2.713,2.236,2.599,2.181,2.161,2.305,2.722,2.89,2.577,2.825,2.859,2.839,2.132,2.783,2.591,2.297,2.69,2.019,2.793,2.116,2.77,2.361,2.9,2.494,2.06,2.242,2.42,2.015,2.226,2.554,2.648,2.619,2.394,2.964,2.464,2,2.298,2.444,2.471,2.29,2.308,2.409,2.101,2.749,2.402,2.63,1144613,1050516,2.074,1161024,1026375,2.592,2.313,2.527,2.676,2.796,2.356,2.338,2.566,2.727,2.977,2.267,2.724,2.312,2.68,2.109,2.44,2.92,2.821,2.484,2.797,2.68,2.433,2.044,2.247,2.624,2.668,2.357,2.607,2.714,2.621,2.939,2.523,2.592,2.571,2.048,2.438,2.261,2.086,2.94,2.075,2.771,2.044,2.543,2.352,2.362,2.093,2.038,2.89,2.505,2.544,2.599,2.977,2.848,2.741,2.605,2.278,2.297,2.463,2.888,2.088,2.639,2.264,2.766,2.521,2.657,2.729,2.579,2.246,2.886,2.387,2.401,2.556,2.572,2.203,2.479,1012645,1012470,000-000-123,2.727,2.841,2.407,2.802,2.478,2.297,2.508,2.151,2.76,2.671,2.856,2.256,2.901,2.72,2.408,2.837,2.115,2.913,2.671,2.556,2.776,2.611,2.942,2.05,2.396,2.357,2.772,2.022,2.582,2.894,2.642,2.079,2.835,2.802,2.804,2.905,2.657,2.902,2.066,2.341,2.946,2.069,2.478,2.218,2.824,2.056,2.401,2.046,2.932,2.273,2.403,2.267,2.882,2.008,2.705,2.959,2.694,2.575,2.723,2.445,2.449,2.734,2.636,2.089,2.237,2.169,2.917,2.432,2.901,2.335,2.789,2.519,2.185,2.458,2.793,1178362,1199097,000-000-123,13942,544,14616,45701,4548,1070,3853,1562,1743,1576,18750,3340,1285,1202,423,2845,14,765,10418,949,13618,48013,5975,1056,3135,1294,3790.8,2270,212,2221,11,756,0,513,0,0,0,0,0,546,703,837,243,701,801,881791,904657,148360,109532,304133,114580,159333,342587,35218,443567,715406,870546,1228576,0.8616881,1.8896375,14,18,12,1038134,42,5,32,3,20,1416,11,42,28,84
000-000-129,1,1,42,2,23,381,2.894,2.516,2.799,2.926,2.413,2.057,2.916,2.999,2.662,2.223,2.544,2.548,2.325,2.217,2.275,2.12,2.151,2.141,2.59,2.538,2.018,2.132,2.114,2.896,2.576,2.951,2.086,2.07,2.488,2.704,2.82,2.583,2.381,2.813,2.481,2.892,2.435,2.587,2.625,2.184,2.36,2.733,2.627,2.932,2.988,2.785,2.962,2.274,2.091,2.029,2.133,2.401,2.836,2.969,2.525,2.062,2.095,2.981,2.584,2.68,2.135,2.587,2.299,2.539,2.95,2.021,2.659,2.319,2.068,922764,981009,2.991,1057430,996811,2.978,2.518,2.206,2.8,2.477,2.317,2.148,2.79,2.803,2.285,2.659,2.355,2.816,2.71,2.316,2.739,2.367,2.753,2.534,2.361,2.179,2.857,2.862,2.734,2.315,2.925,2.068,2.217,2.779,2.441,2.384,2.512,2.062,2.804,2.463,2.118,2.655,2.037,2.663,2.474,2.826,2.989,2.733,2.439,2.753,2.105,2.295,2.05,2.954,2.277,2.071,2.294,2.732,2.393,2.193,2.606,2.109,2.661,2.547,2.561,2.187,2.657,2.622,2.666,2.024,2.819,2.804,2.571,2.419,2.525,2.365,2.203,2.725,2.793,2.958,1015310,1077082,000-000-129,2.452,2.827,2.896,2.019,2.017,2.874,2.084,2.62,2.077,2.125,2.81,2.842,2.487,2.556,2.035,2.188,2.35,2.007,2.74,2.027,2.338,2.74,2.809,2.475,2.608,2.671,2.287,2.958,2.634,2.773,2.453,2.897,2.966,2.215,2.616,2.413,2.36,2.031,2.684,2.391,2.507,2.464,2.541,2.821,2.174,2.033,2.22,2.556,2.376,2.519,2.023,2.396,2.787,2.16,2.882,2.561,2.783,2.58,2.743,2.753,2.972,2.68,2.149,2.609,2.103,2.389,2.345,2.203,2.665,2.46,2.692,2.389,2.127,2.837,2.543,974224,955054,000-000-129,14871,654,12684,46638,4370,1037,3159,1710,1076,1547,13732,3862,1456,1998,141,2767,15,759,13593,1098,11476,40125,4130,1457,2924,1660,4078.6,2976,381,2896,7,859,0,1279,0,0,0,0,0,586,425,562,911,655,563,913367,790093,119839,118222,305052,122598,180603,305296,34578,436454,755812,786893,1240341,0.8495832,1.2133883,15,13,12,1154158,16,3,30,4,8,1187,7,13,49,76
000-000-180,0,1,,0,55,346,2.728,2.296,2.594,2.091,2.48,2.67,2.29,2.145,2.603,2.393,2.08,2.33,2.482,2.1,2.63,2.421,2.234,2.57,2.538,2.021,2.583,2.66,2.916,2.924,2.633,2.524,2.568,2.711,2.69,2.573,2.685,2.11,2.8,2.8,2.975,2.932,2.75,2.463,2.38,2.712,2.848,2.62,2.626,2.912,2.289,2.341,2.319,2.666,2.71,2.502,2.98,2.195,2.696,2.604,2.515,2.934,2.498,2.593,2.996,2.965,2.033,2.212,2.366,2.377,2.189,2.562,2.523,2.414,2.23,1093850,1090037,2.037,1058413,1008007,2.37,2.156,2.869,2.655,2.961,2.68,2.383,2.46,2.902,2.778,2.154,2.693,2.738,2.235,2.846,2.9,2.191,2.383,2.702,2.775,2.687,2.388,2.662,2.875,2.436,2.117,2.169,2.055,2.935,2.561,2.492,2.881,2.127,2.241,2.524,2.681,2.11,2.933,2.344,2.617,2.054,2.835,2.26,2.457,2.984,2.19,2.696,2.925,2.521,2.439,2.116,2.1,2.748,2.398,2.562,2.322,2.744,2.747,2.666,2.77,2.154,2.816,2.751,2.14,2.907,2.881,2.268,2.144,2.704,2.123,2.895,2.654,2.469,2.598,2.501,1018285,1165352,000-000-180,2.087,2.422,2.36,2.032,2.596,2.643,2.62,2.88,2.831,2.89,2.313,2.25,2.259,2.747,2.618,2.568,2.321,2.905,2.514,2.895,2.671,2.982,2.681,2.262,2.154,2.315,2.832,2.647,2.26,2.915,2.784,2.11,2.307,2.578,2.555,2.402,2.112,2.206,2.328,2.281,2.353,2.379,2.176,2.3,2.545,2.803,2.008,2.045,2.104,2.581,2.995,2.302,2.362,2.887,2.702,2.982,2.573,2.606,2.153,2.518,2.268,2.251,2.888,2.11,2.758,2.058,2.956,2.896,2.242,2.155,2.95,2.199,2.431,2.32,2.579,1142389,1174282,000-000-180,12906,370,13529,49470,4491,1525,2253,1010,1023,1599,18811,3770,1741,1362,379,2321,28,608,12684,920,14744,48023,5463,1941,2862,1813,4136.3,2411,213,2595,9,825,0,1332,0,0,1,0,0,999,317,216,319,452,745,961535,931531,127461,151329,384885,189507,162832,364763,36567,429848,803624,825280,1288797,0.7799824,1.5813844,17,21,12,1057337,19,5,25,5,10,1475,12,33,22,66
000-000-113,1,1,42,2,32,370,2.64,2.887,2.433,2.389,2.609,2.909,2.047,2.203,2.244,2.888,2.98,2.147,2.195,2.264,2.568,2.962,2.874,2.163,2.728,2.031,2.071,2.593,2.239,2.035,2.394,2.897,2.066,2.876,2.554,2.582,2.565,2.628,2.879,2.212,2.439,2.991,2.599,2.117,2.506,2.987,2.13,2.742,2.217,2.624,2.439,2.274,2.249,2.139,2.087,2.013,2.051,2.2,2.994,2.684,2.492,2.33,2.02,2.599,2.313,2.174,2.005,2.086,2.464,2.735,2.206,2.741,2.129,2.738,2.418,965452,972234,2.956,1095759,1034133,2.178,2.274,2.411,2.755,2.339,2.923,2.469,2.818,2.508,2.219,2.175,2.725,2.825,2.84,2.344,2.86,2.411,2.842,2.033,2.526,2.913,2.843,2.25,2.189,2.37,2.348,2.384,2.337,2.38,2.171,2.635,2.875,2.123,2.466,2.271,2.378,2.823,2.494,2.98,2.814,2.886,2.409,2.663,2.035,2.278,2.367,2.607,2.039,2.781,2.85,2.956,2.038,2.539,2.223,2.04,2.935,2.653,2.688,2.94,2.518,2.696,2.67,2.923,2.893,2.416,2.975,2.845,2.696,2.865,2.863,2.354,2.213,2.711,2.588,2.658,1018739,1046249,000-000-113,2.764,2.291,2.876,2.317,2.942,2.793,2.43,2.045,2.208,2.379,2.262,2.086,2.06,2.038,2.778,2.73,2.363,2.81,2.84,2.324,2.227,2.384,2.315,2.702,2.358,2.4,2.75,2.148,2.902,2.526,2.489,2.316,2.612,2.304,2.621,2.324,2.481,2.369,2.561,2.07,2.869,2.936,2.831,2.692,2.419,2.158,2.542,2.237,2.555,2.326,2.472,2.42,2.649,2.744,2.556,2.14,2.519,2.692,2.303,2.168,2.417,2.854,2.965,2.619,2.328,2.186,2.066,2.295,2.283,2.46,2.624,2.208,2.155,2.061,2.109,1076622,1066110,000-000-113,12134,631,11328,49143,5668,1676,3322,1819,1379,1370,16270,3214,1366,1311,318,2055,36,797,11359,652,11815,42537,4375,1124,2506,1278,3251.7,2220,251,2786,12,665,0,1900,0,0,0,0,0,221,933,787,267,221,620,875967,741106,132575,141991,306838,119811,155581,359904,32752,434732,827802,734994,1362655,0.6208876,1.4986725,15,15,22,1118785,33,4,21,3,16,1124,13,27,36,63
000-000-203,3,1,42,2,44,378,2.901,2.567,2.687,2.337,2.522,2.22,2.391,2.209,2.486,2.113,2.808,2.478,2.539,2.431,2.395,2.153,2.556,2.358,2.7,2.427,2.19,2.216,2.605,2.652,2.082,2.132,2.287,2.056,2.223,2.805,2.575,2.775,2.08,2.512,2.86,2.84,2.34,2.734,2.961,2.997,2.399,2.325,2.008,2.499,2.678,2.709,2.664,2.732,2.046,2.296,2.125,2.3,2.607,2.095,2.792,2.835,2.652,2.557,2.412,2.055,2.283,2.565,2.359,2.663,2.289,2.058,2.994,2.089,2.721,1013257,1157392,2.283,1194234,968467,2.777,2.463,2.944,2.363,2.338,2.179,2.669,2.331,2.698,2.074,2.989,2.033,2.747,2.348,2.256,2.482,2.612,2.967,2.618,2.011,2.314,2.394,2.978,2.064,2.054,2.78,2.398,2.522,2.147,2.64,2.544,2.212,2.612,2.598,2.865,2.698,2.675,2.235,2.434,2.574,2.395,2.77,2.222,2.117,2.894,2.972,2.522,2.843,2.913,2.025,2.439,2.55,2.737,2.234,2.148,2.565,2.199,2.138,2.31,2.295,2.422,2.118,2.774,2.261,2.648,2.463,2.01,2.767,2.546,2.973,2.25,2.947,2.882,2.766,2.698,1021657,1126367,000-000-203,2.396,2.976,2.66,2.421,2.391,2.869,2.262,2.934,2.592,2.286,2.676,2.625,2.467,2.6,2.198,2.834,2.791,2.456,2.71,2.182,2.534,2.627,2.03,2.668,2.053,2.289,2.771,2.74,2.953,2.06,2.337,2.658,2.633,2.788,2.494,2.429,2.906,2.133,2.872,2.444,2.818,2.375,2.009,2.819,2.844,2.815,2.159,2.147,2.386,2.657,2.22,2.465,2.097,2.424,2.182,2.557,2.982,2.762,2.22,2.313,2.697,2.738,2.229,2.726,2.726,2.749,2.25,2.397,2.267,2.836,2.682,2.53,2.576,2.078,2.504,1088787,1019331,000-000-203,14052,1014,14537,49081,5536,1128,2048,1919,1253,1513,14471,3356,1852,1336,209,2553,49,510,14280,687,12352,41108,5992,1044,3006,1923,4743.8,2723,319,3050,4,565,0,683,0,0,0,0,0,216,464,696,339,624,972,738849,938057,154669,113112,337577,195803,127079,320775,34508,445445,795257,851864,1412495,0.5420895,1.325507,10,13,17,1194055,11,3,40,5,18,1064,9,27,34,66
000-000-119,3,1,42,2,56,355,2.535,2.756,2.421,2.284,2.556,2.013,2.673,2.074,2.266,2.154,2.761,2.316,2.283,2.103,2.727,2.111,2.581,2.138,2.487,2.845,2.455,2.975,2.193,2.479,2.478,2.873,2.156,2.869,2.568,2.764,2.707,2.135,2.829,2.287,2.528,2.977,2.993,2.248,2.105,2.033,2.706,2.329,2.997,2.047,2.835,2.383,2.928,2.048,2.821,2.075,2.703,2.616,2.875,2.83,2.55,2.501,2.882,2.901,2.737,2.911,2.516,2.816,2.349,2.415,2.029,2.314,2.315,2.718,2.645,1021577,1183846,2.899,1006371,1019698,2.867,2.201,2.619,2.764,2.992,2.591,2.136,2.057,2.669,2.217,2.808,2.829,2.583,2.736,2.221,2.957,2.172,2.942,2.906,2.179,2.436,2.096,2.846,2.795,2.376,2.357,2.359,2.103,2.826,2.228,2.395,2.282,2.539,2.058,2.09,2.479,2.271,2.457,2.142,2.817,2.301,2.548,2.803,2.809,2.778,2.676,2.025,2.66,2.045,2.497,2.001,2.958,2.445,2.531,2.453,2.246,2.134,2.967,2.201,2.493,2.913,2.584,2.322,2.466,2.748,2.232,2.563,2.045,2.641,2.414,2.191,2.659,2.561,2.993,2.605,1021827,987178,000-000-119,2.256,2.91,2.929,2.051,2.91,2.728,2.084,2.7,2.742,2.058,2.819,2.377,2.449,2.965,2.89,2.236,2.108,2.48,2.8,2.331,2.026,2.065,2.587,2.896,2.237,2.061,2.131,2.13,2.363,2.788,2.702,2.531,2.886,2.622,2.395,2.922,2.164,2.511,2.146,2.331,2.993,2.601,2.319,2.332,2.727,2.95,2.547,2.319,2.246,2.075,2.855,2.208,2.288,2.389,2.054,2.596,2.529,2.933,2.911,2.138,2.235,2.488,2.446,2.723,2.662,2.613,2.158,2.926,2.176,2.088,2.103,2.967,2.666,2.517,2.866,1162395,952200,000-000-119,11654,384,13612,44552,5823,1720,2461,1968,1845,1584,10847,3762,1502,1529,264,2924,17,736,12004,736,10695,45583,4566,1094,2077,1386,4087.2,2370,249,3640,8,555,0,1883,0,0,0,0,0,620,842,894,290,928,724,720340,780539,135492,176971,318621,100292,139343,378221,30079,459573,897867,774713,1471686,0.731619,1.8883757,22,16,12,1107278,39,4,63,3,9,1437,8,41,38,87
000-000-069,1,0,,0,64,358,2.474,2.851,2.333,2.968,2.796,2.709,2.518,2.887,2.125,2.309,2.033,2.295,2.499,2.326,2.173,2.497,2.099,2.135,2.077,2.509,2.868,2.294,2.798,2.076,2.287,2.118,2.696,2.276,2.805,2.9,2.804,2.518,2.915,2.38,2.232,2.39,2.172,2.28,2.09,2.398,2.525,2.22,2.661,2.985,2.677,2.141,2.529,2.627,2.002,2.032,2.785,2.576,2.56,2.992,2.289,2.579,2.626,2.982,2.799,2.422,2.642,2.193,2.278,2.919,2.98,2.599,2.981,2.792,2.251,956697,1123350,2.423,1125971,980595,2.686,2.836,2.315,2.954,2.643,2.164,2.717,2.988,2.789,2.738,2.19,2.091,2.948,2.985,2.958,2.53,2.61,2.437,2.836,2.863,2.923,2.166,2.699,2.102,2.7,2.717,2.931,2.864,2.488,2.177,2.152,2.999,2.409,2.412,2.998,2.232,2.259,2.65,2.76,2.82,2.432,2.867,2.575,2.766,2.071,2.119,2.154,2.15,2.699,2.865,2.066,2.311,2.149,2.021,2.011,2.103,2.812,2.053,2.986,2.24,2.151,2.12,2.765,2.109,2.762,2.759,2.397,2.964,2.585,2.033,2.311,2.807,2.916,2.27,2.722,1022746,935944,000-000-069,2.557,2.226,2.786,2.916,2.587,2.294,2.475,2.038,2.279,2.756,2.547,2.859,2.357,2.55,2.354,2.946,2.752,2.396,2.57,2.53,2.764,2.999,2.839,2.853,2.188,2.871,2.748,2.592,2.98,2.257,2.919,2.886,2.868,2.337,2.428,2.091,2.535,2.221,2.017,2.48,2.99,2.466,2.644,2.886,2.937,2.465,2.144,2.89,2.844,2.596,2.035,2.235,2.562,2.098,2.203,2.559,2.042,2.792,2.603,2.891,2.495,2.492,2.084,2.496,2.695,2.973,2.992,2.182,2.788,2.191,2.586,2.915,2.616,2.888,2.236,1115509,1017217,000-000-069,10232,675,11926,49162,5785,1735,3786,1223,1151,1374,13529,3977,1301,1623,473,2219,14,585,11254,434,12389,49595,5614,1165,2718,1018,4052.2,2591,261,2996,9,950,0,1936,0,0,0,0,0,528,332,255,823,748,466,755238,949544,170928,116299,381109,101572,116447,369043,30168,488101,839956,862004,1285544,0.9251225,1.3531034,16,10,10,1160824,10,5,69,5,11,1364,9,36,32,99
000-000-166,2,1,42,2,40,345,2.275,2.771,2.036,2.867,2.533,2.511,2.507,2.878,2.46,2.207,2.635,2.758,2.948,2.356,2.093,2.981,2.105,2.771,2.191,2.037,2.805,2.553,2.065,2.92,2.761,2.679,2.477,2.434,2.555,2.872,2.351,2.275,2.528,2.205,2.142,2.479,2.66,2.747,2.721,2.385,2.476,2.815,2.759,2.096,2.466,2.221,2.954,2.939,2.393,2.131,2.528,2.563,2.361,2.802,2.686,2.747,2.184,2.996,2.596,2.263,2.129,2.71,2.474,2.222,2.694,2.446,2.744,2.775,2.341,1065320,1054216,2.115,1083544,1018403,2.596,2.265,2.331,2.719,2.634,2.49,2.196,2.575,2.814,2.533,2.513,2.099,2.786,2.383,2.118,2.732,2.123,2.726,2.795,2.954,2.542,2.281,2.895,2.183,2.986,2.467,2.979,2.379,2.019,2.217,2.22,2.796,2.292,2.445,2.876,2.113,2.411,2.86,2.607,2.596,2.804,2.083,2.698,2.465,2.141,2.346,2.933,2.963,2.586,2.767,2.262,2.467,2.81,2.827,2.531,2.936,2.207,2.006,2.083,2.416,2.914,2.083,2.343,2.892,2.949,2.895,2.606,2.789,2.69,2.347,2.031,2.927,2.839,2.504,2.63,1024432,1121657,000-000-166,2.775,2.649,2.909,2.751,2.848,2.897,2.196,2.416,2.962,2.986,2.249,2.871,2.22,2.595,2.706,2.824,2.832,2.495,2.693,2.668,2.639,2.169,2.808,2.32,2.074,2.336,2.102,2.217,2.233,2.82,2.627,2.626,2.663,2.746,2.543,2.446,2.703,2.232,2.039,2.603,2.769,2.875,2.625,2.718,2.873,2.425,2.426,2.783,2.047,2.443,2.881,2.589,2.616,2.228,2.062,2.023,2.466,2.331,2.891,2.033,2.084,2.449,2.454,2.602,2.842,2.523,2.908,2.423,2.918,2.872,2.163,2.202,2.002,2.646,2.816,934000,1194697,000-000-166,10336,1004,12235,43493,5877,1504,3500,1811,1372,1657,17099,3347,1000,1762,250,2844,11,667,13645,368,13946,45841,4060,1245,3592,1468,4350.8,2195,314,3718,10,922,4.4,1814,0,0,0,0,0,257,932,681,500,269,773,791083,739367,116703,127605,319767,106754,149324,345332,32024,431822,759620,777240,1284442,0.0732789,1.8585795,11,15,13,1170539,38,3,70,5,6,1115,12,48,34,87
000-000-059,3,0,,0,48,339,2.467,2.978,2.579,2.26,2.599,2.706,2.669,2.032,2.977,2.832,2.592,2.01,2.673,2.043,2.463,2.817,2.445,2.162,2.617,2.844,2.109,2.198,2.707,2.92,2.533,2.487,2.701,2.527,2.445,2.402,2.048,2.379,2.347,2.727,2.612,2.833,2.393,2.672,2.135,2.745,2.776,2.799,2.408,2.889,2.896,2.777,2.147,2.02,2.092,2.918,2.585,2.143,2.263,2.859,2.817,2.117,2.498,2.3,2.073,2.543,2.661,2.655,2.883,2.683,2.305,2.277,2.648,2.279,2.697,1194205,1131639,2.944,1186209,922183,2.127,2.752,2.059,2.29,2.189,2.453,2.215,2.229,2.718,2.932,2.218,2.047,2.496,2.889,2.879,2.598,2.64,2.729,2.738,2.146,2.285,2.739,2.21,2.413,2.463,2.782,2.295,2.776,2.192,2.212,2.97,2.988,2.42,2.811,2.444,2.926,2.75,2.08,2.783,2.757,2.252,2.854,2.891,2.292,2.844,2.538,2.869,2.059,2.982,2.056,2.821,2.339,2.519,2.85,2.882,2.326,2.46,2.521,2.532,2.498,2.274,2.302,2.925,2.736,2.746,2.101,2.678,2.939,2.895,2.118,2.249,2.073,2.33,2.133,2.777,1030494,1131398,000-000-059,2.237,2.476,2.437,2.033,2.041,2.798,2.239,2.866,2.035,2.767,2.819,2.799,2.732,2.892,2.653,2.085,2.749,2.213,2.989,2.042,2.646,2.001,2.802,2.768,2.51,2.362,2.661,2.194,2.617,2.108,2.827,2.83,2.408,2.501,2.712,2.607,2.379,2.035,2.598,2.206,2.628,2.597,2.097,2.648,2.387,2.346,2.978,2.47,2.477,2.391,2.312,2.464,2.27,2.279,2.031,2.888,2.216,2.504,2.771,2.304,2.18,2.593,2.016,2.608,2.693,2.836,2.605,2.888,2.022,2.766,2.396,2.244,2.173,2.051,2.822,1084605,994021,000-000-059,13891,332,12670,40501,5587,1544,2780,1249,1873,1696,18122,3509,1959,1727,238,2191,36,788,10051,643,10104,44850,5672,1205,3911,1510,3761,2985,286,2417,17,931,0,1880,0,0,0,0,0,287,645,772,434,221,552,836625,774623,111244,139247,356645,115786,171364,354135,36733,476130,808208,738667,1446785,0.7981483,1.252972,8,9,19,1139229,39,4,29,5,19,1053,12,11,38,87
000-000-167,3,1,42,2,47,359,2.762,2.242,2.499,2.563,2.455,2.301,2.927,2.562,2.122,2.733,2.91,2.518,2.731,2.231,2.42,2.488,2.069,2.391,2.948,2.722,2.624,2.225,2.31,2.609,2.616,2.605,2.345,2.943,2.524,2.731,2.438,2.224,2.753,2.88,2.535,2.876,2.317,2.154,2.118,2.702,2.695,2.921,2.691,2.32,2.621,2.937,2.996,2.47,2.078,2.438,2.57,2.769,2.033,2.504,2.928,2.626,2.032,2.599,2.079,2.66,2.682,2.033,2.344,2.757,2.55,2.312,2.908,2.693,2.193,926877,1115393,2.344,1008646,1087652,2.288,2.492,2.927,2.768,2.114,2.379,2.024,2.182,2.058,2.312,2.622,2.97,2.728,2.84,2.798,2.571,2.336,2.122,2.088,2.601,2.146,2.136,2.62,2.742,2.144,2.624,2.606,2.79,2.52,2.143,2.567,2.926,2.396,2.211,2.692,2.627,2.922,2.762,2.428,2.761,2.06,2.121,2.545,2.02,2.324,2.275,2.989,2.603,2.447,2.469,2.805,2.755,2.361,2.895,2.444,2.582,2.463,2.43,2.304,2.181,2.256,2.196,2.857,2.073,2.191,2.634,2.868,2.103,2.594,2.913,2.262,2.88,2.199,2.171,2.22,1033595,1041836,000-000-167,2.919,2.342,2.129,2.981,2.092,2.569,2.095,2.862,2.314,2.21,2.602,2.06,2.827,2.646,2.613,2.676,2.475,2.904,2.021,2.113,2.191,2.534,2.649,2.967,2.909,2.766,2.249,2.279,2.18,2.756,2.009,2.357,2.198,2.471,2.654,2.773,2.566,2.702,2.309,2.231,2.829,2.093,2.131,2.961,2.289,2.077,2.656,2.258,2.542,2.289,2.114,2.873,2.379,2.972,2.129,2.054,2.384,2.272,2.898,2.342,2.096,2.585,2.368,2.06,2.92,2.341,2.276,2.728,2.015,2.967,2.488,2.302,2.35,2.911,2.939,946136,1009423,000-000-167,13982,843,13083,48062,4087,1452,2198,1610,1483,1392,11205,3652,1863,1607,400,2328,28,853,14459,404,11328,42606,4215,1229,3766,1335,4580.8,2091,302,2409,7,756,0,697,0,0,0,0,0,357,569,978,888,465,865,937488,771603,195891,119404,393944,133850,116078,363755,33349,442994,728540,858827,1202262,0.2192498,1.0248954,16,12,10,1047107,11,3,61,4,20,1430,7,3,29,81
000-000-181,1,1,,0,37,354,2.625,2.628,2.431,2.439,2.519,2.819,2.519,2.152,2.639,2.534,2.691,2.391,2.869,2.024,2.502,2.645,2.973,2.495,2.166,2.795,2.729,2.154,2.839,2.72,2.052,2.968,2.212,2.23,2.983,2.586,2.049,2.586,2.92,2.312,2.269,2.949,2.714,2.587,2.211,2.522,2.817,2.089,2.837,2.307,2.779,2.505,2.537,2.134,2.02,2.448,2.302,2.773,2.138,2.974,2.514,2.295,2.525,2.264,2.869,2.89,2.995,2.641,2.296,2.117,2.018,2.029,2.028,2.538,2.952,935393,928398,2.767,1176835,1035318,2.437,2.168,2.84,2.523,2.31,2.503,2.513,2.092,2.96,2.306,2.168,2.798,2.273,2.176,2.953,2.5,2.203,2.263,2.814,2.242,2.31,2.054,2.507,2.244,2.296,2.317,2.486,2.967,2.914,2.477,2.866,2.636,2.879,2.997,2.791,2.015,2.011,2.093,2.186,2.067,2.465,2.978,2.628,2.516,2.272,2.295,2.541,2.12,2.488,2.736,2.663,2.309,2.708,2.012,2.941,2.888,2.575,2.789,2.754,2.123,2.521,2.61,2.825,2.684,2.022,2.009,2.426,2.623,2.038,2.299,2.469,2.07,2.948,2.838,2.258,1034430,1190684,000-000-181,2.047,2.949,2.602,2.247,2.294,2.165,2.679,2.842,2.271,2.774,2.545,2.932,2.317,2.86,2.781,2.114,2.265,2.946,2.77,2.014,2.208,2.699,2.685,2.443,2.448,2.181,2.323,2.634,2.423,2.124,2.77,2.271,2.69,2.717,2.687,2.566,2.849,2.091,2.358,2.714,2.511,2.605,2.147,2.035,2.659,2.462,2.107,2.63,2.059,2.276,2.633,2.057,2.832,2.331,2.444,2.389,2.682,2.68,2.843,2.909,2.919,2.247,2.807,2.67,2.116,2.75,2.767,2.033,2.196,2.236,2.841,2.861,2.135,2.932,2.808,1184703,1120984,000-000-181,14029,678,14259,47989,5596,1751,2391,1992,1721,1812,16391,3376,1350,1386,399,2727,42,735,13490,423,12197,42553,5701,1258,3236,1089,4119,2567,203,3092,12,778,0,622,0,0,0,0,0,546,887,823,706,870,619,961075,891621,161657,130070,362637,153360,154850,344014,38044,407149,775984,873012,1377033,0.2090279,1.8400968,10,13,19,1104616,21,3,66,5,20,1032,11,45,24,67
000-000-024,0,0,,0,49,347,2.98,2.282,2.737,2.326,2.194,2.279,2.7,2.98,2.561,2.755,2.646,2.901,2.153,2.497,2.419,2.354,2.767,2.346,2.9,2.725,2.655,2.836,2.642,2.945,2.482,2.353,2.61,2.483,2.888,2.861,2.716,2.366,2.197,2.284,2.256,2.232,2.877,2.049,2.897,2.243,2.858,2.255,2.41,2.848,2.897,2.373,2.785,2.445,2.348,2.803,2.924,2.032,2.855,2.545,2.886,2.673,2.658,2.207,2.948,2.879,2.464,2.158,2.031,2.229,2.452,2.43,2.732,2.457,2.187,966569,1117711,2.852,1090497,1047370,2.07,2.036,2.284,2.403,2.614,2.85,2.491,2.459,2.033,2.179,2.287,2.855,2.538,2.772,2.657,2.93,2.803,2.172,2.386,2.862,2.549,2.036,2.387,2.396,2.031,2.897,2.668,2.065,2.292,2.992,2.744,2.826,2.781,2.264,2.455,2.004,2.923,2.445,2.796,2.468,2.993,2.68,2.745,2.892,2.715,2.876,2.886,2.325,2.408,2.897,2.267,2.589,2.678,2.89,2.904,2.325,2.714,2.216,2.353,2.185,2.223,2.569,2.648,2.749,2.762,2.327,2.603,2.966,2.858,2.732,2.872,2.33,2.58,2.798,2.4,1035959,935560,000-000-024,2.585,2.228,2.234,2.091,2.989,2.394,2.729,2.924,2.632,2.557,2.196,2.613,2.532,2.794,2.882,2.945,2.33,2.407,2.826,2.658,2.836,2.689,2.556,2.735,2.898,2.897,2.76,2.031,2.681,2.268,2.898,2.407,2.153,2.419,2.383,2.879,2.662,2.107,2.119,2.877,2.904,2.631,2.66,2.078,2.471,2.219,2.837,2.176,2.321,2.762,2.838,2.777,2.508,2.016,2.182,2.874,2.931,2.106,2.249,2.857,2.067,2.813,2.649,2.037,2.916,2.933,2.704,2.943,2.468,2.459,2.305,2.447,2.065,2.472,2.471,1006277,1008350,000-000-024,12204,525,13790,44565,5646,1562,2041,1163,1441,1649,10355,3934,1255,1248,187,2297,28,654,14703,978,11375,42327,5630,1782,2862,1572,4005,2023,380,3783,11,614,0,1829,0,0,0,0,0,281,870,608,213,338,917,952437,759874,190918,178089,344829,104018,128830,342234,39624,412008,805476,813783,1490275,0.3679134,1.4788715,12,13,15,1044635,13,4,57,3,13,1006,10,42,28,69
000-000-215,3,1,42,2,30,331,2.058,2.65,2.833,2.465,2.14,2.801,2.978,2.711,2.312,2.16,2.635,2.143,2.68,2.553,2.106,2.913,2.567,2.589,2.395,2.936,2.272,2.024,2.278,2.445,2.238,2.542,2.766,2.64,2.064,2.204,2.782,2.83,2.048,2.916,2.621,2.718,2.004,2.85,2.178,2.347,2.925,2.257,2.788,2.971,2.094,2.847,2.099,2.97,2.754,2.991,2.033,2.644,2.478,2.461,2.412,2.503,2.953,2.391,2.745,2.498,2.503,2.208,2.829,2.142,2.755,2.43,2.892,2.307,2.047,995167,968384,2.349,996900,1154329,2.634,2.419,2.805,2.333,2.6,2.845,2.581,2.772,2.691,2.368,2.48,2.269,2.663,2.284,2.59,2.96,2.023,2.38,2.671,2.379,2.68,2.093,2.984,2.736,2.551,2.52,2.14,2.263,2.289,2.611,2.117,2.1,2.509,2.536,2.822,2.685,2.017,2.512,2.035,2.362,2.213,2.315,2.464,2.827,2.663,2.984,2.214,2.682,2.646,2.46,2.643,2.399,2.372,2.749,2.995,2.162,2.311,2.083,2.285,2.593,2.272,2.912,2.293,2.594,2.183,2.788,2.067,2.598,2.513,2.9,2.506,2.441,2.988,2.904,2.084,1036515,1096156,000-000-215,2.115,2.351,2.324,2.173,2.941,2.222,2.926,2.286,2.486,2.327,2.563,2.175,2.787,2.772,2.416,2.928,2.305,2.122,2.716,2.927,2.416,2.662,2.325,2.867,2.321,2.175,2.742,2.263,2.027,2.566,2.438,2.674,2.615,2.744,2.593,2.127,2.854,2.702,2.459,2.227,2.041,2.231,2.591,2.981,2.63,2.282,2.724,2.549,2.796,2.891,2.186,2.876,2.719,2.621,2.76,2.27,2.529,2.969,2.284,2.477,2.68,2.965,2.763,2.643,2.142,2.894,2.502,2.3,2.213,2.418,2.621,2.5,2.573,2.118,2.672,1023947,918207,000-000-215,10716,877,14902,49669,5112,1914,3013,1492,1048,1679,15561,3088,1605,1497,216,2491,14,845,11610,343,10480,44077,4174,1437,2401,1314,3888.4,2258,296,3119,3,780,0,1988,0,0,0,0,0,718,930,649,627,240,350,788707,964847,191069,106391,321198,159395,182347,373651,35073,485905,895569,767285,1370970,0.5404878,1.7234613,8,8,16,1079384,28,4,67,3,9,1435,11,16,47,72
000-000-018,2,0,42,2,34,347,2.494,2.421,2.209,2.104,2.294,2.608,2.118,2.463,2.831,2.75,2.566,2.699,2.636,2.039,2.172,2.766,2.642,2.941,2.473,2.238,2.59,2.755,2.16,2.661,2.554,2.651,2.286,2.929,2.963,2.066,2.159,2.679,2.951,2.56,2.911,2.041,2.5,2.492,2.871,2.456,2.302,2.676,2.01,2.761,2.289,2.333,2.07,2.734,2.495,2.491,2.393,2.39,2.821,2.893,2.128,2.96,2.496,2.847,2.518,2.545,2.011,2.617,2.401,2.26,2.807,2.698,2.615,2.744,2.504,1024173,1174096,2.768,1078997,1192934,2.594,2.936,2.184,2.804,2.913,2.138,2.79,2.106,2.297,2.481,2.426,2.137,2.463,2.302,2.553,2.228,2.038,2.27,2.15,2.37,2.094,2.194,2.156,2.169,2.57,2.796,2.131,2.377,2.973,2.812,2.179,2.122,2.908,2.294,2.252,2.871,2.731,2.865,2.125,2.275,2.311,2.253,2.004,2.934,2.142,2.804,2.896,2.254,2.322,2.466,2.992,2.334,2.243,2.609,2.598,2.666,2.709,2.48,2.33,2.132,2.766,2.81,2.055,2.65,2.465,2.623,2.19,2.285,2.013,2.624,2.206,2.415,2.874,2.611,2.066,1038395,1060987,000-000-018,2.002,2.822,2.851,2.694,2.437,2.663,2.92,2.958,2.28,2.022,2.075,2.738,2.625,2.636,2.174,2.32,2.002,2.341,2.175,2.719,2.558,2.986,2.714,2.226,2.963,2.937,2.144,2.654,2.883,2.564,2.133,2.404,2.324,2.529,2.125,2.444,2.913,2.435,2.109,2.125,2.137,2.826,2.352,2.704,2.535,2.651,2.846,2.047,2.032,2.684,2.005,2.722,2.828,2.639,2.858,2.865,2.012,2.586,2.668,2.444,2.05,2.861,2.228,2.778,2.744,2.667,2.917,2.079,2.335,2.718,2.552,2.499,2.499,2.025,2.387,933217,946155,000-000-018,14733,496,12152,49328,4077,1218,2222,1189,1987,1510,14097,3732,1148,1427,280,2903,12,958,11276,890,10064,46542,5775,1843,2012,1447,4460.3,2059,340,3964,18,669,0,1425,0,0,0,0,0,891,469,347,866,600,585,785950,958618,166686,164400,399860,133082,178211,373443,32201,447212,721731,822022,1458860,0.6686926,1.6973441,18,18,13,1002891,32,5,59,3,6,1362,7,45,42,82
000-000-144,0,1,,0,43,392,2.319,2.828,2.489,2.305,2.879,2.678,2.04,2.204,2.344,2.908,2.61,2.768,2.116,2.929,2.251,2.779,2.226,2.235,2.572,2.158,2.141,2.89,2.47,2.493,2.568,2.766,2.523,2.06,2.017,2.68,2.952,2.863,2.494,2.933,2.542,2.748,2.845,2.723,2.833,2.503,2.845,2.738,2.469,2.881,2.532,2.674,2.853,2.012,2.379,2.054,2.384,2.271,2.076,2.047,2.23,2.615,2.464,2.208,2.346,2.694,2.03,2.842,2.564,2.303,2.186,2.672,2.063,2.92,2.088,910698,1046040,2.687,1032899,932291,2.826,2.675,2.959,2.72,2.518,2.85,2.362,2.15,2.6,2.281,2.427,2.171,2.603,2.276,2.865,2.561,2.939,2.621,2.229,2.508,2.699,2.503,2.702,2.096,2.975,2.607,2.57,2.36,2.119,2.15,2.3,2.172,2.212,2.727,2.936,2.214,2.564,2.353,2.977,2.607,2.693,2.96,2.617,2.917,2.593,2.281,2.045,2.541,2.474,2.938,2.53,2.531,2.255,2.705,2.819,2.229,2.877,2.673,2.668,2.99,2.259,2.296,2.106,2.445,2.394,2.577,2.882,2.904,2.641,2.231,2.289,2.309,2.25,2.73,2.296,1041179,1149995,000-000-144,2.05,2.886,2.958,2.927,2.401,2.575,2.417,2.891,2.123,2.351,2.111,2.965,2.87,2.441,2.579,2.233,2.815,2.036,2.753,2.081,2.719,2.036,2.061,2.034,2.26,2.165,2.48,2.222,2.789,2.262,2.93,2.812,2.303,2.674,2.447,2.907,2.962,2.708,2.15,2.741,2.279,2.157,2.438,2.17,2.965,2.856,2.892,2.115,2.185,2.443,2.103,2.661,2.139,2.544,2.168,2.909,2.8,2.95,2.988,2.013,2.473,2.3,2.862,2.648,2.381,2.744,2.196,2.655,2.913,2.716,2.244,2.042,2.504,2.806,2.155,921914,964938,000-000-144,12312,1043,11898,45333,5073,1128,2704,1084,1751,1241,11878,3978,1919,1881,352,2164,49,752,10586,998,10103,45009,5595,1041,3806,1288,4289.9,2825,384,2643,2,878,0,826,0,0,0,0,0,594,737,640,645,531,776,710675,845571,159895,125284,338351,156887,118525,373564,39037,486774,764516,718835,1402138,0.7144545,1.5111291,19,17,18,1116942,40,5,58,5,19,1247,11,41,35,83
000-000-060,0,0,42,2,51,331,2.483,2.786,2.29,2.366,2.437,2.218,2.178,2.888,2.26,2.439,2.065,2.301,2.166,2.451,2.975,2.42,2.297,2.187,2.84,2.132,2.623,2.802,2.63,2.044,2.684,2.963,2.27,2.767,2.384,2.349,2.669,2.153,2.69,2.954,2.155,2.913,2.759,2.588,2.123,2.974,2.07,2.426,2.147,2.611,2.269,2.749,2.937,2.354,2.641,2.171,2.798,2.944,2.92,2.581,2.809,2.024,2.971,2.798,2.257,2.507,2.229,2.178,2.012,2.393,2.54,2.765,2.018,2.806,2.762,1164122,1093182,2.423,1161727,1184187,2.988,2.869,2.8,2.179,2.15,2.844,2.597,2.062,2.945,2.487,2.694,2.986,2.018,2.181,2.369,2.388,2.026,2.625,2.948,2.871,2.581,2.909,2.815,2.128,2.137,2.15,2.905,2.34,2.426,2.07,2.736,2.246,2.238,2.53,2.284,2.792,2.463,2.766,2.729,2.683,2.141,2.562,2.355,2.079,2.915,2.975,2.021,2.421,2.299,2.895,2.038,2.355,2.675,2.698,2.767,2.333,2.667,2.624,2.693,2.77,2.45,2.071,2.302,2.631,2.1,2.366,2.524,2.259,2.919,2.131,2.311,2.211,2.908,2.764,2.789,1041891,974532,000-000-060,2.359,2.037,2.504,2.632,2.246,2.107,2.597,2.699,2.261,2.504,2.39,2.015,2.049,2.107,2.973,2.565,2.175,2.773,2.051,2.682,2.537,2.456,2.5,2.442,2.198,2.354,2.491,2.057,2.382,2.636,2.901,2.613,2.834,2.452,2.129,2.456,2.06,2.906,2.88,2.786,2.013,2.923,2.391,2.034,2.819,2.181,2.146,2.836,2.826,2.582,2.172,2.212,2.325,2.858,2.423,2.69,2.644,2.583,2.218,2.826,2.444,2.023,2.552,2.23,2.473,2.125,2.86,2.846,2.766,2.526,2.221,2.709,2.38,2.897,2.127,991755,985211,000-000-060,10106,734,11690,43054,5379,1451,2137,1513,1771,1770,19937,3491,1459,1417,391,2705,33,888,14783,375,13318,48699,4195,1086,2006,1567,4214,2115,215,3764,12,586,0,904,0,0,0,0,0,699,581,827,996,663,925,909368,901317,168000,144393,308215,117997,160560,322913,30983,408577,754425,896383,1367920,0.1240059,1.345559,13,18,15,1179322,31,5,65,4,15,1223,12,10,44,64
000-000-191,3,1,,0,48,394,2.493,2.043,2.035,2.532,2.251,2.739,2.528,2.871,2.234,2.973,2.776,2.712,2.811,2.431,2.271,2.987,2.358,2.261,2.547,2.918,2.163,2.132,2.212,2.631,2.934,2.404,2.603,2.083,2.714,2.585,2.057,2.844,2.653,2.106,2.143,2.058,2.121,2.111,2.319,2.368,2.365,2.047,2.751,2.094,2.882,2.662,2.305,2.229,2.243,2.525,2.968,2.059,2.29,2.319,2.751,2.728,2.17,2.408,2.358,2.737,2.224,2.975,2.963,2.151,2.435,2.639,2.489,2.218,2.18,1090323,1032204,2.501,957151,1159071,2.573,2.582,2.993,2.436,2.607,2.366,2.536,2.446,2.729,2.839,2.832,2.87,2.71,2.663,2.216,2.248,2.274,2.535,2.591,2.717,2.65,2.677,2.527,2.885,2.43,2.191,2.975,2.767,2.917,2.303,2.394,2.808,2.278,2.118,2.775,2.145,2.049,2.825,2.452,2.01,2.905,2.547,2.311,2.327,2.853,2.067,2.65,2.263,2.042,2.884,2.848,2.469,2.039,2.549,2.328,2.924,2.365,2.146,2.99,2.199,2.449,2.193,2.756,2.652,2.685,2.296,2.435,2.137,2.133,2.577,2.585,2.286,2.702,2.058,2.439,1041930,1018901,000-000-191,2.653,2.415,2.178,2.96,2.195,2.736,2.026,2.621,2.367,2.956,2.347,2.668,2.576,2.432,2.243,2.835,2.603,2.649,2.597,2.301,2.908,2.828,2.124,2.09,2.986,2.557,2.985,2.684,2.808,2.001,2.99,2.581,2.957,2.755,2.56,2.735,2.477,2.187,2.908,2.154,2.774,2.114,2.026,2.191,2.465,2.259,2.056,2.232,2.948,2.967,2.925,2.652,2.307,2.214,2.856,2.191,2.435,2.113,2.252,2.696,2.117,2.833,2.279,2.629,2.63,2.412,2.433,2.983,2.187,2.936,2.275,2.464,2.594,2.861,2.668,976168,1019829,000-000-191,14656,1045,11162,48779,4883,1184,3451,1331,1794,1987,15258,3284,1421,1416,454,2286,25,909,14807,511,10032,43217,4569,1549,3612,1035,3934.8,2970,221,3808,20,575,0,1231,0,0,0,0,0,200,215,692,342,398,754,767659,976803,188704,155534,307789,131259,184222,367047,30182,478048,879226,831999,1318674,0.7183655,1.8028385,21,21,14,1126486,27,5,41,3,14,1126,13,38,27,46
000-000-145,1,1,42,2,58,348,2.222,2.938,2.131,2.259,2.242,2.715,2.551,2.207,2.457,2.086,2.886,2.209,2.232,2.167,2.98,2.887,2.965,2.345,2.55,2.583,2.537,2.938,2.231,2.742,2.515,2.07,2.777,2.579,2.358,2.972,2.983,2.053,2.932,2.496,2.414,2.444,2.402,2.888,2.341,2.124,2.663,2.897,2.243,2.982,2.338,2.009,2.55,2.51,2.102,2.707,2.157,2.36,2.888,2.777,2.805,2.645,2.543,2.941,2.547,2.747,2.417,2.3,2.933,2.726,2.757,2.748,2.147,2.528,2.121,1139940,978950,2.859,931284,908330,2.85,2.97,2.417,2.758,2.873,2.253,2.842,2.086,2.824,2.507,2.263,2.503,2.464,2.698,2.642,2.153,2.535,2.551,2.743,2.08,2.073,2.554,2.883,2.528,2.747,2.602,2.232,2.913,2.768,2.681,2.987,2.141,2.819,2.036,2.678,2.287,2.572,2.423,2.624,2.687,2.871,2.401,2.639,2.68,2.076,2.055,2.374,2.238,2.618,2.667,2.947,2.443,2.468,2.465,2.494,2.82,2.28,2.793,2.825,2.276,2.639,2.637,2.667,2.643,2.506,2.119,2.283,2.401,2.874,2.075,2.912,2.383,2.024,2.033,2.003,1043951,1044783,000-000-145,2.365,2.731,2.196,2.2,2.059,2.485,2.799,2.709,2.768,2.696,2.348,2.22,2.081,2.366,2.082,2.375,2.829,2.723,2.389,2.834,2.461,2.791,2.712,2.478,2.578,2.574,2.12,2.014,2.909,2.607,2.423,2.636,2.891,2.378,2.881,2.23,2.684,2.166,2.081,2.22,2.208,2.912,2.675,2.111,2.732,2.828,2.843,2.981,2.835,2.374,2.351,2.297,2.221,2.401,2.356,2.386,2.491,2.952,2.14,2.675,2.646,2.044,2.695,2.951,2.485,2.935,2.655,2.219,2.533,2.266,2.935,2.289,2.718,2.858,2.629,1128188,1161482,000-000-145,13585,425,13733,41095,5085,1154,2589,1681,1899,1952,16821,3461,1771,1007,312,2782,42,919,14915,358,13907,44514,4522,1804,3719,1231,3633.9,2149,230,2460,12,743,0,1755,0,0,0,0,0,916,826,781,244,892,354,792825,784799,198625,181240,350968,121094,115171,313542,33878,456273,834973,736576,1335667,0.3802265,1.4840756,15,20,20,1054813,30,4,44,3,18,1438,13,10,44,52
000-000-150,2,1,42,2,42,321,2.919,2.63,2.194,2.138,2.681,2.296,2.697,2.525,2.472,2.72,2.549,2.288,2.172,2.562,2.543,2.165,2.858,2.718,2.034,2.376,2.281,2.673,2.911,2.729,2.473,2.327,2.759,2.206,2.426,2.748,2.517,2.808,2.338,2.752,2.211,2.012,2.78,2.752,2.686,2.639,2.652,2.367,2.152,2.896,2.107,2.253,2.079,2.681,2.253,2.139,2.702,2.074,2.147,2.784,2.532,2.188,2.809,2.843,2.264,2.659,2.728,2.708,2.62,2.761,2.508,2.239,2.924,2.119,2.979,1151628,1146786,2.69,985511,1105688,2.549,2.23,2.031,2.881,2.617,2.718,2.907,2.802,2.44,2.851,2.104,2.2,2.66,2.896,2.888,2.884,2.699,2.832,2.058,2.898,2.474,2.555,2.591,2.96,2.681,2.033,2.061,2.022,2.825,2.21,2.973,2.944,2.832,2.073,2.891,2.478,2.115,2.885,2.39,2.931,2.133,2.418,2.036,2.171,2.407,2.007,2.222,2.701,2.261,2.275,2.973,2.292,2.547,2.881,2.652,2.215,2.765,2.534,2.044,2.037,2.012,2.7,2.154,2.295,2.818,2.515,2.435,2.169,2.244,2.086,2.777,2.845,2.232,2.69,2.589,1045524,933692,000-000-150,2.571,2.514,2.637,2.746,2.607,2.569,2.047,2.511,2.55,2.025,2.482,2.164,2.674,2.422,2.286,2.407,2.331,2.468,2.418,2.169,2.039,2.297,2.996,2.157,2.446,2.017,2.481,2.577,2.012,2.553,2.118,2.821,2.848,2.945,2.577,2.412,2.399,2.648,2.479,2.165,2.053,2.466,2.689,2.961,2.204,2.379,2.566,2.584,2.545,2.501,2.621,2.995,2.598,2.532,2.534,2.255,2.012,2.121,2.124,2.129,2.454,2.371,2.468,2.159,2.083,2.838,2.951,2.522,2.334,2.089,2.648,2.173,2.899,2.972,2.465,1064522,1118228,000-000-150,10061,524,14343,41668,5730,1944,3148,1837,1236,1748,12534,3094,1472,1873,430,2823,14,684,12453,356,14738,43893,5877,1937,3611,1844,3740.1,2573,389,2176,14,601,0,1489,0,0,0,0,0,726,726,768,329,394,674,858365,814212,101873,177057,337033,136700,135411,371272,32561,421754,745163,800116,1420253,0.9345351,1.0015473,22,10,12,1140809,25,3,48,3,17,1325,8,15,24,46
000-000-114,2,1,42,2,64,393,2.5,2.69,2.047,2.315,2.956,2.529,2.087,2.1,2.032,2.758,2.698,2.762,2.315,2.555,2.674,2.308,2.981,2.219,2.062,2.597,2.407,2.777,2.773,2.822,2.17,2.002,2.278,2.027,2.316,2.42,2.756,2.874,2.11,2.496,2.343,2.866,2.627,2.85,2.343,2.877,2.08,2.401,2.34,2.309,2.806,2.498,2.377,2.142,2.655,2.546,2.63,2.024,2.392,2.933,2.548,2.716,2.701,2.214,2.197,2.37,2.515,2.474,2.549,2.998,2.224,2.876,2.64,2.663,2.453,982069,1174479,2.345,1116996,1109483,2.518,2.727,2.363,2.301,2.373,2.884,2.066,2.621,2.438,2.9,2.337,2.201,2.504,2.122,2.213,2.835,2.345,2.698,2.185,2.633,2.322,2.069,2.168,2.185,2.673,2.314,2.215,2.506,2.037,2.323,2.127,2.627,2.859,2.079,2.838,2.812,2.9,2.058,2.938,2.27,2.869,2.924,2.347,2.663,2.766,2.639,2.029,2.226,2.316,2.941,2.711,2.858,2.904,2.751,2.377,2.155,2.121,2.839,2.459,2.258,2.389,2.98,2.931,2.075,2.551,2.667,2.649,2.65,2.11,2.22,2.852,2.44,2.245,2.263,2.712,1045852,1041743,000-000-114,2.107,2.425,2.03,2.126,2.871,2.402,2.319,2.931,2.607,2.084,2.949,2.149,2.191,2.425,2.376,2.834,2.764,2.817,2.8,2.236,2.808,2.817,2.876,2.956,2.717,2.513,2.303,2.818,2.208,2.035,2.791,2.208,2.694,2.629,2.766,2.716,2.767,2.682,2.605,2.958,2.622,2.185,2.264,2.478,2.832,2.888,2.824,2.602,2.031,2.53,2.345,2.176,2.611,2.163,2.392,2.636,2.899,2.033,2.974,2.995,2.368,2.367,2.207,2.663,2.681,2.73,2.832,2.39,2.173,2.73,2.701,2.756,2.048,2.737,2.102,1154539,1090629,000-000-114,10712,1082,12325,44292,4221,1000,2988,1823,1424,1787,14576,3689,1565,1454,163,2913,16,695,10286,429,14877,41748,5258,1229,2265,1618,3727.7,2204,400,2093,10,856,0,1491,0,0,0,0,0,284,368,969,413,876,413,972633,719311,158212,158706,379679,169650,128962,359606,38860,478862,791444,782279,1444476,0.2355246,1.1179189,10,13,22,1149859,30,4,46,5,10,1118,12,35,28,82
000-000-174,2,1,42,2,33,343,2.088,2.004,2.7,2.81,2.047,2.336,2.955,2.808,2.145,2.608,2.695,2.391,2.695,2.421,2.679,2.844,2.625,2.998,2.165,2.723,2.157,2.139,2.002,2.864,2.695,2.075,2.68,2.637,2.504,2.112,2.164,2.266,2.042,2.391,2.37,2.434,2.838,2.212,2.838,2.491,2.364,2.343,2.229,2.11,2.7,2.577,2.694,2.287,2.469,2.914,2.539,2.47,2.451,2.056,2.791,2.878,2.239,2.543,2.869,2.705,2.393,2.594,2.261,2.464,2.432,2.646,2.51,2.56,2.334,1083848,1111406,2.261,1055165,1104084,2.051,2.275,2.549,2.424,2.508,2.16,2.538,2.496,2.791,2.139,2.871,2.495,2.453,2.564,2.943,2.543,2.24,2.032,2.856,2.284,2.759,2.283,2.105,2.174,2.726,2.218,2.265,2.485,2.856,2.728,2.828,2.464,2.55,2.877,2.565,2.985,2.559,2.902,2.378,2.255,2.861,2.032,2.554,2.597,2.875,2.055,2.677,2.091,2.007,2.449,2.92,2.27,2.295,2.337,2.355,2.631,2.012,2.362,2.85,2.618,2.524,2.407,2.412,2.021,2.111,2.04,2.253,2.123,2.719,2.697,2.88,2.763,2.559,2.315,2.991,1046068,951198,000-000-174,2.65,2.28,2.407,2.913,2.688,2.202,2.107,2.118,2.913,2.692,2.524,2.578,2.134,2.096,2.253,2.207,2.469,2.337,2.773,2.84,2.059,2.188,2.703,2.276,2.463,2.47,2.648,2.825,2.393,2.462,2.291,2.184,2.962,2.192,2.388,2.606,2.349,2.93,2.812,2.997,2.696,2.317,2.537,2.264,2.516,2.412,2.597,2.749,2.616,2.148,2.953,2.16,2.21,2.227,2.291,2.636,2.373,2.17,2.567,2.033,2.374,2.055,2.623,2.264,2.942,2.189,2.887,2.675,2.313,2.073,2.167,2.658,2.312,2.738,2.243,1011755,1124221,000-000-174,10080,863,12260,44141,4938,1167,3674,1027,1247,1993,14400,3352,1951,1004,285,2469,21,865,10331,435,13435,42426,4872,1574,3458,1539,4351.8,2872,325,2058,1,976,0,1989,0,0,0,0,0,573,282,270,800,822,686,866424,911360,197621,163496,331835,166762,189020,329341,30553,452561,722986,790518,1343825,0.1231296,1.849568,14,12,12,1158078,33,5,57,4,6,1218,11,42,42,77
000-000-158,2,1,42,2,26,387,2.127,2.262,2.989,2.185,2.302,2.039,2.849,2.688,2.346,2.37,2.762,2.348,2.518,2.114,2.851,2.225,2.503,2.092,2.651,2.739,2.966,2.563,2.103,2.74,2.052,2.829,2.749,2.416,2.489,2.665,2.397,2.876,2.327,2.282,2.394,2.347,2.61,2.006,2.163,2.564,2.24,2.131,2.024,2.691,2.929,2.337,2.619,2.983,2.653,2.431,2.162,2.214,2.896,2.069,2.349,2.83,2.122,2.505,2.975,2.171,2.529,2.014,2.696,2.007,2.319,2.776,2.283,2.389,2.778,1103439,1020391,2.7,1045968,1001211,2.202,2.097,2.834,2.158,2.062,2.366,2.005,2.121,2.776,2.57,2.892,2.49,2.423,2.425,2.573,2.317,2.048,2.892,2.346,2.884,2.703,2.706,2.388,2.06,2.787,2.474,2.731,2.343,2.508,2.366,2.594,2.004,2.731,2.32,2.203,2.793,2.632,2.994,2.974,2.8,2.534,2.749,2.308,2.265,2.382,2.431,2.577,2.458,2.873,2.283,2.762,2.302,2.783,2.876,2.304,2.016,2.572,2.974,2.103,2.718,2.721,2.506,2.844,2.297,2.069,2.023,2.912,2.458,2.404,2.471,2.461,2.767,2.196,2.62,2.267,1048960,1137343,000-000-158,2.351,2.203,2.944,2.311,2.808,2.502,2.027,2.149,2.048,2.838,2.287,2.774,2.533,2.746,2.494,2.189,2.973,2.227,2.056,2.142,2.357,2.827,2.357,2.884,2.66,2.501,2.763,2.425,2.885,2.239,2.013,2.586,2.117,2.872,2.349,2.892,2.594,2.479,2.878,2.976,2.776,2.378,2.723,2.942,2.898,2.602,2.046,2.869,2.646,2.074,2.547,2.237,2.607,2.373,2.413,2.047,2.191,2.051,2.829,2.282,2.63,2.444,2.235,2.637,2.271,2.836,2.216,2.737,2.88,2.234,2.731,2.063,2.283,2.004,2.549,1060954,907164,000-000-158,13883,806,12202,46867,5414,1664,3245,1370,1317,1846,17991,3229,1367,1553,485,2197,40,536,12916,408,13593,42839,5129,1838,3368,1014,3644.7,2085,205,2469,12,850,0,1659,0,0,0,0,0,658,641,951,790,500,237,715253,790198,136681,104621,323416,139996,170165,398390,34315,425867,762893,755687,1445718,0.0457023,1.8351821,10,13,16,1017091,43,4,36,3,15,1134,11,2,37,44
000-000-088,0,0,42,2,28,314,2.354,2.42,2.827,2.156,2.522,2.147,2.76,2.794,2.639,2.103,2.304,2.697,2.63,2.277,2.431,2.968,2.812,2.287,2.596,2.963,2.444,2.971,2.423,2.468,2.332,2.958,2.765,2.723,2.396,2.144,2.833,2.559,2.695,2.276,2.426,2.354,2.3,2.583,2.549,2.893,2.076,2.23,2.251,2.968,2.59,2.546,2.375,2.124,2.85,2.085,2.34,2.174,2.416,2.595,2.913,2.682,2.413,2.326,2.32,2.907,2.698,2.627,2.431,2.968,2.164,2.685,2.997,2.046,2.046,995260,1132636,2.097,993153,1048345,2.925,2.325,2.675,2.287,2.071,2.047,2.505,2.301,2.028,2.943,2.964,2.085,2.855,2.904,2.883,2.838,2.055,2.242,2.047,2.336,2.68,2.679,2.223,2.049,2.7,2.682,2.977,2.585,2.492,2.539,2.077,2.47,2.63,2.232,2.327,2.396,2.266,2.747,2.16,2.438,2.414,2.598,2.851,2.88,2.277,2.854,2.096,2.285,2.468,2.691,2.018,2.244,2.843,2.585,2.487,2.337,2.764,2.511,2.793,2.598,2.453,2.242,2.963,2.589,2.384,2.816,2.825,2.259,2.778,2.897,2.852,2.568,2.311,2.96,2.562,1051434,1030253,000-000-088,2.198,2.503,2.834,2.936,2.765,2.66,2.197,2.639,2.121,2.719,2.653,2.863,2.265,2.371,2.119,2.249,2.142,2.304,2.339,2.704,2.183,2.981,2.874,2.511,2.031,2.148,2.087,2.14,2.209,2.699,2.274,2.548,2.039,2.634,2.165,2.463,2.529,2.864,2.037,2.16,2.52,2.573,2.598,2.746,2.736,2.335,2.48,2.49,2.402,2.177,2.5,2.886,2.998,2.191,2.182,2.286,2.572,2.961,2.594,2.178,2.889,2.792,2.616,2.41,2.422,2.66,2.695,2.128,2.961,2.183,2.902,2.251,2.429,2.083,2.093,1190316,1007803,000-000-088,11899,649,14658,42913,5218,1348,2760,1076,1067,1642,19461,3855,1992,1234,300,2439,33,745,13839,680,13607,40706,4569,1796,3773,1818,4193.6,2427,295,3439,19,627,0,627,0,0,0,0,0,976,619,449,250,353,936,804371,825987,189475,177346,359503,102482,175726,334081,35439,400960,701196,776360,1489780,0.8995165,1.517633,18,9,19,1036680,42,4,26,3,15,1159,8,33,24,88
000-000-006,2,0,42,2,61,306,2.386,2.832,2.771,2.279,2.609,2.081,2.743,2.685,2.485,2.366,2.93,2.54,2.382,2.994,2.074,2.74,2.382,2.847,2.977,2.168,2.298,2.176,2.69,2.031,2.594,2.815,2.835,2.218,2.224,2.634,2.931,2.759,2.782,2.957,2.953,2.675,2.603,2.344,2.894,2.747,2.5,2.663,2.26,2.688,2.828,2.222,2.602,2.929,2.325,2.254,2.795,2.624,2.248,2.563,2.116,2.85,2.57,2.215,2.943,2.534,2.651,2.416,2.052,2.746,2.644,2.761,2.59,2.014,2.047,1038421,914310,2.212,1023851,913428,2.441,2.491,2.248,2.027,2.308,2.503,2.747,2.922,2.959,2.729,2.438,2.776,2.022,2.473,2.027,2.567,2.532,2.335,2.984,2.268,2.173,2.238,2.384,2.534,2.631,2.332,2.344,2.236,2.121,2.959,2.327,2.959,2.535,2.586,2.899,2.581,2.545,2.221,2.504,2.921,2.278,2.381,2.033,2.155,2.057,2.704,2.35,2.719,2.421,2.217,2.039,2.485,2.542,2.067,2.844,2.405,2.709,2.826,2.978,2.358,2.171,2.274,2.413,2.171,2.546,2.27,2.562,2.121,2.133,2.607,2.627,2.062,2.827,2.758,2.954,1053710,917113,000-000-006,2.14,2.519,2.294,2.643,2.971,2.63,2.696,2.861,2.496,2.806,2.993,2.326,2.648,2.346,2.34,2.866,2.641,2.566,2.839,2.078,2.677,2.473,2.082,2.809,2.289,2.253,2.582,2.858,2.409,2.179,2.199,2.044,2.998,2.122,2.624,2.18,2.388,2.134,2.124,2.218,2.861,2.871,2.682,2.864,2.344,2.435,2.759,2.664,2.521,2.828,2.255,2.419,2.269,2.056,2.008,2.017,2.675,2.124,2.81,2.825,2.861,2.171,2.235,2.08,2.016,2.534,2.061,2.764,2.111,2.975,2.587,2.961,2.479,2.608,2.358,1064922,1193838,000-000-006,13676,695,14732,45830,4224,1351,3797,1731,1950,1068,17920,3282,1911,1509,497,2511,49,611,12699,384,14864,43564,4939,1904,2614,1692,4165,2410,347,2093,19,638,0,1023,0,0,0,0,0,707,485,886,225,452,646,948662,947355,132330,124202,392690,110679,162959,367092,39056,441781,858137,897499,1391718,0.4193331,1.7943534,13,11,11,1081697,37,4,54,3,18,1083,11,3,37,76
000-000-159,3,1,,0,36,336,2.265,2.746,2.891,2.373,2.493,2.442,2.348,2.083,2.643,2.162,2.053,2.2,2.689,2.248,2.782,2.425,2.674,2.534,2.238,2.815,2.778,2.093,2.894,2.967,2.733,2.254,2.572,2.516,2.658,2.953,2.71,2.4,2.119,2.75,2.887,2.707,2.284,2.72,2.662,2.059,2.886,2.527,2.445,2.605,2.262,2.149,2.617,2.894,2.687,2.333,2.133,2.224,2.557,2.482,2.299,2.25,2.802,2.89,2.539,2.848,2.385,2.929,2.774,2.775,2.896,2.867,2.369,2.679,2.836,1058415,959667,2.68,1024251,1187165,2.084,2.317,2.335,2.329,2.568,2.068,2.295,2.537,2.717,2.178,2.07,2.456,2.407,2.628,2.291,2.43,2.872,2.382,2.966,2.821,2.291,2.464,2.854,2.363,2.976,2.733,2.2,2.374,2.258,2.401,2.313,2.931,2.434,2.345,2.124,2.576,2.622,2.107,2.228,2.099,2.986,2.809,2.641,2.603,2.799,2.795,2.644,2.291,2.505,2.842,2.511,2.408,2.216,2.217,2.057,2.64,2.124,2.443,2.029,2.576,2.303,2.417,2.048,2.16,2.746,2.661,2.988,2.74,2.419,2.317,2.445,2.52,2.022,2.468,2.213,1054184,1044693,000-000-159,2.274,2.183,2.607,2.615,2.272,2.35,2.532,2.83,2.514,2.684,2.683,2.895,2.383,2.473,2.023,2.558,2.19,2.773,2.537,2.759,2.461,2.692,2.477,2.281,2.559,2.593,2.828,2.505,2.994,2.49,2.879,2.445,2.95,2.504,2.156,2.3,2.013,2.192,2.111,2.776,2.002,2.711,2.328,2.221,2.721,2.641,2.419,2.226,2.162,2.379,2.835,2.114,2.257,2.294,2.494,2.042,2.27,2.6,2.605,2.157,2.256,2.35,2.629,2.846,2.669,2.093,2.095,2.375,2.168,2.346,2.689,2.087,2.693,2.816,2.78,1034928,1163099,000-000-159,14222,714,11835,49606,4082,1880,2585,1575,1311,1394,14564,3131,1649,1500,429,2496,14,669,12894,382,12777,42439,4011,1692,3960,1005,3761.8,2067,396,3250,19,804,0,1201,0,0,0,0,0,969,999,604,485,486,417,995626,884813,147742,146943,340055,139088,110414,344248,35515,421357,719687,855804,1469131,0.4279679,1.716663,10,19,20,1003414,30,3,43,3,8,1222,8,41,40,84
000-000-182,2,1,,0,46,330,2.526,2.425,2.497,2.694,2.638,2.699,2.264,2.732,2.26,2.837,2.545,2.775,2.675,2.797,2.517,2.65,2.619,2.815,2.087,2.227,2.503,2.972,2.298,2.523,2.532,2.207,2.534,2.724,2.229,2.655,2.431,2.885,2.054,2.136,2.635,2.926,2.413,2.359,2.874,2.517,2.865,2.874,2.599,2.835,2.14,2.106,2.739,2.988,2.299,2.552,2.816,2.087,2.432,2.162,2.176,2.75,2.42,2.692,2.158,2.016,2.586,2.712,2.284,2.018,2.553,2.555,2.881,2.56,2.783,1109977,1188076,2.621,902138,1070441,2.787,2.857,2.74,2.321,2.218,2.276,2.696,2.503,2.561,2.522,2.379,2.621,2.493,2.363,2.618,2.96,2.408,2.612,2.021,2.355,2.586,2.648,2.666,2.793,2.517,2.368,2.66,2.037,2.079,2.269,2.511,2.749,2.656,2.798,2.595,2.844,2.045,2.63,2.501,2.091,2.402,2.804,2.398,2.512,2.447,2.693,2.437,2.332,2.948,2.201,2.037,2.167,2.282,2.411,2,2.583,2.137,2.396,2.517,2.145,2.693,2.3,2.026,2.885,2.313,2.926,2.796,2.434,2.59,2.655,2.749,2.464,2.57,2.734,2.501,1054228,1082526,000-000-182,2.236,2.732,2.887,2.982,2.141,2.332,2.981,2.237,2.7,2.687,2.824,2.45,2.131,2.141,2.978,2.446,2.29,2.907,2.021,2.618,2.677,2.494,2.496,2.607,2.609,2.886,2.389,2.82,2.157,2.43,2.564,2.607,2.59,2.95,2.698,2.695,2.697,2.126,2.604,2.691,2.361,2.362,2.445,2.663,2.62,2.766,2.857,2.385,2.708,2.718,2.838,2.611,2.228,2.298,2.898,2.9,2.756,2.428,2.887,2.671,2.508,2.777,2.006,2.719,2.398,2.437,2.823,2.746,2.608,2.608,2.214,2.17,2.141,2.227,2.869,928195,1086521,000-000-182,10187,629,14498,44874,4849,1451,3260,1282,1336,1914,10945,3578,1982,1357,430,2962,43,546,14351,544,12831,44453,4254,1451,2527,1068,3515.3,2915,349,3672,6,955,0,1253,0,0,0,0,0,494,901,282,263,213,997,763764,771918,111712,166610,369070,136794,156783,371566,35665,446925,869961,821171,1210790,0.7397772,1.5236634,12,17,11,1185860,38,3,46,3,7,1093,12,8,36,42
000-000-099,3,0,,0,41,328,2.068,2.459,2.883,2.085,2.289,2.96,2.963,2.314,2.899,2.984,2.919,2.631,2.666,2.081,2.382,2.361,2.838,2.325,2.566,2.156,2.04,2.728,2.043,2.914,2.226,2.469,2.796,2.875,2.566,2.286,2.817,2.313,2.245,2.374,2.548,2.743,2.49,2.037,2.881,2.278,2.312,2.8,2.739,2.974,2.162,2.811,2.214,2.051,2.45,2.159,2.207,2.236,2.877,2.566,2.062,2.033,2.572,2.137,2.599,2.2,2.546,2.588,2.578,2.598,2.819,2.776,2.135,2.878,2.721,1066624,1094043,2.113,1136505,915993,2.022,2.925,2.025,2.942,2.026,2.674,2.63,2.668,2.034,2.654,2.857,2.101,2.965,2.164,2.461,2.328,2.15,2.177,2.841,2.497,2.22,2.49,2.139,2.063,2.057,2.75,2.87,2.38,2.443,2.638,2.528,2.34,2.544,2.867,2.264,2.63,2.033,2.565,2.93,2.171,2.462,2.774,2.708,2.151,2.082,2.991,2.688,2.537,2.443,2.219,2.645,2.57,2.219,2.149,2.177,2.494,2.854,2.862,2.221,2.652,2.457,2.445,2.316,2.49,2.634,2.343,2.327,2.285,2.629,2.388,2.059,2.285,2.594,2.536,2.079,1054287,1153422,000-000-099,2.959,2.951,2.127,2.038,2.538,2.134,2.741,2.902,2.141,2.09,2.764,2.979,2.301,2.895,2.024,2.45,2.635,2.477,2.464,2.64,2.561,2.838,2.671,2.005,2.231,2.078,2.48,2.109,2.938,2.318,2.631,2.726,2.21,2.279,2.221,2.635,2.13,2.981,2.066,2.433,2.011,2.144,2.208,2.763,2.896,2.801,2.753,2.892,2.864,2.007,2.814,2.359,2.837,2.245,2.827,2.815,2.913,2.048,2.265,2.98,2.455,2.756,2.588,2.446,2.621,2.648,2.184,2.955,2.026,2.054,2.622,2.741,2.798,2.15,2.591,1172012,1031937,000-000-099,13805,340,12655,48512,4272,1269,2968,1609,1300,1981,16058,3375,1965,1673,203,2371,18,618,13349,1088,10938,44714,4022,1401,3895,1657,4252.2,2499,327,2659,10,923,0,1655,0,0,0,0,0,868,934,201,700,984,351,715263,923779,179322,151464,383713,120780,159884,300763,35136,494783,762553,714079,1403638,0.3854544,1.060207,8,16,9,1003848,18,5,66,5,16,1422,13,48,50,91
000-000-186,2,1,42,2,32,358,2.571,2.739,2.212,2.992,2.254,2.899,2.03,2.543,2.437,2.744,2.615,2.854,2.023,2.528,2.935,2.317,2.39,2.199,2.956,2.254,2.881,2.786,2.63,2.68,2.589,2.414,2.058,2.912,2.959,2.734,2.387,2.592,2.877,2.984,2.66,2.78,2.149,2.471,2.103,2.514,2.819,2.307,2.725,2.023,2.883,2.321,2.194,2.852,2.135,2.253,2.536,2.906,2.875,2.114,2.221,2.265,2.137,2.648,2.939,2.118,2.54,2.84,2.973,2.791,2.059,2.749,2.719,2.397,2.732,1195685,1050474,2.348,1167479,994902,2.324,2.338,2.932,2.673,2.56,2.57,2.673,2.495,2.772,2.602,2.028,2.46,2.195,2.055,2.455,2.314,2.952,2.203,2.289,2.966,2.956,2.76,2.206,2.5,2.713,2.326,2.956,2.412,2.936,2.814,2.144,2.347,2.386,2.249,2.898,2.038,2.865,2.944,2.314,2.061,2.538,2.783,2.133,2.884,2.233,2.235,2.797,2.519,2.331,2.799,2.044,2.235,2.155,2.495,2.656,2.613,2.361,2.123,2.831,2.554,2.995,2.587,2.654,2.974,2.373,2.709,2.466,2.256,2.466,2.784,2.825,2.109,2.461,2.667,2.791,1055062,939940,000-000-186,2.579,2.747,2.614,2.811,2.53,2.569,2.534,2.858,2.265,2.506,2.713,2.634,2.995,2.8,2.805,2.991,2.885,2.823,2.758,2.637,2.307,2.436,2.432,2.677,2.254,2.946,2.196,2.526,2.484,2.605,2.556,2.171,2.85,2.87,2.059,2.071,2.97,2.66,2.947,2.094,2.317,2.62,2.663,2.307,2.064,2.683,2.954,2.31,2.233,2.656,2.645,2.062,2.403,2.513,2.388,2.711,2.204,2.787,2.301,2.959,2.503,2.744,2.642,2.675,2.03,2.151,2.69,2.014,2.135,2.314,2.265,2.738,2.472,2.663,2.575,991713,1075047,000-000-186,11305,748,12475,47551,4464,1669,3701,1033,1447,1167,11217,3637,1066,1476,123,2030,43,986,13758,827,12403,49092,4863,1987,2789,1430,4302.3,2874,268,3227,7,850,0,631,0,0,0,0,0,776,798,232,700,425,906,951387,996465,140729,119686,376222,165468,104451,380307,36267,446746,897762,853776,1453678,0.1793518,1.1997857,8,15,8,1174628,24,5,63,4,10,1231,13,16,31,52
000-000-063,3,0,42,2,40,346,2.639,2.495,2.546,2.919,2.396,2.962,2.082,2.114,2.643,2.995,2.768,2.604,2.649,2.477,2.91,2.953,2.49,2.337,2.8,2.324,2.555,2.809,2.202,2.186,2.061,2.531,2.665,2.759,2.978,2.761,2.335,2.813,2.523,2.905,2.701,2.999,2.582,2.554,2.736,2.973,2.373,2.126,2.511,2.91,2.55,2.791,2.925,2.912,2.866,2.292,2.215,2.823,2.238,2.141,2.606,2.747,2.737,2.143,2.609,2.393,2.769,2.218,2.71,2.442,2.374,2.062,2.974,2.684,2.381,1001774,1040140,2.184,1134920,1024992,2.318,2.139,2.295,2.329,2.777,2.284,2.798,2.808,2.272,2.777,2.61,2.451,2.743,2.52,2.93,2.399,2.666,2.166,2.724,2.367,2.808,2.845,2.817,2.797,2.405,2.569,2.602,2.398,2.526,2.819,2.323,2.624,2.195,2.722,2.402,2.084,2.81,2.727,2.968,2.985,2.048,2.736,2.85,2.654,2.338,2.936,2.821,2.815,2.038,2.585,2.023,2.41,2.415,2.376,2.619,2.02,2.635,2.54,2.359,2.763,2.583,2.549,2.121,2.552,2.885,2.805,2.59,2.722,2.677,2.169,2.791,2.273,2.231,2.924,2.086,1055708,1081694,000-000-063,2.566,2.674,2.192,2.399,2.697,2.108,2.031,2.809,2.893,2.784,2.581,2.466,2.188,2.19,2.633,2.465,2.973,2.598,2.371,2.862,2.382,2.46,2.838,2.547,2.617,2.975,2.954,2.212,2.333,2.402,2.291,2.013,2.241,2.417,2.087,2.703,2.188,2.703,2.822,2.505,2.681,2.143,2.009,2.335,2.422,2.082,2.109,2.327,2.981,2.396,2.705,2.164,2.695,2.586,2.825,2.629,2.356,2.234,2.94,2.883,2.274,2.131,2.092,2.581,2.726,2.755,2.367,2.067,2.43,2.295,2.481,2.508,2.636,2.455,2.751,1129532,965016,000-000-063,13624,761,11322,49202,5869,1753,2908,1995,1628,1108,15543,3760,1603,1374,126,2949,24,669,12127,589,14154,49927,5868,1119,3092,1619,4223.8,2878,394,2607,16,940,0,1688,0,0,0,0,0,580,613,953,891,300,683,963052,825265,190997,174164,348528,143702,107632,348078,35501,453021,756362,776278,1293745,0.4621364,1.8361539,12,22,12,1118249,49,4,54,3,15,1344,8,48,42,70
000-000-175,3,1,,0,43,387,2.921,2.973,2.416,2.299,2.054,2.757,2.892,2.368,2.828,2.081,2.718,2.258,2.924,2.435,2.212,2.106,2.735,2.663,2.973,2.076,2.422,2.327,2.413,2.475,2.746,2.598,2.611,2.345,2.811,2.176,2.342,2.251,2.181,2.714,2.263,2.731,2.223,2.043,2.275,2.354,2.207,2.9,2.485,2.814,2.346,2.749,2.694,2.192,2.17,2.123,2.441,2.619,2.963,2.771,2.841,2.225,2.338,2.963,2.033,2.454,2.722,2.226,2.446,2.773,2.629,2.661,2.901,2.836,2.18,1158591,1030978,2.865,1045654,939865,2.754,2.33,2.431,2.771,2.659,2.16,2.92,2.606,2.224,2.448,2.071,2.523,2.876,2.411,2.427,2.938,2.657,2.555,2.265,2.038,2.87,2.496,2.346,2.086,2.335,2.117,2.305,2.116,2.454,2.569,2.996,2.361,2.323,2.282,2.561,2.829,2.627,2.323,2.525,2.002,2.438,2.226,2.955,2.312,2.415,2.454,2.882,2.819,2.32,2.117,2.503,2.165,2.455,2.313,2.572,2.161,2.739,2.045,2.227,2.311,2.81,2.07,2.93,2.27,2.499,2.118,2.284,2.906,2.349,2.123,2.865,2.998,2.925,2.334,2.476,1057986,1079962,000-000-175,2.563,2.1,2.31,2.958,2.195,2.245,2.41,2.24,2.291,2.021,2.925,2.133,2.194,2.973,2.363,2.097,2.207,2.839,2.889,2.182,2.393,2.558,2.655,2.861,2.983,2.593,2.316,2.789,2.605,2.105,2.529,2.924,2.489,2.511,2.181,2.465,2.241,2.57,2.601,2.927,2.756,2.943,2.361,2.899,2.438,2.957,2.714,2.12,2.118,2.11,2.376,2.027,2.387,2.767,2.537,2.766,2.81,2.779,2.42,2.28,2.405,2.434,2.131,2.248,2.723,2.572,2.415,2.128,2.675,2.399,2.953,2.524,2.039,2.024,2.362,955426,1088293,000-000-175,13101,499,12998,40557,5217,1457,3214,1389,1523,1493,11707,3565,1774,1855,396,2754,34,965,13403,1056,10215,48296,4313,1251,3627,1069,4055.1,2963,320,2307,8,937,0,1884,0,0,0,0,0,534,531,763,288,757,340,891860,732212,163406,181354,346565,145103,105046,301618,34876,429046,826502,870540,1291494,0.2024934,1.758548,13,13,11,1140619,15,5,70,5,7,1281,8,6,32,86
000-000-214,2,1,42,2,44,349,2.093,2.098,2.024,2.185,2.48,2.716,2.509,2.014,2.584,2.711,2.269,2.484,2.488,2.736,2.749,2.651,2.031,2.904,2.084,2.699,2.113,2.581,2.976,2.463,2.077,2.69,2.508,2.964,2.741,2.401,2.538,2.533,2.568,2.849,2.097,2.402,2.344,2.941,2.631,2.553,2.995,2.772,2.538,2.479,2.086,2.401,2.761,2.436,2.816,2.204,2.818,2.696,2.693,2.861,2.888,2.314,2.697,2.513,2.086,2.694,2.249,2.145,2.646,2.997,2.478,2.327,2.75,2.96,2.72,1140801,1177430,2.38,1080272,1046132,2.736,2.053,2.4,2.104,2.016,2.895,2.252,2.175,2.631,2.732,2.416,2.135,2.284,2.178,2.93,2.675,2.858,2.266,2.882,2.554,2.591,2.869,2.345,2.984,2.595,2.388,2.03,2.534,2.012,2.978,2.704,2.374,2.945,2.665,2.309,2.328,2.135,2.713,2.326,2.763,2.916,2.735,2.506,2.19,2.546,2.251,2.553,2.496,2.537,2.123,2.747,2.23,2.932,2.443,2.966,2.06,2.754,2.985,2.368,2.24,2.724,2.411,2.836,2.665,2.234,2.306,2.321,2.143,2.082,2.082,2.153,2.785,2.433,2.494,2.066,1058185,1006402,000-000-214,2.681,2.679,2.541,2.325,2.525,2.263,2.492,2.481,2.12,2.446,2.647,2.074,2.585,2.598,2.658,2.262,2.056,2.942,2.22,2.536,2.053,2.295,2.926,2.573,2.66,2.042,2.827,2.061,2.031,2.103,2.679,2.195,2.134,2.369,2.864,2.568,2.352,2.233,2.397,2.441,2.238,2.973,2.827,2.436,2.141,2.838,2.487,2.556,2.397,2.798,2.647,2.194,2.425,2.867,2.421,2.086,2.72,2.814,2.39,2.552,2.673,2.372,2.843,2.87,2.095,2.04,2.169,2.65,2.794,2.26,2.863,2.289,2.385,2.838,2.89,1026177,951906,000-000-214,13365,618,10798,41265,5514,1088,3080,1243,1674,1855,19686,3226,1755,1613,205,2314,26,524,13180,1062,14103,42620,5122,1010,3475,1865,3961.7,2318,343,3216,8,937,0,1166,0,0,0,0,0,807,782,485,513,529,587,776180,989544,185782,125005,374077,138675,154064,376915,31775,473043,766221,755156,1439640,0.0237229,1.0785636,21,21,22,1041511,12,4,26,3,20,1163,11,44,42,97
000-000-007,3,0,,0,48,364,2.653,2.994,2.493,2.636,2.861,2.713,2.686,2.615,2.119,2.631,2.975,2.077,2.914,2.751,2.975,2.542,2.923,2.811,2.73,2.777,2.235,2.985,2.876,2.845,2.125,2.122,2.171,2.603,2.66,2.55,2.023,2.989,2.099,2.895,2.44,2.069,2.606,2.651,2.824,2.852,2.142,2.514,2.539,2.136,2.132,2.94,2.457,2.231,2.541,2.895,2.474,2.646,2.898,2.282,2.411,2.29,2.182,2.84,2.122,2.77,2.954,2.214,2.605,2.365,2.146,2.278,2.293,2.168,2.184,1002357,933639,2.52,1029060,936993,2.198,2.843,2.816,2.633,2.331,2.274,2.385,2.578,2.325,2.835,2.551,2.468,2.65,2.152,2.898,2.724,2.505,2.157,2.131,2.517,2.844,2.065,2.945,2.87,2.681,2.278,2.28,2.988,2.248,2.65,2.906,2.743,2.974,2.864,2.092,2.369,2.858,2.444,2.542,2.686,2.934,2.318,2.378,2.314,2.814,2.977,2.884,2.647,2.709,2.818,2.259,2.233,2.115,2.244,2.523,2.661,2.771,2.335,2.036,2.077,2.259,2.294,2.249,2.326,2.668,2.961,2.471,2.17,2.282,2.855,2.34,2.481,2.885,2.846,2.555,1062875,994708,000-000-007,2.192,2.846,2.136,2.559,2.189,2.476,2.736,2.325,2.759,2.438,2.522,2.786,2.565,2.872,2.032,2.07,2.929,2.79,2.37,2.93,2.403,2.87,2.543,2.144,2.964,2.834,2.115,2.556,2.45,2.023,2.164,2.884,2.64,2.172,2.823,2.183,2.448,2.628,2.789,2.586,2.845,2.73,2.458,2.378,2.954,2.356,2.145,2.005,2.141,2.235,2.542,2.703,2.516,2.176,2.155,2.273,2.579,2.032,2.622,2.506,2.085,2.661,2.775,2.799,2.445,2.586,2.392,2.702,2.643,2.537,2.581,2.893,2.696,2.803,2.353,1091614,969173,000-000-007,13872,726,14792,42881,5907,1566,2499,1567,1015,1503,12966,3036,1707,1387,197,2880,28,629,13304,879,13545,45692,5058,1954,2916,1458,3189.5,2127,259,2401,19,967,0,574,0,0,0,0,0,632,792,640,944,950,335,955901,710226,165471,135603,378813,177851,109388,334409,36241,461502,801486,761770,1266492,0.2988368,1.2830032,10,13,13,1134486,35,3,45,5,19,1468,9,41,25,71
000-000-025,1,0,,0,43,358,2.153,2.472,2.595,2.077,2.315,2.559,2.396,2.253,2.4,2.015,2.618,2.393,2.843,2.947,2.818,2.019,2.647,2.78,2.344,2.872,2.592,2.409,2.642,2.15,2.473,2.505,2.215,2.722,2.793,2.573,2.435,2.777,2.655,2.042,2.598,2.571,2.636,2.296,2.461,2.243,2.656,2.734,2.189,2.596,2.495,2.459,2.762,2.718,2.997,2.285,2.549,2.625,2.688,2.016,2.966,2.251,2.829,2.688,2.906,2.315,2.027,2.539,2.358,2.44,2.492,2.096,2.179,2.512,2.978,959410,1046296,2.951,930940,1135431,2.311,2.889,2.881,2.368,2.964,2.746,2.519,2.951,2.8,2.685,2.92,2.984,2.894,2.409,2.308,2.465,2.347,2.419,2.907,2.525,2.069,2.348,2.818,2.401,2.509,2.962,2.796,2.76,2.42,2.671,2.333,2.722,2.961,2.02,2.191,2.96,2.499,2.137,2.456,2.297,2.33,2.221,2.132,2.75,2.032,2.945,2.54,2.014,2.768,2.176,2.341,2.805,2.64,2.827,2.808,2.978,2.602,2.862,2.306,2.765,2.686,2.539,2.563,2.529,2.3,2.14,2.248,2.51,2.238,2.475,2.534,2.75,2.324,2.177,2.195,1064751,1057046,000-000-025,2.298,2.191,2.248,2.061,2.743,2.391,2.916,2.445,2.019,2.233,2.435,2.364,2.81,2.337,2.793,2.04,2.378,2.149,2.806,2.797,2.551,2.255,2.435,2.562,2.482,2.145,2.334,2.618,2.777,2.098,2.175,2.726,2.27,2.652,2.77,2.994,2.278,2.754,2.016,2.709,2.66,2.647,2.993,2.818,2.318,2.147,2.749,2.18,2.43,2.419,2.94,2.024,2.694,2.158,2.87,2.903,2.324,2.182,2.895,2.462,2.772,2.872,2.295,2.581,2.346,2.708,2.812,2.293,2.085,2.351,2.688,2.78,2.859,2.204,2.077,976505,905487,000-000-025,10608,460,12237,40670,4476,1697,3149,1397,1401,1418,10915,3950,1849,1822,106,2165,24,896,14119,447,13080,42619,4859,1219,2433,1091,4268.2,2082,373,2280,6,778,3.6,637,0,0,0,0,0,982,352,894,310,974,552,801244,729082,176302,150865,372322,139320,120414,319786,37562,462610,776281,745041,1305357,0.0879112,1.7962503,17,8,18,1014439,41,5,57,3,11,1492,9,50,30,56
000-000-094,2,0,42,2,31,325,2.046,2.445,2.998,2.369,2.256,2.22,2.185,2.126,2.195,2.957,2.777,2.913,2.937,2.742,2.267,2.822,2.56,2.504,2.648,2.929,2.02,2.03,2.048,2.402,2.266,2.712,2.639,2.362,2.527,2.158,2.637,2.133,2.925,2.411,2.236,2.734,2.893,2.16,2.681,2.376,2.23,2.157,2.344,2.1,2.713,2.967,2.446,2.111,2.727,2.428,2.519,2.622,2.878,2.086,2.825,2.942,2.176,2.877,2.731,2.027,2.137,2.772,2.799,2.878,2.871,2.662,2.992,2.796,2.084,1039354,904934,2.233,1040863,1015986,2.658,2.544,2.298,2.684,2.111,2.056,2.71,2.526,2.253,2.8,2.459,2.906,2.274,2.569,2.681,2.124,2.208,2.539,2.389,2.107,2.981,2.165,2.777,2.132,2.901,2.603,2.594,2.728,2.921,2.904,2.155,2.579,2.647,2.191,2.776,2.905,2.158,2.124,2.575,2.115,2.008,2.547,2.191,2.432,2.356,2.085,2.691,2.467,2.368,2.778,2.126,2.8,2.777,2.36,2.276,2.308,2.511,2.977,2.878,2.84,2.751,2.067,2.366,2.761,2.238,2.782,2.054,2.946,2.117,2.999,2.003,2.092,2.309,2.661,2.95,1065177,1034779,000-000-094,2.351,2.247,2.72,2.201,2.836,2.868,2.688,2.021,2.719,2.851,2.092,2.284,2.338,2.009,2.912,2.629,2.881,2.707,2.012,2.763,2.416,2.887,2.75,2.965,2.794,2.291,2.546,2.466,2.537,2.758,2.38,2.828,2.311,2.083,2.372,2.261,2.237,2.029,2.032,2.895,2.569,2.881,2.763,2.095,2.655,2.61,2.161,2.448,2.979,2.841,2.483,2.665,2.114,2.593,2.202,2.307,2.699,2.866,2.231,2.759,2.461,2.618,2.389,2.65,2.077,2.367,2.88,2.704,2.76,2.007,2.681,2.248,2.438,2.835,2.042,1094327,1180011,000-000-094,14955,990,14092,45345,4575,1098,3403,1226,1111,1844,17218,3758,1349,1814,341,2761,30,961,11121,453,12216,47337,5365,1361,2511,1041,3866.9,2101,298,3865,1,703,0,1489,0,0,0,0,0,802,473,535,212,228,623,858842,723531,138493,140030,388721,109609,134860,305442,35693,446037,709098,808996,1460540,0.6619293,1.3442682,8,9,10,1050017,43,5,61,5,12,1214,7,18,21,87
000-000-193,1,1,,0,64,334,2.666,2.274,2.323,2.599,2.588,2.453,2.838,2.768,2.846,2.132,2.036,2.603,2.581,2.377,2.812,2.929,2.216,2.883,2.322,2.566,2.28,2.322,2.849,2.21,2.387,2.362,2.242,2.804,2.911,2.164,2.578,2.945,2.092,2.959,2.521,2.106,2.327,2.071,2.939,2.459,2.397,2.94,2.272,2.574,2.377,2.971,2.666,2.748,2.209,2.128,2.156,2.516,2.005,2.271,2.167,2.71,2.21,2.612,2.648,2.012,2.234,2.767,2.208,2.485,2.233,2.031,2.907,2.914,2.92,1110674,1078019,2.561,1006112,1035319,2.633,2.175,2.237,2.479,2.948,2.723,2.994,2.145,2.72,2.2,2.978,2.938,2.681,2.274,2.986,2.065,2.64,2.243,2.556,2.872,2.148,2.58,2.29,2.94,2.526,2.62,2.624,2.287,2.997,2.17,2.72,2.316,2.44,2.938,2.095,2.084,2.379,2.986,2.895,2.603,2.621,2.3,2.404,2.393,2.737,2.247,2.993,2.477,2.091,2.578,2.325,2.896,2.773,2.848,2.721,2.877,2.717,2.683,2.858,2.771,2.418,2.88,2.79,2.582,2.607,2.915,2.862,2.669,2.393,2.216,2.331,2.613,2.541,2.917,2.449,1065220,1030279,000-000-193,2.933,2.895,2.561,2.085,2.497,2.249,2.546,2.064,2.555,2.263,2.288,2.365,2.901,2.665,2.747,2.216,2.512,2.726,2.209,2.508,2.911,2.055,2.228,2.024,2.315,2.316,2.337,2.795,2.344,2.214,2.31,2.25,2.64,2.12,2.403,2.293,2.587,2.072,2.403,2.226,2.867,2.285,2.912,2.581,2.502,2.501,2.279,2.009,2.738,2.964,2.691,2.786,2.582,2.951,2.658,2.843,2.603,2.922,2.451,2.534,2.509,2.147,2.334,2.399,2.743,2.762,2.701,2.44,2.049,2.262,2.19,2.504,2.17,2.151,2.98,990759,1018385,000-000-193,12378,879,13416,42941,4811,1977,2249,1389,1602,1288,13948,3890,1190,1743,396,2564,27,923,11722,355,14675,44150,4881,1389,3148,1941,4166.1,2298,284,3814,19,520,0,933,0,0,0,0,0,685,292,725,343,639,759,923849,770086,152457,135393,315391,116272,126004,352344,38970,402838,765344,870606,1283979,0.1469193,1.1064006,15,16,9,1169159,11,5,51,5,17,1070,9,25,20,73
000-000-081,1,0,42,2,49,378,2.649,2.67,2.806,2.384,2.8,2.921,2.532,2.618,2.263,2.05,2.69,2.223,2.6,2.537,2.832,2.471,2.401,2.585,2.698,2.021,2.371,2.543,2.644,2.189,2.11,2.606,3,2.219,2.764,2.654,2.789,2.307,2.293,2.241,2.586,2.174,2.064,2.614,2.228,2.208,2.637,2.897,2.416,2.029,2.535,2.366,2.707,2.515,2.325,2.943,2.362,2.162,2.655,2.376,2.853,2.484,2.592,2.014,2.808,2.039,2.636,2.411,2.552,2.892,2.152,2.966,2.14,2.009,2.007,959072,1086189,2.241,1088746,1134378,2.169,2.883,2.471,2.392,2.714,2.683,2.562,2.202,2.11,2.276,2.96,2.695,2.106,2.98,2.015,2.149,2.653,2.332,2.136,2.197,2.978,2.835,2.877,2.252,2.217,2.597,2.632,2.523,2.012,2.426,2.82,2.996,2.515,2.824,2.783,2.72,2.117,2.077,2.352,2.928,2.495,2.937,2.699,2.712,2.364,2.157,2.47,2.072,2.728,2.646,2.348,2.115,2.447,2.33,2.147,2.328,2.366,2.505,2.277,2.056,2.063,2.499,2.527,2.925,2.608,2.598,2.303,2.192,2.806,2.385,2.953,2.527,2.95,2.585,2.771,1069052,939430,000-000-081,2.023,2.163,2.715,2.607,2.397,2.424,2.18,2.144,2.149,2.666,2.796,2.925,2.271,2.226,2.712,2.748,2.825,2.302,2.542,2.79,2.101,2.022,2.982,2.698,2.983,2.781,2.233,2.253,2.611,2.192,2.385,2.197,2.008,2.544,2.104,2.847,2.628,2.531,2.381,2.648,2.289,2.928,2.9,2.103,2.089,2.228,2.983,2.003,2.55,2.031,2.22,2.616,2.815,2.862,2.021,2.671,2.595,2.471,2.373,2.311,2.256,2.385,2.986,2.678,2.282,2.489,2.975,2.318,2.974,2.192,2.276,2.046,2.001,2.299,2.193,1186066,900989,000-000-081,13655,1029,11460,44810,4912,1535,3782,1331,1421,1021,11568,3612,1165,1463,149,2050,50,516,11258,845,11565,48273,4604,1581,3895,1073,3722.8,2797,260,2800,15,660,0,665,0,0,0,0,0,762,424,436,437,461,945,710245,996683,165110,188185,332172,169151,195714,336292,31284,445593,802167,884338,1348910,0.2243637,1.0233152,16,12,18,1166023,40,3,52,4,8,1011,10,19,43,88
000-000-216,0,1,,0,33,353,2.759,2.318,2.837,2.676,2.671,2.299,2.457,2.61,2.152,2.196,2.641,2.179,2.811,2.312,2.619,2.458,2.692,2.675,2.98,2.288,2.179,2.04,2.183,2.455,2.25,2.148,2.078,2.602,2.537,2.976,2.829,2.398,2.924,2.429,2.879,2.736,2.014,2.322,2.106,2.757,2.003,2.476,2.297,2.735,2.696,2.385,2.253,2.897,2.592,2.07,2.863,2.64,2.97,2.802,2.976,2.338,2.242,2.125,2.301,2.305,2.047,2.046,2.612,2.978,2.88,2.967,2.003,2.253,2.964,1078657,1074538,2.931,1055081,1074039,2.142,2.95,2.935,2.872,2.23,2.01,2.914,2.783,2.224,2.904,2.521,2.538,2.098,2.87,2.332,2.064,2.692,2.608,2.001,2.766,2.701,2.302,2.707,2.033,2.55,2.999,2.386,2.681,2.667,2.538,2.355,2.833,2.851,2.647,3,2.879,2.867,2.254,2.495,2.244,2.61,2.907,2.699,2.954,2.504,2.363,2.686,2.963,2.941,2.183,2.773,2.723,2.571,2.707,2.217,2.608,2.056,2.018,2.751,2.357,2.724,2.219,2.328,2.149,2.302,2.306,2.729,2.852,2.84,2.754,2.655,2.059,2.02,2.622,2.337,1071136,1124178,000-000-216,2.44,2.152,2.39,2.149,2.267,2.54,2.737,2.83,2.676,2.889,2.131,2.319,2.733,2.308,2.802,2.73,2.038,2.975,2.398,2.281,2.217,2.722,2.378,2.158,2.014,2.377,2.005,2.9,2.927,2.898,2.553,2.51,2.424,2.332,2.126,2.414,2.156,2.949,2.623,2.739,2.461,2.656,2.782,2.303,2.016,2.017,2.157,2.791,2.675,2.78,2.656,2.271,2.024,2.07,2.835,2.815,2.54,2.684,2.502,2.048,2.322,2.898,2.774,2.367,2.78,2.31,2.621,2.334,2.027,2.021,2.262,2.557,2.5,2.135,2.201,1054244,1184281,000-000-216,12080,1007,11259,46982,5744,1843,2448,1239,1947,1515,18515,3938,1660,1220,356,2154,33,590,11633,421,10769,47421,5452,1962,3160,1897,3727.1,2520,312,3696,1,615,0,1225,0,0,0,0,0,926,315,913,591,567,646,756401,845183,122544,182770,360634,125270,137671,340472,31418,471431,892135,721657,1429081,0.1836864,1.7304396,20,14,19,1032195,15,3,61,4,20,1143,9,41,39,69
000-000-020,0,0,,0,49,307,2.999,2.605,2.183,2.831,2.574,2.07,2.171,2.508,2.894,2.738,2.954,2.864,2.266,2.799,2.709,2.23,2.727,2.038,2.963,2.065,2.083,2.618,2.739,2.716,2.443,2.518,2.076,2.183,2.516,2.489,2.437,2.711,2.336,2.936,2.868,2.545,2.95,2.48,2.158,2.938,2.079,2.589,2.842,2.504,2.233,2.91,2.634,2.797,2.835,2.26,2.472,2.682,2.572,2.337,2.368,2.999,2.34,2.384,2.568,2.506,2.491,2.635,2.176,2.702,2.468,2.689,2.788,2.77,2.214,1132788,1143349,2.38,928796,925911,2.608,2.201,2.616,2.122,2.828,2.088,2.474,2.871,2.572,2.04,2.175,2.434,2.32,2.88,2.434,2.789,2.995,2.566,2.662,2.44,2.405,2.674,2.453,2.947,2.515,2.892,2.811,2.701,2.339,2.048,2.435,2.711,2.783,2.647,2.994,2.785,2.907,2.775,2.951,2.946,2.417,2.528,2.879,2.426,2.621,2.023,2.566,2.827,2.95,2.851,2.422,2.606,2.132,2.529,2.434,2.301,2.619,2.261,2.763,2.236,2.469,2.003,2.465,2.481,2.567,2.264,2.611,2.109,2.212,2.365,2.181,2.461,2.99,2.907,2.529,1074328,1115241,000-000-020,2.053,2.582,2.401,2.769,2.786,2.413,2.757,2.063,2.672,2.568,2.393,2.067,2.741,2.474,2.032,2.488,2.853,2.959,2.746,2.819,2.643,2.218,2.08,2.888,2.923,2.046,2.778,2.284,2.366,2.748,2.953,2.979,2.698,2.212,2.837,2.006,2.117,2.329,2.447,2.902,2.157,2.283,2.346,2.19,2.674,2.897,2.746,2.752,2.845,2.412,2.256,2.229,2.348,2.849,2.573,2.209,2.229,2.374,2.386,2.187,2.581,2.74,2.398,2.632,2.245,2.025,2.874,2.392,2.748,2.215,2.75,2.68,2.384,2.181,2.855,1033343,978111,000-000-020,10310,1051,13711,45548,4992,1488,2715,1454,1499,1812,16702,3330,1115,1659,334,2828,18,850,10448,966,14189,45766,4175,1680,3159,1895,3828.8,2033,379,2628,15,570,0,1833,0,0,0,0,0,850,838,902,619,228,622,955339,770995,182157,131676,364133,170383,120772,358634,33474,474067,708055,869071,1390229,0.9917277,1.3411362,20,22,11,1098134,43,3,38,5,12,1247,8,16,38,53
000-000-179,3,1,,0,52,370,2.014,2.788,2.653,2.177,2.506,2.129,2.849,2.548,2.616,2.219,2.009,2.052,2.007,2.917,2.079,2.469,2.457,2.395,2.086,2.716,2.322,2.773,2.108,2.858,2.473,2.308,2.016,2.323,2.034,2.043,2.409,2.449,2.481,2.596,2.168,2.87,2.854,2.176,2.648,2.841,2.845,2.855,2.023,2.966,2.386,2.07,2.57,2.343,2.644,2.605,2.951,2.624,2.797,2.742,2.033,2.952,2.098,2.698,2.969,2.52,2.525,2.394,2.562,2.874,2.424,2.114,2.701,2.683,2.335,972438,1133829,2.248,1003827,988799,2.357,2.626,2.424,2.087,2.746,2.052,2.354,2.557,2.454,2.995,2.066,2.7,2.628,2.738,2.427,2.212,2.764,2.114,2.798,2.04,2.157,2.8,2.122,2.056,2.67,2.043,2.909,2.08,2.684,2.586,2.545,2.231,2.722,2.218,2.101,2.971,2.057,2.42,2.544,2.736,2.381,2.385,2.144,2.658,2.464,2.827,2.521,2.406,2.838,2.79,2.608,2.946,2.961,2.738,2.133,2.625,2.485,2.973,2.791,2.907,2.375,2.582,2.259,2.986,2.604,2.631,2.273,2.681,2.065,2.687,2.323,2.777,2.882,2.077,2.082,1074586,1065023,000-000-179,2.99,2.89,2.947,2.104,2.5,2.006,2.424,2.388,2.628,2.817,2.367,2.731,2.625,2.844,2.456,2.617,2.924,2.784,2.701,2.751,2.941,2.953,2.677,2.287,2.557,2.961,2.026,2.515,2.172,2.711,2.832,2.08,2.829,2.149,2.037,2.171,2.037,2.176,2.016,2.355,2.604,2.252,2.425,2.572,2.023,2.447,2.03,2.527,2.303,2.917,2.278,2.024,2.422,2.877,2.095,2.945,2.885,2.652,2.022,2.745,2.274,2.72,2.67,2.848,2.989,2.338,2.953,2.235,2.782,2.409,2.101,2.035,2.235,2.656,2.623,1029168,1115607,000-000-179,10513,567,14943,40852,5310,1087,2143,1332,1719,1233,18245,3263,1886,1199,488,2046,39,539,14305,448,10249,45953,5888,1966,2170,1576,3992.7,2938,355,3173,7,642,0,749,0,0,0,0,0,207,237,274,988,814,351,753656,739527,178561,185966,351948,174748,100289,350254,34996,455462,769020,713481,1235048,0.969451,1.5745783,8,13,10,1047044,36,3,32,5,16,1367,11,17,27,92
000-000-149,1,1,,0,60,368,2.838,2.636,2.588,2.892,2.187,2.049,2.355,2.686,2.445,2.859,2.599,2.043,2.812,2.778,2.049,2.227,2.558,2.6,2.797,2,2.99,2.335,2.526,2.139,2.449,2.382,2.769,2.749,2.399,2.977,2.999,2.985,2.543,2.69,2.367,2.542,2.124,2.954,2.738,2.871,2.548,2.612,2.562,2.344,2.756,2.128,2.363,2.86,2.509,2.189,2.136,2.128,2.028,2.023,2.619,2.974,2.582,2.162,2.354,2.646,2.812,2.381,2.673,2.16,2.977,2.308,2.205,2.352,2.775,903834,1186645,2.719,941929,1143331,2.496,2.913,2.43,2.432,2.133,2.89,2.58,2.124,2.397,2.563,2.931,2.794,2.928,2.165,2.259,2.938,2.319,2.474,2.565,2.814,2.167,2.929,2.845,2.173,2.091,2.6,2.431,2.062,2.711,2.844,2.493,2.152,2.467,2.028,2.274,2.483,2.65,2.569,2.46,3,2.991,2.955,2.106,2.662,2.298,2.193,2.036,2.941,2.892,2.978,2.834,2.566,2.906,2.422,2.905,2.634,2.813,2.952,2.35,2.19,2.665,2.719,2.094,2.875,2.891,2.109,2.295,2.451,2.858,2.172,2.729,2.751,2.981,2.715,2.901,1075691,1137429,000-000-149,2.07,2.37,2.984,2.361,2.539,2.224,2.366,2.506,2.752,2.089,2.47,2.106,2.298,2.834,2.253,2.783,2.594,2.951,2.251,2.953,2.953,2.107,2.339,2.02,2.527,2.835,2.664,2.074,2.661,2.227,2.3,2.19,2.063,2.604,2.556,2.665,2.799,2.192,2.73,2.003,2.169,2.257,2.168,2.759,2.728,2.627,2.176,2.129,2.002,2.95,2.531,2.371,2.199,2.733,2.208,2.512,2.638,2.256,2.952,2.887,2.333,2.953,2.758,2.802,2.171,2.141,2.769,2.649,2.973,2.775,2.372,2.06,2.13,2.696,2.536,908806,1019576,000-000-149,13620,643,12442,40355,4687,1539,2568,1637,1354,1764,16667,3658,1929,1803,187,2995,28,586,11575,855,10551,48437,5591,1523,2384,1122,4131.3,2640,275,3003,4,597,0,893,0,0,0,0,0,578,520,287,869,552,654,931304,872846,136078,157536,327015,146681,186974,310482,34537,452580,863012,718026,1419174,0.0464043,1.1466916,15,17,13,1192183,26,4,48,5,16,1131,13,40,28,45
000-000-032,0,0,,0,47,342,2.23,2.505,2.074,2.695,2.338,2.623,2.509,2.07,2.569,2.292,2.811,2.895,2.577,2.304,2.395,2.829,2.623,2.391,2.231,2.626,2.24,2.926,2.302,2.212,2.747,2.716,2.652,2.132,2.77,2.234,2.37,2.05,2.235,2.461,2.055,2.091,2.474,2.971,2.563,2.883,2.614,2.028,2.445,2.171,2.672,2.209,2.438,2.795,2.505,2.563,2.718,2.397,2.995,2.138,2.256,2.202,2.16,2.24,2.757,2.628,2.096,2.55,2.957,2.154,2.518,2.493,2.916,2.736,2.886,1156525,1063113,2.099,1151930,1014224,2.002,2.691,2.69,2.022,2.963,2.803,2.887,2.464,2.144,2.886,2.066,2.584,2.474,2.375,2.077,2.887,2.614,2.802,2.727,2.212,2.468,2.721,2.92,2.631,2.005,2.535,2.461,2.211,2.033,2.836,2.278,2.464,2.07,2.382,2.04,2.944,2.992,2.476,2.755,2.888,2.67,2.282,2.951,2.448,2.163,2.685,2.486,2.029,2.279,2.663,2.653,2.042,2.486,2.302,2.101,2.773,2.484,2.696,2.449,2.724,2.361,2.113,2.834,2.79,2.02,2.071,2.888,2.307,2.618,2.361,2.195,2.595,2.718,2.394,2.322,1075965,970494,000-000-032,2.088,2.47,2.802,2.357,2.164,2.612,2.389,2.384,2.059,2.836,2.219,2.393,2.87,2.926,2.065,2.927,2.688,2.312,2.141,2.471,2.78,2.081,2.601,2.88,2.881,2.495,2.677,2.005,2.938,2.206,2.425,2.657,2.814,2.509,2.791,2.418,2.353,2.516,2.574,2.292,2.95,2.78,2.145,2.62,2.205,2.452,2.507,2.794,2.417,2.075,2.7,2.13,2.782,2.219,2.415,2.766,2.976,2.535,2.915,2.43,2.197,2.909,2.524,2.545,2.779,2.782,2.673,2.29,2.233,2.24,2.094,2.5,2.375,2.286,2.724,1175783,1024379,000-000-032,11904,1002,14541,46595,4457,1092,2832,1800,1782,1083,17265,3025,1697,1483,151,2283,10,684,13793,783,12761,45802,5624,1470,3167,1540,4336.2,2569,259,3372,7,869,0,1251,0,0,0,0,0,774,713,688,364,701,775,807856,934755,184451,132338,393855,149666,159902,330910,30812,466981,719846,822144,1462760,0.46957,1.2633405,12,12,20,1106982,15,4,60,4,7,1292,10,8,26,46
000-000-037,1,0,,0,51,332,2.479,2.76,2.289,2.215,2.555,2.987,2.216,2.372,2.994,2.141,2.309,2.672,2.164,2.368,2.674,2.132,2.737,2.034,2.24,2.452,2.624,2.283,2.408,2.276,2.446,2.585,2.787,2.655,2.985,2.169,2.886,2.983,2.141,2.991,2.99,2.778,2.902,2.08,2.733,2.215,2.336,2.372,2.185,2.252,2.366,2.876,2.124,2.763,2.296,2.395,2.981,2.426,2.301,2.754,2.756,2.479,2.32,2.635,2.82,2.696,2.582,2.575,2.953,2.083,2.634,2.608,2.875,2.611,2.037,1019380,1066795,2.382,1106575,931082,2.022,2.833,2.905,2.878,2.508,2.98,2.65,2.421,2.61,2.472,2.259,2.649,2.194,2.048,2.334,2.345,2.502,2.155,2.708,2.089,2.535,2.603,2.2,2.94,2.362,2.928,2.604,2.357,2.582,2.113,2.991,2.985,2.894,2.889,2.168,2.138,2.367,2.457,2.076,2.294,2.541,2.676,2.103,2.037,2.137,2.353,2.666,2.818,2.188,2.112,2.321,2.154,2.723,2.11,2.339,2.122,2.662,2.136,2.557,2.886,2.264,2.725,2.475,2.921,2.764,2.655,2.935,2.455,2.984,2.732,2.742,2.854,2.133,2.617,2.992,1076447,1139241,000-000-037,2.315,2.303,2.527,2.34,2.491,2.781,2.238,2.613,2.322,2.317,2.249,2.543,2.474,2.68,2.131,2.827,2.043,2.839,2.725,2.831,2.762,2.618,2.949,2.869,2.505,2.973,2.708,2.02,2.238,2.06,2.566,2.389,2.697,2.499,2.229,2.214,2.016,2.569,2.336,2.818,2.543,2.255,2.251,2.374,2.375,2.622,2.866,2.357,2.533,2.546,2.331,2.155,2.514,2.874,2.378,2.887,2.146,2.617,2.773,2.248,2.694,2.145,2.491,2.151,2.038,2.288,2.063,2.281,2.437,2.412,2.759,2.659,2.261,2.505,2.53,971828,927610,000-000-037,12967,1018,10258,48990,4514,1993,3508,1430,1210,1280,10027,3237,1870,1690,279,2606,41,662,12409,465,12043,42142,4421,1405,3072,1186,4122,2611,302,2917,6,747,0,839,0,0,0,0,0,247,708,399,606,465,527,782172,817209,114309,197955,372529,182346,159555,325752,39321,412496,727867,788182,1437172,0.9290718,1.7699105,14,8,9,1098919,23,3,58,4,9,1415,13,15,42,89
000-000-028,0,0,42,2,24,386,2.941,2.602,2.019,2.196,2.816,2.299,2.83,2.777,2.951,2.82,2.236,2.988,2.033,2.111,2.085,2.826,2.15,2.131,2.796,2.976,2.315,2.348,2.842,2.103,2.037,2.223,2.718,2.116,2.077,2.723,2.312,2.764,2.169,2.323,2.691,2.209,2.458,2.508,2.219,2.155,2.966,2.276,2.916,2.68,2.566,2.665,2.488,2.133,2.941,2.508,2.335,2.435,2.189,2.249,2.091,2.044,2.284,2.161,2.174,2.322,2.943,2.167,2.921,2.306,2.764,2.911,2.935,2.783,2.063,959334,935583,2.27,929563,1165608,2.489,2.935,2.547,2.393,2.616,2.06,2.439,2.869,2.517,2.052,2.715,2.226,2.605,2.699,2.482,2.616,2.652,2.134,2.852,2.25,2.615,2.394,2.895,2.627,2.476,2.027,2.08,2.594,2.299,2.066,2.015,2.236,2.771,2.533,2.003,2.576,2.693,2.152,2.4,2.3,2.313,2.704,2.439,2.506,2.926,2.556,2.659,2.116,2.403,2.143,2.885,2.645,2.039,2.63,2.415,2.559,2.779,2.024,2.373,2.164,2.231,2.175,2.805,2.11,2.67,2.247,2.861,2.04,2.01,2.313,2.985,2.607,2.454,2.946,2.592,1078265,982268,000-000-028,2.329,2.246,2.018,2.593,2.573,2.251,2.864,2.952,2.503,2.404,2.639,2.621,2.593,2.076,2.052,2.312,2.945,2.04,2.929,2.881,2.817,2.873,2.009,2.287,2.415,2.611,2.393,2.499,2.137,2.121,2.178,2.547,2.898,2.256,2.749,2.133,2.869,2.059,2.186,2.496,2.357,2.636,2.601,2.244,2.615,2.52,2.358,2.056,2.09,2.791,2.258,2.436,2.302,2.053,2.427,2.584,2.274,2.503,2.323,2.941,2.246,2.701,2.074,2.807,2.741,2.709,2.622,2.486,2.157,2.354,2.98,2.59,2.697,2.714,2.613,972579,1028478,000-000-028,13694,802,13380,46366,5436,1325,2044,1205,1158,1504,19855,3156,1650,1335,344,2195,38,999,11371,462,12645,48715,5529,1433,3774,1990,4134.9,2955,260,3662,7,777,0,500,0,0,0,0,0,461,596,333,546,647,691,705463,822527,116544,134823,311434,133409,162667,307132,33417,474447,821172,757891,1316517,0.1188713,1.1721732,19,20,12,1055438,44,3,31,5,14,1394,10,47,23,45
000-000-161,1,1,42,2,37,348,2.206,2.432,2.613,2.12,2.272,2.886,2.229,2.742,2.107,2.958,2.429,2.181,2.19,2.82,2.419,2.642,2.664,2.968,2.326,2.899,2.153,2.304,2.771,2.716,2.646,2.005,2.456,2.65,2.157,2.947,2.257,2.273,2.392,2.366,2.118,2.358,2.734,2.925,2.098,2.707,2.394,2.834,2.162,2.934,2.684,2.567,2.854,2.139,2.199,2.927,2.23,2.351,2.232,2.065,2.893,2.438,2.373,2.548,2.917,2.022,2.054,2.756,2.203,2.188,2.683,2.366,2.395,2.518,2.552,966461,1102675,2.551,1176236,994476,2.692,2.614,2.525,2.6,2.959,2.416,2.978,2.541,2.584,2.097,2.085,2.043,2.113,2.549,2.813,2.083,2.765,2.786,2.016,2.463,2.328,2.714,2.682,2.531,2.322,2.313,2.827,2.054,2.33,2.542,2.39,2.801,2.567,2.383,2.201,2.754,2.022,2.192,2.799,2.376,2.925,2.301,2.729,2.236,2.94,2.672,2.991,2.193,2.554,2.568,2.802,2.363,2.111,2.828,2.758,2.664,2.437,2.127,2.48,2.549,2.052,2.131,2.163,2.402,2.571,2.536,2.887,2.88,2.373,2.378,2.803,2.835,2.746,2.636,2.032,1079777,1136354,000-000-161,2.662,2.486,2.277,2.743,2.217,2.599,2.586,2.208,2.393,2.025,2.479,2.374,2.648,2.677,2.484,2.388,2.977,2.882,2.71,2.646,2.501,2.855,2.866,2.939,2.892,2.325,2.855,2.817,2.146,2.521,2.386,2.286,2.91,2.222,2.322,2.636,2.043,2.476,2.386,2.926,2.878,2.809,2.637,2.605,2.268,2.862,2.522,2.6,2.814,2.408,2.474,2.643,2.805,2.457,2.697,2.387,2.989,2.551,2.144,2.372,2.232,2.365,2.658,2.777,2.092,2.685,2.719,2.875,2.051,2.144,2.102,2.677,2.686,2.006,2.433,1182923,1021958,000-000-161,14547,591,12860,49433,4170,1087,2218,1720,1857,1633,16633,3883,1084,1450,494,2811,33,776,12561,813,11678,40497,5727,1777,3004,1535,3543.5,2049,256,2790,2,640,0,639,0,0,0,0,0,395,729,354,906,370,308,757037,890854,161134,173213,356954,178601,131968,395392,34842,442717,722203,807871,1261706,0.1863744,1.4494508,8,20,19,1036394,48,5,49,4,9,1154,12,37,49,94
000-000-212,0,1,42,2,51,312,2.947,2.65,2.277,2.982,2.488,2.165,2.197,2.156,2.627,2.012,2.568,2.515,2.492,2.514,2.178,2.713,2.699,2.813,2.327,2.731,2.773,2.536,2.063,2.446,2.944,2.77,2.13,2.683,2.198,2.86,2.609,2.318,2.085,2.125,2.6,2.428,2.025,2.914,2.222,2.502,2.682,2.716,2.972,2.816,2.376,2.637,2.727,2.743,2.793,2.18,2.867,2.827,2.348,2.114,2.93,2.733,2.773,2.597,2.552,2.148,2.86,2.097,2.45,2.916,2.54,2.436,2.584,2.949,2.983,1090030,913179,2.15,1185661,957239,2.093,2.268,2.47,2.959,2.702,2.616,2.957,2.977,2.119,2.749,2.664,2.533,2.792,2.243,2.522,2.017,2.329,2.466,2.499,2.403,2.195,2.701,2.856,2.263,2.757,2.534,2.077,2.704,2.995,2.031,2.528,2.413,2.175,2.886,2.948,2.639,2.536,2.801,2.121,2.743,2.996,2.329,2.114,2.941,2.752,2.638,2.901,2.275,2.539,2.621,2.196,2.475,2.472,2.589,2.75,2.972,2.523,2.415,2.276,2.697,2.107,2.46,2.088,2.405,2.847,2.871,2.66,2.996,2.084,2.228,2.757,2.617,2.145,2.182,2.12,1080240,1055829,000-000-212,2.545,2.982,2.015,2.233,2.79,2.03,2.882,2.854,2.387,2.374,2.07,2.797,2.414,2.978,2.763,2.542,2.032,2.784,2.103,2.273,2.628,2.467,2.156,2.829,2.573,2.253,2.738,2.527,2.311,2.117,2.92,2.286,2.834,2.068,2.478,2.708,2.417,2.468,2.884,2.256,2.799,2.321,2.62,2.984,2.382,2.125,2.321,2.982,2.898,2.83,2.511,2.682,2.615,2.369,2.312,2.652,2.092,2.634,2.613,2.812,2.582,2.922,2.888,2.253,2.548,2.036,2.916,2.971,2.702,2.138,2.679,2.359,2.449,2.99,2.047,958632,1153813,000-000-212,11446,851,11914,49164,5539,1456,3514,1850,1401,1058,19341,3776,1644,1829,199,2595,30,620,10560,870,10975,49952,5385,1013,2738,1257,3784.9,2815,272,2967,12,527,0,563,0,0,0,0,0,813,464,719,366,995,939,768651,859368,102578,188980,343297,195681,117830,366543,34100,443644,715730,893898,1474619,0.9316171,1.2121683,9,17,19,1052236,48,3,58,3,12,1403,12,34,39,90
000-000-034,2,0,42,2,43,348,2.881,2.932,2.657,2.544,2.41,2.393,2.075,2.916,2.699,2.858,2.148,2.21,2.367,2.603,2.072,2.692,2.431,2.815,2.641,2.111,2.263,2.973,2.176,2.205,2.563,2.546,2.656,2.634,2.253,2.254,2.244,2.494,2.993,2.825,2.303,2.86,2.272,2.078,2.192,2.054,2.395,2.859,2.88,2.93,2.599,2.32,2.827,2.402,2.501,2.634,2.586,2.08,2.202,2.228,2.622,2.689,2.837,2.812,2.034,2.457,2.89,2.396,2.212,2.847,2.717,2.432,2.867,2.905,2.344,975841,1029233,2.991,1014066,1121061,2.986,2.308,2.118,2.474,2.66,2.702,2.866,2.888,2.797,2.956,2.897,2.164,2.768,2.29,2.614,2.339,2.802,2.331,2.167,2.776,2.437,2.133,2.332,2.882,2.773,2.872,2.293,2.114,2.298,2.169,2.178,2.631,2.229,2.067,2.937,2.427,2.977,2.877,2.003,2.916,2.452,2.193,2.25,2.493,2.142,2.671,2.022,2.449,2.637,2.467,2.054,2.821,2.529,2.538,2.748,2.249,2.111,2.255,2.001,2.75,2.784,2.573,2.106,2.444,2.629,2.998,2.546,2.994,2.015,2.864,2.642,2.843,2.265,2.95,2.034,1081039,1123274,000-000-034,2.034,2.102,2.34,2.81,2.048,2.906,2.462,2.729,2.99,2.726,2.915,2.502,2.163,2.009,2.445,2.197,2.916,2.742,2.383,2.119,2.37,2.6,2.8,2.96,2.476,2.119,2.997,2.572,2.709,2.121,2.242,2.162,2.432,2.789,2.481,2.22,2.321,2.845,2.313,2.324,2.356,2.103,2.646,2.857,2.543,2.767,2.675,2.527,2.013,2.614,2.961,2.011,2.651,2.912,2.514,2.473,2.113,2.263,2.338,2.92,2.687,2.522,2.803,2.865,2.138,2.899,2.316,2.687,2.233,2.679,2.177,2.53,2.181,2.857,2.646,1169340,1148071,000-000-034,10704,634,10221,48611,4277,1571,3634,1555,1720,1723,11025,3141,1608,1830,260,2752,45,697,14097,413,10734,43440,4779,1341,3602,1178,3641.7,2893,336,3157,19,716,0,1844,0,0,0,0,0,331,247,756,630,375,861,865900,893708,170757,141465,385211,185949,133812,336065,30115,484845,783862,714850,1339138,0.1745237,1.1992722,19,13,10,1005528,43,5,35,5,18,1203,8,18,39,59
000-000-178,2,1,42,2,23,340,2.013,2.642,2.827,2.251,2.94,2.867,2.607,2.926,2.149,2.944,2.93,2.528,2.441,2.823,2.547,2.641,2.636,2.438,2.326,2.536,2.157,2.893,2.356,2.958,2.487,2.619,2.554,2.122,2.082,2.115,2.037,2.071,2.885,2.549,2.51,2.771,2.737,2.866,2.898,2.625,2.007,2.061,2.526,2.136,2.267,2.749,2.758,2.531,2.086,2.514,2.536,2.662,2.97,2.957,2.957,2.417,2.557,2.591,2.302,2.421,2.761,2.819,2.219,2.127,2.63,2.98,2.726,2.953,2.65,1173584,973621,2.595,1142958,1198518,2.944,2.487,2.315,2.525,2.057,2.849,2.616,2.389,2.518,2.474,2.706,2.933,2.126,2.698,2.114,2.771,2.105,2.068,2.072,2.701,2.976,2.174,2.903,2.997,2.224,2.121,2.728,2.528,2.854,2.091,2.141,2.443,2.805,2.959,2.236,2.599,2.524,2.444,2.769,2.135,2.636,2.361,2.192,2.837,2.338,2.25,2.262,2.376,2.072,2.775,2.133,2.843,2.842,2.512,2.851,2.761,2.876,2.532,2.161,2.517,2.612,2.259,2.601,2.885,2.866,2.039,2.653,2.38,2.747,2.559,2.84,2.494,2.331,2.72,2.153,1085386,949156,000-000-178,2.435,2.851,2.942,2.718,2.071,2.239,2.418,2.225,2.742,2.984,2.163,2.593,2.651,2.547,2.992,2.116,2.524,2.474,2.472,2.809,2.617,2.168,2.255,2.424,2.632,2.574,2.395,2.339,2.059,2.474,2.351,2.808,2.939,2.808,2.139,2.646,2.501,2.227,2.331,2.391,2.467,2.477,2.776,2.669,2.115,2.152,2.865,2.712,2.51,2.801,2.596,2.395,2.9,2.245,2.806,2.295,2.734,2.991,2.019,2.532,2.126,2.567,2.345,2.072,2.771,2.094,2.116,2.964,2.445,2.411,2.076,2.999,2.754,2.466,2.22,997045,918447,000-000-178,14065,722,11555,45876,5123,1528,2713,1545,1811,1932,11205,3300,1916,1542,184,2961,46,940,14701,943,14393,46398,5580,1283,2884,1407,3859.1,2033,340,2560,7,819,0,1595,0,0,0,0,0,709,297,430,944,463,578,884699,778014,162466,121774,336047,194134,190605,343466,32054,404714,815106,891465,1259220,0.0195749,1.409625,19,15,22,1034249,27,3,35,3,18,1012,11,37,29,44
000-000-111,3,1,42,2,43,330,2.833,2.087,2.146,2.94,2.996,2.093,2.184,2.153,2.866,2.527,2.807,2.512,2.564,2.351,2.925,2.626,2.783,2.696,2.324,2.132,2.155,2.216,2.025,2.115,2.587,2.091,2.593,2.821,2.356,2.702,2.8,2.126,2.432,2.679,2.214,2.957,2.278,2.005,2.396,2.366,2.014,2.62,2.631,2.506,2.035,2.682,2.494,2.936,2.359,2.499,2.789,2.264,2.167,2.832,2.216,2.695,2.805,2.535,2.503,2.737,2.958,2.963,2.499,2.197,2.545,2.848,2.124,2.319,2.333,1186774,1168105,2.563,905401,984275,2.225,2.035,2.763,2.834,2.851,2.111,2.807,2.989,2.668,2.99,2.806,2.48,2.648,2.092,2.548,2.253,2.169,2.823,2.636,2.773,2.229,2.338,2.642,2.747,2.096,2.417,2.131,2.994,2.601,2.832,2.528,2.857,2.661,2.271,2.598,2.982,2.09,2.669,2.579,2.12,2.442,2.501,2.489,2.718,2.763,2.783,2.392,2.802,2.361,2.852,2.762,2.489,2.38,2.205,2.496,2.412,2.052,2.856,2.471,2.875,2.787,2.447,2.77,2.518,2.864,2.071,2.998,2.329,2.232,2.124,2.708,2.13,2.246,2.313,2.018,1085527,1137812,000-000-111,2.199,2.895,2.559,2.789,2.029,2.917,2.052,2.463,2.948,2.842,2.444,2.479,2.092,2.568,2.957,2.829,2.206,2.692,2.54,2.981,2.967,2.907,2.328,2.321,2.268,2.036,2.847,2.959,2.485,2.253,2.884,2.168,2.798,2.989,2.963,2.727,2.441,2.342,2.146,2.375,2.993,2.888,2.75,2.948,2.224,2.191,2.559,2.529,2.538,2.605,2.981,2.108,2.67,2.109,2.418,2.274,2.73,2.415,2.185,2.168,2.851,2.391,2.858,2.761,2.13,2.921,2.07,2.527,2.192,2.988,2.084,2.719,2.361,2.131,2.487,1005501,1059367,000-000-111,14776,592,10701,40782,5485,1108,2425,1085,1063,1343,12952,3470,1090,1993,147,2614,45,708,13000,850,10958,46771,5870,1491,2020,1593,4408.4,2104,263,2882,15,648,0,1097,0,0,0,0,0,490,717,560,801,717,714,906829,765304,112058,154410,390321,119448,101911,360181,36896,407324,738118,787966,1237579,0.4665126,1.5671273,19,19,21,1077361,38,4,62,4,16,1129,10,34,27,84
000-000-208,0,1,,0,45,314,2.658,2.857,2.713,2.411,2.903,2.639,2.663,2.771,2.742,2.956,2.092,2.519,2.387,2.16,2.288,2.299,2.614,2.53,2.403,2.626,2.874,2.044,2.768,2.909,2.913,2.353,2.451,2.908,2.675,2.161,2.548,2.825,2.693,2.937,2.662,2.247,2.436,2.625,2.909,2.45,2.96,2.149,2.54,2.757,2.052,2.992,2.073,2.492,2.517,2.298,2.701,2.611,2.966,2.11,2.534,2.414,2.22,2.423,2.15,2.73,2.054,2.384,2.635,2.951,2.737,2.616,2.206,2.486,2.87,905822,908037,2.191,1014841,1090100,2.748,2.204,2.061,2.044,2.361,2.799,2.771,2.791,2.887,2.949,2.054,2.1,2.942,2.69,2.344,2.77,2.053,2.468,2.121,2.797,2.089,2.666,2.947,2.059,2.825,2.393,2.802,2.798,2.727,2.173,2.283,2.918,2.872,2.494,2.719,2.054,2.813,2.646,2.961,2.229,2.929,2.553,2.87,2.216,2.802,2.855,2.09,2.112,2.464,2.274,2.896,2.163,2.845,2.257,2.551,2.599,2.149,2.872,2.183,2.558,2.269,2.613,2.841,2.785,2.169,2.103,2.854,2.861,2.502,2.236,2.813,2.472,2.861,2.615,2.657,1085887,1092700,000-000-208,2.659,2.95,2.998,2.08,2.844,2.657,2.01,2.55,2.587,2.69,2.717,2.778,2.718,2.871,2.894,2.419,2.014,2.791,2.714,2.425,2.317,2.877,2.75,2.658,2.392,2.14,2.875,2.335,2.965,2.235,2.455,2.334,2.46,2.107,2.98,2.386,2.023,2.851,2.785,2.6,2.462,2.041,2.347,2.276,2.27,2.428,2.48,2.877,2.795,2.488,2.838,2.716,2.105,2.961,2.357,2.02,2.907,2.615,2.487,2.315,2.77,2.008,2.238,2.77,2.342,2.835,2.084,2.212,2.47,2.497,2.115,2.294,2.109,2.701,2.801,912367,1051687,000-000-208,14751,960,10167,41750,5486,1682,2781,1319,1288,1629,14277,3345,1741,1381,139,2511,31,660,11121,526,11098,45657,4548,1599,2605,1833,3699.9,2728,243,2459,3,769,0,766,0,0,0,0,0,840,890,921,756,684,463,773704,714133,117081,103279,353718,140126,149948,323932,35886,448043,730932,801854,1474829,0.3671203,1.9942774,13,9,15,1123209,47,4,45,4,19,1376,11,3,37,41
000-000-176,0,1,,0,30,314,2.191,2.295,2.388,2.242,2.708,2.776,2.979,2.486,2.845,2.325,2.938,2.44,2.45,2.666,2.302,2.365,2.629,2.972,2.48,2.144,2.643,2.602,2.397,2.36,2.934,2.521,2.091,2.393,2.897,2.875,2.411,2.505,2.369,2.809,2.708,2.879,2.32,2.367,2.187,2.195,2.394,2.608,2.729,2.76,2.176,2.134,2.234,2.301,2.99,2.678,2.742,2.261,2.975,2.981,2.551,2.256,2.836,2.424,2.277,2.196,2.686,2.675,2.955,2.395,2.536,2.593,2.19,2.681,2.598,1095253,1131268,2.281,905593,970946,2.226,2.939,2.59,2.591,2.134,2.497,2.516,2.511,2.969,2.66,2.374,2.358,2.541,2.84,2.686,2.67,2.184,2.405,2.525,2.411,2.621,2.794,2.48,2.965,2.574,2.526,2.115,2.904,2.875,2.022,2.167,2.976,2.349,2.405,2.803,2.737,2.774,2.565,2.435,2.463,2.061,2.771,2.03,2.569,2.738,2.307,2.724,2.547,2.791,2.587,2.141,2.254,2.661,2.784,2.521,2.515,2.743,2.635,2.854,2.619,2.029,2.2,2.202,2.553,2.248,2.872,2.429,2.877,2.887,2.773,2.207,2.441,2.47,2.291,2.849,1089365,1110029,000-000-176,2.567,2.46,2.141,2.021,2.792,2.179,2.405,2.855,2.846,2.677,2.658,2.655,2.571,2.589,2.346,2.417,2.175,2.323,2.181,2.138,2.866,2.777,2.37,2.047,2.628,2.339,2.841,2.307,2.573,2.391,2.057,2.338,2.87,2.063,2.355,2.202,2.278,2.423,2.809,2.219,2.422,2.298,2.353,2.618,2.656,2.407,2.794,2.289,2.857,2.989,2.593,2.443,2.174,2.075,2.642,2.42,2.031,2.148,2.061,2.228,2.612,2.632,2.637,2.87,2.491,2.16,2.026,2.79,2.108,2.999,2.335,2.9,2.621,2.349,2.685,1037064,1015523,000-000-176,12955,437,13397,47808,4971,1325,3356,1841,1270,1265,18103,3993,1178,1560,446,2814,42,881,14096,607,13069,44878,5242,1986,2431,1423,3897.1,2895,379,2280,17,829,0,722,0,0,0,0,0,378,498,878,800,815,960,886914,721760,187131,118970,344648,103362,127659,355410,34831,449943,896845,770212,1330903,0.0675535,1.8685956,10,16,15,1102798,34,3,24,5,18,1463,7,40,27,64
000-000-084,0,0,,0,27,357,2.728,2.651,2.697,2.785,2.384,2.87,2.08,2.978,2.884,2.579,2.132,2.779,2.286,2.254,2.998,2.608,2.141,2.405,2.63,2.92,2.848,2.589,2.851,2.247,2.439,2.155,2.092,2.791,2.209,2.344,2.665,2.277,2.647,2.803,2.635,2.572,2.331,2.353,2.666,2.739,2.259,2.069,2.7,2.058,2.888,2.169,2.887,2.837,2.355,2.45,2.998,2.294,2.583,2.583,2.537,2.603,2.337,2.041,2.616,2.895,2.41,2.677,2.824,2.777,2.175,2.882,2.757,2.659,2.076,1197990,1087642,2.096,1142709,1079505,2.601,2.024,2.443,2.479,2.008,2.578,2.775,2.923,2.104,2.042,2.143,2.157,2.556,2.138,2.271,2.545,2.552,2.726,2.999,2.415,2.303,2.777,2.437,2.356,2.293,2.362,2.794,2.016,2.564,2.267,2.266,2.965,2.386,2.308,2.609,2.661,2.657,2.775,2.581,2.55,2.053,2.865,2.13,2.186,2.033,2.529,2.669,2.009,2.002,2.171,2.525,2.379,2.94,2.434,2.719,2.683,2.299,2.387,2.785,2.35,2.604,2.909,2.11,2.67,2.514,2.9,2.382,2.867,2.471,2.581,2.01,2.52,2.62,2.819,2.146,1090665,959641,000-000-084,2.343,2.611,2.245,2.062,2.09,2.407,2.36,2.443,2.468,2.916,2.523,2.732,2.555,2.662,2.442,2.782,2.548,2.716,2.427,2.55,2.796,2.347,2.879,2.28,2.236,2.371,2.807,2.075,2.755,2.337,2.256,2.074,2.769,2.202,2.25,2.298,2.707,2.623,2.875,2.529,2.643,2.674,2.938,2.712,2.934,2.141,2.887,2.123,2.28,2.71,2.684,2.365,2.939,2.927,2.786,2.179,2.161,2.446,2.593,2.046,2.986,2.106,2.046,2.098,2.924,2.267,2.198,2.941,2.233,2.826,2.13,2.651,2.17,2.385,2.355,1006706,1120978,000-000-084,12756,534,14191,49954,4273,1049,2024,1792,1689,1218,13095,3241,1953,1857,230,2784,21,538,11592,898,10729,41950,5968,1701,2216,1303,4282,2851,367,2143,19,761,0,699,0,0,0,0,0,496,604,643,860,853,717,800783,940753,188001,171781,309462,120025,150156,324350,38248,487186,855619,774258,1363298,0.933372,1.5609315,8,14,11,1024111,48,3,24,5,11,1095,7,40,27,57
000-000-057,1,0,42,2,53,379,2.309,2.677,2.371,2.618,2.444,2.698,2.394,2.389,2.401,2.686,2.703,2.38,2.694,2.113,2.198,2.557,2.375,2.718,2.204,2.689,2.759,2.178,2.342,2.297,2.793,2.58,2.491,2.698,2.543,2.679,2.061,2.105,2.643,2.186,2.311,2.161,2.75,2.999,2.001,2.043,2.521,2.186,2.927,2.571,2.833,2.659,2.497,2.175,2.511,2.931,2.975,2.726,2.956,2.157,2.659,2.748,2.778,2.417,2.946,2.832,2.124,2.935,2.4,2.589,2.103,2.721,2.939,2.746,2.184,1014696,1053095,2.387,1160762,1177459,2.817,2.833,2.588,2.774,2.252,2.335,2.241,2.181,2.951,2.394,2.248,2.088,2.959,2.512,2.502,2.293,2.916,2.748,2.112,2.104,2.861,2.049,2.227,2.41,2.166,2.736,2.462,2.377,2.247,2.06,2.126,2.53,2.946,2.506,2.079,2.997,2.839,2.072,2.559,2.575,2.803,2.238,2.027,2.599,2.168,2.382,2.9,2.032,2.038,2.332,2.891,2.598,2.917,2.774,2.672,2.818,2.252,2.969,2.881,2.053,2.844,2.526,2.355,2.397,2.071,2.191,2.373,2.134,2.578,2.084,2.322,2.536,2.258,2.386,2.814,1093997,1116275,000-000-057,2.944,2.293,2.819,2.513,2.231,2.741,2.806,2.206,2.517,2.485,2.557,2.498,2.463,2.186,2.715,2.083,2.169,2.077,2.881,2.929,2.338,2.455,2.191,2.929,2.13,2.714,2.749,2.294,2.649,2.69,2.197,2.901,2.172,2.889,2.602,2.797,2.995,2.661,2.323,2.651,2.845,2.204,2.8,2.704,2.397,2.18,2.155,2.546,2.584,2.957,2.493,2.274,2.668,2.224,2.581,2.913,2.04,2.302,2.496,2.078,2.646,2.455,2.991,2.444,2.274,2.136,2.79,2.714,2.557,2.199,2.656,2.383,2.459,2.804,2.22,1085194,1041322,000-000-057,13670,1051,12546,43435,5470,1303,3204,1380,1597,1258,10729,3951,1237,1448,177,2256,13,955,12070,679,14614,49799,5309,1712,3548,1413,4341.7,2025,391,3447,8,867,0,779,0,0,0,0,0,475,390,566,250,592,902,952041,867778,149203,100421,312283,190797,193001,335672,32343,496105,857825,787362,1398283,0.7143846,1.809031,11,21,8,1026769,48,4,30,4,6,1487,13,23,28,69
000-000-102,2,0,,0,39,367,2.22,2.533,2.023,2.149,2.22,2.277,2.122,2.307,2.667,2.246,2.931,2.323,2.323,2.741,2.52,2.816,2.73,2.434,2.945,2.771,2.517,2.584,2.006,2.795,2.416,2.377,2.153,2.353,2.18,2.821,2.234,2.623,2.245,2.717,2.562,2.321,2.309,2.898,2.415,2.509,2.188,2.777,2.226,2.003,2.344,2.396,2.978,2.424,2.234,2.245,2.09,2.105,2.199,2.208,2.818,2.943,2.081,2.137,2.314,2.36,2.109,2.83,2.632,2.874,2.018,2.464,2.315,2.469,2.907,988116,1150266,2.864,1130005,1194416,2.961,2.051,2.268,2.013,2.525,2.461,2.335,2.32,2.084,2.803,2.761,2.879,2.591,2.948,2.771,2.516,2.693,2.854,2.004,2.345,2.149,2.157,2.849,2.56,2.419,2.869,2.715,2.253,2.725,2.343,2.062,2.837,2.502,2.143,2.39,2.637,2.863,2.702,2.312,2.703,2.532,2.379,2.29,2.156,2.6,2.154,2.184,2.403,2.182,2.485,2.006,2.137,2.744,2.088,2.215,2.767,2.713,2.468,2.434,2.299,2.549,2.368,2.567,2.353,2.328,2.036,2.216,2.153,2.399,2.642,2.446,2.308,2.888,2.412,2.465,1094014,975340,000-000-102,2.245,2.914,2.616,2.004,2.968,2.598,2.187,2.241,2.535,2.625,2.978,2.45,2.371,2.893,2.973,2.754,2.183,2.944,2.368,2.552,2.86,2.501,2.028,2.303,2.394,2.954,2.354,2.62,2.196,2.141,2.34,2.335,2.538,2.545,2.173,2.198,2.115,2.997,2.683,2.906,2.008,2.878,2.662,2.465,2.532,2.652,2.337,2.193,2.445,2.689,2.978,2.583,2.958,2.664,2.88,2.568,2.243,2.466,2.83,2.854,2.905,2.613,2.864,2.399,2.312,2.311,2.747,2.755,2.06,2.755,2.163,2.217,2.808,2.292,2.798,1158124,1193325,000-000-102,11089,936,14665,49979,4980,1662,3914,1817,1557,1090,14327,3410,1446,1528,148,2482,30,716,11099,573,11512,49893,4407,1175,2217,1576,4587.7,2911,227,2231,2,559,0,1132,0,0,0,0,0,470,794,326,560,292,404,710483,975066,153702,127625,385255,188072,156650,397774,30880,426383,767212,828440,1339078,0.3409669,1.1861965,16,12,20,1084126,6,5,62,5,8,1026,11,28,20,40
000-000-061,1,0,,0,51,328,2.139,2.449,2.063,2.744,2.472,2.612,2.87,2.799,2.124,2.908,2.021,2.413,2.789,2.58,2.796,2.488,2.906,2.136,2.609,2.064,2.719,2.125,2.535,2.024,2.689,2.361,2.061,2.046,2.609,2.972,2.552,2.222,2.27,2.896,2.009,2.937,2.641,2.45,2.873,2.465,2.297,2.404,2.964,2.501,2.769,2.734,2.305,2.883,2.022,2.872,2.203,2.843,2.31,2.189,2.308,2.672,2.413,2.372,2.861,2.671,2.014,2.308,2.375,2.946,2.876,2.938,2.409,2.14,2.817,1113763,1052872,2.607,956202,1001656,2.36,2.883,2.997,2.074,2.018,2.28,2.371,2.249,2.888,2.139,2.457,2.405,2.116,2.551,2.901,2.657,2.831,2.082,2.758,2.682,2.308,2.044,2.386,2.335,2.36,2.364,2.737,2.545,2.32,2.504,2.544,2.124,2.599,2.011,2.417,2.034,2.49,2.028,2.932,2.756,2.11,2.45,2.254,2.845,2.827,2.644,2.674,2.471,2.17,2.4,2.299,2.49,2.481,2.828,2.286,2.738,2.776,2.761,2.962,2.581,2.284,2.309,2.764,2.982,2.713,2.773,2.476,2.139,2.104,2.15,2.869,2.336,2.359,2.178,2.16,1094187,914195,000-000-061,2.15,2.704,2.555,2.592,2.451,2.065,2.311,2.255,2.949,2.132,2.068,2.534,2.471,2.825,2.445,2.742,2.797,2.178,2.652,2.985,2.772,2.908,2.624,2.963,2.177,2.159,2.083,2.041,2.949,2.476,2.814,2.132,2.04,2.986,2.22,2.593,2.012,2.959,2.839,2.343,2.898,2.188,2.254,2.378,2.451,2.176,2.609,2.368,2.606,2.009,2.19,2.004,2.058,2.766,2.105,2.012,2.29,2.734,2.554,2.45,2.677,2.888,2.231,2.197,2.342,2.768,2.12,2.75,2.001,2.317,2.213,2.424,2.214,2.679,2.743,1004073,1004317,000-000-061,11437,916,11975,44198,4318,1925,3504,1386,1531,1383,19035,3354,1959,1308,335,2851,42,827,12744,570,11291,42217,4155,1247,2168,1144,4213.2,2187,361,2007,4,515,0,1857,0,0,0,0,0,772,484,619,224,702,605,732375,749189,121443,125190,342849,125268,119891,345055,37426,415106,816041,827191,1373416,0.6725273,1.2300348,12,20,8,1196737,50,5,20,5,13,1302,9,46,35,72
000-000-089,1,0,42,2,24,350,2.002,2.552,2.039,2.494,2.473,2.095,2.108,2.739,2.637,2.134,2.068,2.176,2.208,2.023,2.94,2.056,2.288,2.774,2.614,2.184,2.642,2.163,2.924,2.085,2.167,2.029,2.992,2.251,2.11,2.625,2.506,2.658,2.623,2.019,2.033,2.886,2.733,2.413,2.824,2.328,2.324,2.892,2.364,2.791,2.389,2.375,2.652,2.762,2.967,2.37,2.374,2.711,2.428,2.031,2.325,2.692,2.443,2.637,2.135,2.946,2.364,2.829,2.377,2.164,2.612,2.856,2.92,2.569,2.435,1191844,1143691,2.898,1124039,1006912,2.826,2.448,2.65,2.088,2.831,2.122,2.188,2.62,2.313,2.069,2.037,2.839,2.394,2.343,2.069,2.965,2.124,2.874,2.933,2.775,2.681,2.556,2.181,2.305,2.668,2.485,2.493,2.437,2.14,2.484,2.779,2.759,2.743,2.12,2.485,2.336,2.508,2.201,2.041,2.775,2.098,2.113,2.444,2.215,2.141,2.342,2.007,2.377,2.103,2.763,2.602,2.115,2.123,2.753,2.021,2.23,2.433,2.34,2.346,2.066,2.356,2.044,2.049,2.077,2.425,2.432,2.095,2.556,2.528,2.018,2.554,2.88,2.435,2.469,2.275,1094247,1006137,000-000-089,2.916,2.024,2.897,2.396,2.568,2.922,2.259,2.564,2.727,2.085,2.175,2.473,2.754,2.481,2.681,2.927,2.369,2.143,2.935,2.954,2.73,2.427,2.438,2.845,2.634,2.561,2.946,2.085,2.319,2.324,2.201,2.75,2.123,2.471,2.746,2.846,2.014,2.916,2.186,2.739,2.062,2.641,2.391,2.648,2.49,2.769,2.852,2.386,2.417,2.241,2.477,2.147,2.595,2.695,2.998,2.843,2.645,2.522,2.124,2.528,2.475,2.638,2.914,2.384,2.469,2.797,2.058,2.877,2.795,2.14,2.907,2.742,2.836,2.93,2.127,1185939,1159183,000-000-089,12233,993,11380,43151,5235,1082,3598,1543,1636,1398,12494,3441,1200,1315,418,2975,37,817,12681,627,11216,43533,4763,1149,2860,1107,3213.8,2131,355,2927,20,762,0,852,0,0,0,0,0,732,695,538,750,362,332,728952,810913,143219,195940,303051,158429,118685,373361,36815,451462,850953,806754,1418904,0.1465441,1.8822054,21,22,14,1026877,46,4,51,3,18,1203,11,34,32,94
000-000-014,2,0,42,2,57,375,2.165,2.557,2.107,2.988,2.219,2.01,2.826,2.688,2.657,2.63,2.718,2.623,2.677,2.232,2.26,2.882,2.425,2.979,2.888,2.019,2.392,2.8,2.388,2.607,2.804,2.586,2.468,2.08,2.323,2.763,2.248,2.537,2.732,2.835,2.255,2.163,2.39,2.747,2.78,2.6,2.863,2.99,2.066,2.032,2.4,2.171,2.266,2.354,2.23,2.918,2.627,2.775,2.185,2.414,2.603,2.379,2.824,2.259,2.177,2.933,2.047,2.632,2.122,2.035,2.551,2.148,2.462,2.87,2.043,1035170,1010374,2.876,998251,1155762,2.758,2.696,2.431,2.522,2.433,2.784,2.603,2.256,2.503,2.101,2.063,2.044,2.273,2.728,2.457,2.54,2.478,2.286,2.77,2.357,2.124,2.306,2.785,2.167,2.47,2.552,2.432,2.901,2.634,2.629,2.88,2.414,2.009,2.506,2.58,2.379,2.233,2.279,2.712,2.021,2.356,2.42,2.242,2.607,2.917,2.223,2.245,2.632,2.783,2.71,2.979,2.822,2.477,2.624,2.739,2.425,2.146,2.056,2.482,2.161,2.616,2.664,2.23,2.301,2.732,2.078,2.703,2.651,2.521,2.063,2.643,2.279,2.854,2.143,2.855,1094570,1158589,000-000-014,2.675,2.627,2.602,2.288,2.908,2.46,2.324,2.804,2.659,2.018,2.525,2.118,2.377,2.814,2.004,2.255,2.024,2.846,2.886,2.169,2.128,2.389,2.859,2.331,2.949,2.733,2.979,2.702,2.816,2.904,2.106,2.61,2.447,2.645,2.7,2.209,2.141,2.855,2.3,2.781,2.512,2.721,2.427,2.353,2.803,2.929,2.317,2.127,2.176,2.896,2.302,2.802,2.625,2.623,2.695,2.085,2.47,2.406,2.05,2.689,2.028,2.472,2.896,2.869,2.32,2.212,2.895,2.764,2.731,2.685,2.82,2.384,2.469,2.75,2.501,1039087,1186929,000-000-014,12521,736,12413,41085,5845,1062,3759,1560,1810,1541,14885,3633,1520,1152,119,2444,20,692,12217,604,12841,43214,4928,1483,2503,1111,3884.5,2896,347,2024,18,938,0,1694,0,0,0,0,0,366,888,335,534,964,946,729922,979594,171067,189543,393667,121636,191730,390521,35410,483409,700603,804646,1276220,0.7571928,1.4452737,18,9,9,1076065,27,3,24,4,7,1091,13,10,48,92
000-000-217,1,1,42,2,31,382,2.913,2.573,2.676,2.663,2.984,2.717,2.165,2.421,2.969,2.135,2.11,2.919,2.101,2.166,2.581,2.744,2.693,2.452,2.004,2.482,2.036,2.509,2.755,2.941,2.941,2.883,2.128,2.379,2.539,2.078,2.486,2.268,2.472,2.776,2.186,2.499,2.366,2.806,2.901,2.23,2.331,2.292,2.921,2.664,2.498,2.665,2.88,2.572,2.295,2.058,2.123,2.604,2.09,2.18,2.859,2.479,2.585,2.972,2.794,2.887,2.111,2.05,2.534,2.957,2.974,2.523,2.787,2.586,2.478,921049,1050640,2.385,950394,1091347,2.924,2.333,2.993,2.179,2.841,2.007,2.707,2.891,2.089,2.132,2.702,2.757,2.215,2.305,2.404,2.375,2.978,2.904,2.94,2.621,2.581,2.249,2.641,2.957,2.81,2.833,2.106,2.696,2.39,2.763,2.827,2.099,2.487,2.529,2.849,2.06,2.578,2.457,2.951,2.528,2.782,2.871,2.841,2.994,2.831,2.801,2.735,2.027,2.562,2.855,2.599,2.768,2.617,2.532,2.838,2.288,2.466,2.886,2.857,2.474,2.139,2.271,2.81,2.724,2.691,2.809,2.406,2.659,2.677,2.748,2.233,2.923,2.33,2.518,2.587,1094714,969032,000-000-217,2.373,2.249,2.807,2.778,2.886,2.089,2.184,2.424,2.667,2.073,2.802,2.4,2.79,2.353,2.091,2.237,2.547,2.409,2.217,2.849,2.735,2.754,2.373,2.922,2.675,2.521,2.692,2.09,2.145,2.402,2.453,2.653,2.54,2.395,2.425,2.881,2.14,2.295,2.913,2.889,2.706,2.712,2.976,2.233,2.113,2.168,2.579,2.774,2.671,2.418,2.337,2.354,2.719,2.951,2.943,2.673,2.246,2.34,2.582,2.371,2.002,2.405,2.17,2.755,2.727,2.462,2.45,2.225,2.768,2.998,2.75,2.12,2.376,2.987,2.917,1019727,1117594,000-000-217,14939,422,11889,49197,4112,1915,3429,1213,1568,1139,11850,3688,1529,1256,381,2775,44,950,14265,355,12191,44747,5634,1129,2866,1412,3879.3,2743,267,2243,2,733,0,1602,0,0,0,0,0,989,401,350,660,389,326,792202,923708,103515,198461,346874,108345,193764,365260,35530,433292,895789,828857,1221430,0.9405207,1.0556041,12,13,13,1171965,19,5,29,4,15,1026,13,10,41,80
000-000-092,0,0,42,2,49,381,2.36,2.834,2.593,2.191,2.95,2.828,2.37,2.39,2.766,2.142,2.952,2.576,2.346,2.596,2.262,2.22,2.864,2.677,2.672,2.378,2.372,2.253,2.183,2.132,2.534,2.704,2.232,2.131,2.959,2.228,2.947,2.735,2.737,2.847,2.915,2.524,2.231,2.68,2.194,2.166,2.789,2.768,2.845,2.21,2.771,2.254,2.751,2.077,2.676,2.652,2.337,2.597,2.433,2.298,2.055,2.826,2.474,2.812,2.557,2.703,2.362,2.323,2.062,2.448,2.187,2.891,2.716,2.851,2.941,1010774,1159293,2.87,900241,911672,2.575,2.546,2.787,2.394,2.65,2.77,2.283,2.25,2.057,2.502,2.33,2.351,2.436,2.656,2.497,2.04,2.254,2.058,2.451,2.706,2.084,2.08,2.847,2.636,2.428,2.803,2.238,2.557,2.794,2.372,2.677,2.721,2.789,2.649,2.607,2.029,2.272,2.968,2.518,2.013,2.459,2.77,2.143,2.827,2.68,2.176,2.693,2.47,2.91,2.659,2.502,2.223,2.514,2.389,2.876,2.157,2.024,2.071,2.167,2.191,2.838,2.359,2.62,2.405,2.763,2.159,2.039,2.963,2.891,2.274,2.82,2.008,2.679,2.115,2.483,1094855,962197,000-000-092,2.627,2.533,2.244,2.145,2.714,2.002,2.16,2.578,2.85,2.374,2.718,2.191,2.418,2.901,2.931,2.966,2.082,2.188,2.171,2.263,2.73,2.664,2.838,2.217,2.046,2.153,2.066,2.882,2.751,2.881,2.676,2.773,2.719,2.561,2.896,2.367,2.38,2.028,2,2.501,2.674,2.665,2.547,2.12,2.793,2.019,2.076,2.144,2.716,2.784,2.163,2.715,2.249,2.444,2.512,2.336,2.494,2.803,2.749,2.431,2.909,2.431,2.745,2.061,2.257,2.631,2.127,2.654,2.968,2.121,2.892,2.009,2.944,2.128,2.329,1180501,1013651,000-000-092,11261,342,14681,41423,4287,1551,2728,1533,1853,1617,10456,3301,1674,1452,334,2848,41,568,14434,495,10903,45323,4703,1431,2263,1398,4598.6,2420,383,2953,19,924,0,1819,0,0,0,0,0,621,883,516,314,649,599,976614,943745,121162,190893,358887,111016,125080,348400,32498,496060,864844,843355,1496065,0.6627143,1.2762692,18,17,11,1154155,34,3,49,3,15,1482,11,2,30,50
000-000-021,1,0,,0,35,327,2.051,2.028,2.492,2.84,2.764,2.769,2.064,2.1,2.821,2.097,2.978,2.941,2.811,2.656,2.162,2.523,2.944,2.99,2.695,2.481,2.781,2.38,2.929,2.12,2.222,2.43,2.1,2.961,2.376,2.34,2.939,2.364,2.409,2.647,2.17,2.165,2.286,2.331,2.627,2.355,2.87,2.694,2.017,2.982,2.185,2.779,2.31,2.966,2.322,2.777,2.925,2.82,2.918,2.075,2.273,2.212,2.976,2.745,2.69,2.308,2.251,2.447,2.454,2.727,2.964,2.692,2.282,2.613,2.502,1121453,1170639,2.933,1136540,1184342,2.605,2.701,2.812,2.693,2.552,2.311,2.636,2.882,2.085,2.171,2.675,2.11,2.399,2.75,2.656,2.479,2.401,2.274,2.436,2.2,2.636,2.044,2.11,2.42,2.926,2.183,2.867,2.822,2.679,2.42,2.805,2.836,2.318,2.08,2.942,2.768,2.288,2.284,2.073,2.188,2.024,2.82,2.941,2.643,2.427,2.043,2.963,2.411,2.104,2.276,2.139,2.49,2.248,2.017,2.564,2.788,2.556,2.808,2.361,2.168,2.942,2.189,2.638,2.946,2.489,2.638,2.991,2.281,2.079,2.487,2.088,2.265,2.839,2.236,2.831,1095953,995006,000-000-021,2.563,2.039,2.55,2.874,2.072,2.248,2.462,2.2,2.015,2.167,2.672,2.798,2.279,2.531,2.018,2.732,2.079,2.12,2.101,2.664,2.224,2.338,2.852,2.783,2.953,2.887,2.256,2.953,2.338,2.931,2.336,2.936,2.81,2.57,2.392,2.676,2.988,2.966,2.149,2.418,2.415,2.033,2.692,2.101,2.848,2.803,2.903,2.653,2.554,2.141,2.928,2.211,2.376,2.852,2.511,2.721,2.657,2.474,2.306,2.186,2.611,2.196,2.393,2.278,2.094,2.771,2.582,2.298,2.527,2.116,2.374,2.957,2.091,2.445,2.649,1039709,962069,000-000-021,11946,597,10752,44504,4488,1168,3993,1091,1956,1839,11226,3902,1147,1336,439,2773,32,746,14658,908,10475,47961,4523,1294,3919,1785,4896.3,2471,325,2309,19,758,0,1074,0,0,0,0,0,255,955,974,390,884,695,924305,777134,123630,169081,387540,149498,101330,332467,35545,483954,836639,830479,1249428,0.3842537,1.6886047,15,18,9,1113800,25,4,68,5,18,1267,8,49,45,53
000-000-015,3,0,42,2,35,325,2.972,2.459,2.793,2.891,2.707,2.591,2.758,2.35,2.727,2.596,2.72,2.174,2.076,2.265,2.916,2.615,2.748,2.458,2.299,2.552,2.589,2.27,2.25,2.93,2.476,2.884,2.455,2.519,2.796,2.329,2.206,2.597,2.545,2.222,2.33,2.901,2.194,2.942,2.266,2.238,2.063,2.938,2.55,2.104,2.946,2.348,2.644,2.317,2.835,2.044,2.902,2.799,2.396,2.547,2.479,2.205,2.472,2.844,2.119,2.274,2.83,2.443,2.001,2.576,2.507,2.049,2.887,2.337,2.703,1081214,932956,2.675,1107401,1152207,2.278,2.02,2.024,2.33,2.17,2.214,2.976,2.512,2.603,2.373,2.446,2.882,2.8,2.754,2.212,2.465,2.94,2.9,2.416,2.208,2.289,2.37,2.846,2.428,2.099,2.374,2.055,2.44,2.181,2.603,2.624,2.834,2.314,2.589,2.308,2.615,2.157,2.526,2.459,2.815,2.317,2.306,2.033,2.323,2.839,2.248,2.879,2.586,2.004,2.915,2.75,2.772,2.636,2.673,2.504,2.465,2.508,2.384,2.845,2.294,2.328,2.673,2.175,2.962,2.381,2.829,2.34,2.727,2.062,2.583,2.76,2.028,2.304,2.866,2.229,1096331,1144982,000-000-015,2.97,2.681,2.693,2.558,2.231,2.484,2.971,2.93,2.684,2.312,2.974,2.012,2.245,2.673,2.009,2.334,2.97,2.549,2.291,2.411,2.098,2.5,2.323,2.315,2.736,2.703,2.077,2.876,2.667,2.086,2.493,2.191,2.032,2.243,2.642,2.918,2.126,2.768,2.428,2.055,2.784,2.741,2.661,2.947,2.022,2.67,2.491,2.689,2.324,2.762,2.418,2.597,2.874,2.021,2.267,2.708,2.164,2.401,2.183,2.753,2.529,2.292,2.472,2.113,2.536,2.896,2.023,2.493,2.704,2.672,2.667,2.615,2.146,2.343,2.226,997167,1129176,000-000-015,10560,793,11927,41476,4880,1591,2120,1510,1836,1724,11992,3263,1221,1575,233,2347,44,822,11378,805,14380,45942,4522,1829,3660,1520,3788.9,2739,358,3696,4,600,0,1525,0,0,0,0,0,310,857,878,297,753,536,946516,904697,131440,179819,370672,146866,128875,361171,37473,442396,764054,729865,1281285,0.3814082,1.762655,14,21,21,1087236,26,3,55,3,20,1346,10,17,21,79
000-000-040,0,0,,0,60,356,2.919,2.423,2.329,2.932,2.166,2.582,2.743,2.289,2.334,2.635,2.969,2.597,2.891,2.4,2.011,2.884,2.955,2.389,2.793,2.89,2.675,2.572,2.877,2.483,2.324,2.615,2.635,2.22,2.66,2.091,2.885,2.57,2.634,2.224,2.312,2.7,2.658,2.467,2.039,2.818,2.361,2.117,2.931,2.345,2.478,2.44,2.13,2.754,2.555,2.944,2.306,2.877,2.915,2.728,2.637,2.314,2.922,2.401,2.958,2.279,2.908,2.75,2.48,2.009,2.987,2.662,2.767,2.791,2.687,1198915,1007534,2.203,1049087,1083916,2.156,2.456,2.539,2.446,2.823,2.602,2.779,2.256,2.197,2.115,2.211,2.043,2.372,2.601,2.809,2.349,2.955,2.315,2.148,2.85,2.626,2.915,2.222,2.327,2.811,2.178,2.552,2.684,2.393,2.414,2.299,2.333,2.063,2.962,2.483,2.018,2.691,2.448,2.055,2.417,2.533,2.645,2.907,2.271,2.013,2.543,2.46,2.405,2.652,2.846,2.413,2.042,2.724,2.017,2.242,2.061,2.27,2.112,2.005,2.388,2.411,2.292,2.771,2.797,2.64,2.5,2.562,2.47,2.059,2.292,2.209,2.449,2.172,2.942,2.907,1097868,921632,000-000-040,2.5,2.397,2.839,2.491,2.264,2.384,2.096,2.999,2.644,2.182,2.394,2.875,2.724,2.741,2.776,2.547,2.276,2.676,2.321,2.259,2.454,2.86,2.919,2.955,2.158,2.19,2.028,2.113,2.589,2.596,2.124,2.642,2.751,2.911,2.68,2.62,2.374,2.222,2.332,2.628,2.363,2.624,2.004,2.212,2.463,2.374,2.532,2.166,2.517,2.597,2.427,2.065,2.598,2.164,2.68,2.912,2.413,2.953,2.186,2.541,2.388,2.25,2.326,2.781,2.286,2.459,2.367,2.348,2.918,2.07,2.116,2.813,2.543,2.65,2.251,1077459,1022916,000-000-040,13357,819,13760,46998,5661,1122,3900,1334,1041,1094,12395,3699,1313,1662,476,2608,50,557,10769,828,13837,42895,4344,1432,2072,1882,3812.7,2824,320,2990,4,999,0,1249,0,0,0,0,0,430,653,381,814,650,564,819223,714817,140404,158646,362309,105128,176122,356214,37347,436909,842297,788499,1486025,0.7627509,1.4768908,12,17,8,1063230,17,4,56,5,17,1405,10,13,37,77
000-000-047,3,0,42,2,52,380,2.185,2.261,2.739,2.941,2.443,2.73,2.351,2.624,2.863,2.605,2.128,2.386,2.941,2.291,2.265,2.778,2.224,2.964,2.353,2.383,2.219,2.606,2.646,2.338,2.238,2.035,2.809,2.611,2.911,2.911,2.56,2.776,2.547,2.272,2.657,2.987,2.338,2.011,2.141,2.47,2.412,2.751,2.185,2.811,2.799,2.763,2.787,2.493,2.362,2.925,2.855,2.443,2.423,2.032,2.309,2.944,2.776,2.215,2.945,2.961,2.015,2.552,2.328,2.686,2.169,2.393,2.543,2.815,2.293,1142610,1156497,2.874,1093772,992994,2.099,2.996,2.326,2.313,2.132,2.631,2.051,2.395,2.402,2.04,2.633,2.409,2.26,2.195,2.563,2.585,2.508,2.804,2.173,2.055,2.197,2.793,2.635,2.859,2.261,2.138,2.81,2.529,2.243,2.194,2.939,2.414,2.154,2.593,2.855,2.658,2.883,2.782,2.337,2.384,2.39,2.074,2.063,2.857,2.519,2.171,2.335,2.469,2.69,2.707,2.216,2.095,2.536,2.185,2.59,2.959,2.276,2.663,2.583,2.944,2.033,2.013,2.685,2.071,2.021,2.124,2.846,2.994,2.389,2.673,2.64,2.94,2.707,2.571,2.174,1099785,935379,000-000-047,2.073,2.881,2.772,2.923,2.037,2.169,2.199,2.508,2.332,2.561,2.307,2.557,2.448,2.94,2.306,2.764,2.989,2.129,2.071,2.146,2.772,2.149,2.875,2.151,2.447,2.689,2.473,2.114,2.697,2.778,2.019,2.924,2.536,2.681,2.428,2.801,2.908,2.208,2.643,2.157,2.447,2.874,2.071,2.015,2.751,2.382,2.312,2.109,2.426,2.221,2.5,2.438,2.329,2.649,2.935,2.947,2.962,2.496,2.527,2.833,2.348,2.009,2.64,2.867,2.476,2.625,2.54,2.311,2.23,2.884,2.196,2.623,2.241,2.072,2.36,1083504,1168797,000-000-047,11269,379,14833,49193,5037,1553,2877,1924,1076,1118,11881,3348,1484,1394,186,2746,14,596,12054,1073,14741,43276,4044,1620,2469,1280,3573.9,2486,264,2308,7,740,0,1641,0,0,0,0,0,770,990,690,838,828,394,933292,987048,123047,144179,332247,151846,166967,317088,30814,442180,874403,730047,1419909,0.3312717,1.4204659,10,21,15,1017049,13,3,26,3,14,1263,11,21,21,79
000-000-012,0,0,42,2,32,331,2.305,2.546,2.214,2.708,2.471,2.405,2.695,2.133,2.039,2.962,2.064,2.035,2.718,2.565,2.287,2.544,2,2.801,2.372,2.574,2.525,2.058,2.195,2.827,2.279,2.186,2.226,2.795,2.633,2.523,2.821,2.519,2.871,2.796,2.727,2.366,2.039,2.503,2.13,2.418,2.531,2.24,2.078,2.678,2.867,2.083,2.195,2.478,2.728,2.896,2.897,2.225,2.094,2.655,2.219,2.633,2.453,2.54,2.467,2.571,2.827,2.469,2.908,2.22,2.603,2.465,2.724,2.71,2.956,1172457,901026,2.356,1100039,1131083,2.832,2.272,2.981,2.193,2.517,2.005,2.417,2.471,2.885,2.768,2.6,2.183,2.278,2.712,2.202,2.371,2.738,2.14,2.879,2.356,2.293,2.933,2.092,2.468,2.917,2.097,2.537,2.699,2.806,2.089,2.62,2.289,2.488,2.635,2.63,2.35,2.091,2.242,2.328,2.333,2.86,2.396,2.451,2.398,2.686,2.81,2.392,2.849,2.073,2.976,2.189,2.975,2.408,2.867,2.404,2.042,2.028,2.024,2.879,2.58,2.87,2.953,2.112,2.854,2.592,2.229,2.438,2.986,2.739,2.504,2.546,2.922,2.702,2.017,2.696,1100781,1125852,000-000-012,2.395,2.339,2.855,2.725,2.23,2.209,2.603,2.826,2.378,2.35,2.61,2.628,2.67,2.3,2.611,2.02,2.929,2.486,2.67,2.761,2.214,2.558,2.132,2.033,2.541,2.962,2.017,2.227,2.627,2.619,2.353,2.134,2.47,2.837,2.344,2.005,2.472,2.513,2.592,2.781,2.972,2.933,2.128,2.681,2.641,2.726,2.38,2.919,2.261,2.919,2.56,2.139,2.607,2.533,2.224,2.359,2.521,2.233,2.554,2.088,2.421,2.461,2.21,2.833,2.269,2.35,2.114,2.552,2.38,2.982,2.192,2.323,2.431,2.439,2.06,1175385,973449,000-000-012,10659,775,10858,46406,5713,1752,3141,1865,1153,1163,11044,3657,1727,1872,266,2535,14,935,13120,532,12508,46200,4424,1636,3438,1129,3900.2,2167,287,2752,14,754,0,847,0,0,0,0,0,441,759,547,354,582,793,897561,797060,197027,115501,318601,132873,143285,354764,38457,462506,829654,817019,1416279,0.3382486,1.5253717,8,9,14,1144334,50,3,46,5,12,1125,12,46,28,72
000-000-106,2,0,42,2,47,378,2.805,2.881,2.598,2.735,2.364,2.437,2.299,2.548,2.1,2.383,2.039,2.434,2.681,2.209,2.771,2.258,2.193,2.365,2.56,2.239,2.367,2.509,2.092,2.294,2.937,2.612,2.496,2.632,2.32,2.75,2.858,2.627,2.099,2.494,2.138,2.046,2.609,2.639,2.875,2.853,2.072,2.117,2.496,2.531,2.38,2.734,2.152,2.336,2.121,2.31,2.068,2.939,2.514,2.513,2.429,2.095,2.932,2.456,2.577,2.321,2.316,2.07,2.32,2.253,2.868,2.306,2.591,2.575,2.1,977262,944014,2.481,1154898,970004,2.406,2.209,2.814,2.006,2.93,2.589,2.298,2.477,2.178,2.458,2.62,2.805,2.515,2.989,2.977,2.669,2.926,2.016,2.793,2.291,2.82,2.202,2.33,2.002,2.427,2.699,2.176,2.728,2.095,2.131,2.132,2.271,2.481,2.478,2.492,2.479,2.6,2.671,2.833,2.902,2.282,2.841,2.346,2.406,2.595,2.764,2.413,2.675,2.364,2.465,2.72,2.921,2.747,2.775,2.018,2.877,2.251,2.139,2.48,2.804,2.026,2.806,2.903,2.027,2.338,2.784,2.953,2.305,2.939,2.774,2.24,2.022,2.525,2.52,2.094,1102790,902537,000-000-106,2.554,2.644,2.273,2.838,2.056,2.068,2.412,2.598,2.087,2.772,2.019,2.768,2.337,2.623,2.47,2.262,2.826,2.883,2.328,2.334,2.197,2.919,2.198,2.222,2.256,2.383,2.666,2.706,2.3,2.284,2.512,2.498,2.027,2.031,2.884,2.768,2.583,2.014,2.856,2.157,2.442,2.83,2.288,2.997,2.092,2.727,2.673,2.055,2.419,2.375,2.347,2.214,2.273,2.914,2.83,2.044,2.349,2.768,2.606,2.924,2.532,2.161,2.454,2.181,2.469,2.275,2.932,2.906,2.636,2.646,2.545,2.805,2.655,2.275,2.845,1100246,957262,000-000-106,12194,561,13594,46852,5909,1323,2833,1375,1820,1363,18590,3091,1467,1249,365,2491,47,517,13385,718,10505,42865,5806,1851,3336,1130,4253.3,2247,200,2509,11,783,0,711,0,0,0,0,0,835,786,790,863,613,511,785029,819954,125385,132828,372597,124700,146117,355358,38769,492212,769779,879066,1393371,0.6559819,1.4748423,12,18,17,1094667,34,3,29,3,16,1136,7,43,43,82
000-000-019,3,0,,0,58,390,2.769,2.107,2.807,2.994,2.101,2.575,2.191,2.549,2.425,2.409,2.123,2.527,2.965,2.933,2.493,2.868,2.532,2.081,2.243,2.563,2.253,2.013,2.028,2.291,2.391,2.198,2.748,2.22,2.341,2.108,2.664,2.141,2.164,2.623,2.85,2.33,2.905,2.814,2.066,2.343,2.606,2.872,2.484,2.528,2.4,2.267,2.205,2.033,2.658,2.499,2.159,2.565,2.626,2.015,2.233,2.898,2.482,2.465,2.653,2.614,2.377,2.134,2.58,2.193,2.127,2.922,2.961,2.074,2.166,1199472,1061033,2.825,1153301,1078484,2.152,2.753,2.557,2.722,2.361,2.833,2.784,2.749,2.452,2.672,2.478,2.402,2.59,2.403,2.332,2.149,2.847,2.007,2.634,2.537,2.357,2.958,2.996,2.392,2.786,2.087,2.427,2.769,2.148,2.057,2.54,2.969,2.063,2.742,2.706,2.587,2.825,2.402,2.71,2.475,2.934,2.615,2.578,2.183,2.914,2.82,2.846,2.236,2.384,2.982,2.264,2.518,2.637,2.899,2.942,2.589,2.918,2.213,2.007,2.874,2.144,2.533,2.766,2.308,2.023,2.415,2.585,2.115,2.656,2.884,2.808,2.831,2.451,2.357,2.339,1103218,1082206,000-000-019,2.769,2.459,2.869,2.9,2.671,2.394,2.104,2.244,2.962,2.976,2.393,2.818,2.384,2.125,2.493,2.645,2.979,2.871,2.14,2.954,2.122,2.338,2.467,2.033,2.479,2.423,2.668,2.924,2.883,2.249,2.685,2.975,2.767,2.616,2.265,2.226,2.08,2.729,2.313,2.404,2.433,2.224,2.832,2.668,2.299,2.495,2.569,2.185,2.419,2.564,2.237,2.176,2.238,2.138,2.671,2.492,2.75,2.201,2.061,2.746,2.343,2.973,2.687,2.943,2.529,2.315,2.563,2.998,2.704,2.958,2.228,2.67,2.05,2.037,2.75,1017421,1131448,000-000-019,13021,1083,13742,45345,5529,1894,3209,1912,1178,1091,16173,3369,1800,1340,301,2094,34,564,11654,953,13971,42042,5934,1411,3201,1145,3759.2,2066,340,3681,1,602,0,1564,0,0,0,0,0,975,592,658,925,538,831,737318,817647,134694,146991,313776,179455,162448,371148,34174,413228,846870,791486,1322971,0.7550589,1.3576497,20,11,11,1013111,12,4,66,5,20,1025,7,28,39,95
000-000-036,0,0,,0,59,354,2.189,2.907,2.867,2.529,2.767,2.044,2.211,2.142,2.354,2.057,2.696,2.131,2.25,2.433,2.485,2.335,2.994,2.973,2.351,2.624,2.596,2.551,2.644,2.756,2.122,2.228,2.862,2.283,2.846,2.407,2.317,2.212,2.989,2.987,2.815,2.407,2.235,2.764,2.327,2.199,2.613,2.772,2.153,2.899,2.49,2.583,2.93,2.987,2.72,2.335,2.926,2.76,2.179,2.105,2.874,2.576,2.823,2.987,2.141,2.173,2.347,2.936,2.008,2.482,2.342,2.939,2.205,2.092,2.503,914220,1177557,2.884,903268,1017284,2.922,2.772,2.615,2.575,2.537,2.722,2.771,2.954,2.523,2.635,2.715,2.345,2.713,2.024,2.779,2.519,2.028,2.713,2.516,2.319,2.676,2.56,2.989,2.744,2.412,2.297,2.446,2.019,2.475,2.06,2.932,2.955,2.503,2.062,2.334,2.102,2.446,2.666,2.547,2.53,2.741,2.943,2.588,2.514,2.791,2.907,2.177,2.068,2.465,2.842,2.533,2.317,2.023,2.792,2.04,2.119,2.574,2.051,2.099,2.397,2.629,2.039,2.451,2.499,2.312,2.204,2.011,2.236,2.961,2.839,2.161,2.545,2.08,2.119,2.662,1104037,1055452,000-000-036,2.645,2.081,2.864,2.985,2.364,2.759,2.286,2.005,2.185,2.768,2.957,2.716,2.895,2.618,2.524,2.33,2.277,2.042,2.618,2.21,2.083,2.462,2.122,2.559,2.701,2.207,2.893,2.721,2.945,2.049,2.966,2.926,2.647,2.01,2.834,2.238,2.142,2.159,2.645,2.566,2.722,2.943,2.021,2.721,2.264,2.564,2.644,2.133,2.76,2.32,2.358,2.105,2.86,2.667,2.781,2.988,2.326,2.325,2.131,2.331,2.977,2.941,2.233,2.993,2.157,2.338,2.392,2.093,2.129,2.835,2.582,2.275,2.59,2.385,2.349,1055232,1075784,000-000-036,14052,731,14499,47372,5590,1599,2845,1068,1860,1663,14777,3274,1732,1918,126,2771,46,614,13002,1058,13100,45900,5544,1862,2865,1320,4138.5,2530,253,2052,5,935,0,1237,0,0,0,0,0,949,592,515,220,939,284,838251,954703,182060,134780,325178,165415,161794,354039,34767,460471,752629,778072,1283917,0.2001218,1.8101911,14,18,20,1006056,30,3,64,5,7,1431,11,3,30,92
000-000-189,1,1,,0,33,352,2.437,2.64,2.702,2.763,2.747,2.277,2.058,2.203,2.069,2.843,2.423,2.561,2.293,2.265,2.533,2.616,2.272,2.646,2.749,2.112,2.869,2.587,2.397,2.783,2.052,2.845,2.99,2.286,2.393,2.548,2.959,2.379,2.551,2.991,2.042,2.892,2.201,2.106,2.397,2.823,2.958,2.225,2.522,2.629,2.433,2.489,2.675,2.858,2.559,2.872,2.196,2.455,2.312,2.231,2.268,2.413,2.305,2.887,2.048,2.733,2.427,2.552,2.182,2.253,2.505,2.853,2.006,2.344,2.653,1079823,938083,2.092,930843,948115,2.527,2.676,2.316,2.042,2.139,2.548,2.441,2.838,2.552,2.314,2.604,2.908,2.841,2.369,2.998,2.648,2.763,2.123,2.251,2.847,2.202,2.091,2.884,2.432,2.92,2.046,2.52,2.236,2.438,2.854,2.981,2.849,2.828,2.649,2.377,2.513,2.895,2.03,2.944,2.388,2.158,2.295,2.452,2.051,2.63,2.196,2.114,2.772,2.987,2.84,2.513,2.118,2.778,2.158,2.582,2.24,2.106,2.632,2.284,2.261,2.205,2.86,2.895,2.966,2.39,2.395,2.913,2.058,2.478,2.765,2.307,2.258,2.645,2.853,2.849,1104982,978480,000-000-189,2.637,2.529,2.663,2.008,2.018,2.069,2.279,2.23,2.185,2.525,2.17,2.737,2.71,2.685,2.881,2.6,2.458,2.801,2.589,2.185,2.739,2.657,2.537,2.913,2.326,2.323,2.91,2.694,2.964,2.578,2.547,2.901,2.325,2.272,2.286,2.249,2.542,2.296,2.788,2.831,2.442,2.528,2.632,2.639,2.983,2.082,2.094,2.674,2.59,2.6,2.149,2.448,2.577,2.391,2.895,2.324,2.705,2.111,2.226,2.786,2.742,2.764,2.617,2.784,2.117,2.538,2.712,2.612,2.307,2.415,2.33,2.087,2.694,2.056,2.185,1191683,1151435,000-000-189,14001,893,10828,48829,4871,1959,3471,1803,1329,1801,19210,3588,1534,1540,424,2254,32,610,10110,746,13788,46498,4929,1158,3237,1829,4049,2455,232,2478,6,829,0,1713,0,0,0,0,0,508,478,769,740,971,666,909986,982671,112193,150711,345099,101000,195831,343875,36139,425208,767696,761010,1328094,0.3124501,1.0539724,10,13,12,1024787,48,4,64,4,17,1306,8,44,44,93
000-000-075,3,0,42,2,24,334,2.864,2.156,2.446,2.055,2.944,2.779,2.817,2.914,2.103,2.515,2.358,2.786,2.497,2.423,2.029,2.597,2.831,2.905,2.882,2.416,2.728,2.044,2.762,2.64,2.481,2.447,2.162,2.503,2.582,2.881,2.019,2.844,2.212,2.683,2.828,2.613,2.509,2.456,2.878,2.692,2.021,2.492,2.224,2.311,2.289,2.36,2.236,2.212,2.036,2.49,2.689,2.462,2.273,2.147,2.293,2.843,2.34,2.555,2.985,2.869,2.654,2.49,2.905,2.935,2.182,2.912,2.151,2.863,2.735,952630,1195896,2.026,984159,1167352,2.333,2.469,2.542,2.655,2.549,2.163,2.546,2.545,2.496,2.894,2.54,2.625,2.373,2.15,2.025,2.992,2.531,2.693,2.692,2.204,2.131,2.105,2.105,2.299,2.464,2.814,2.703,2.927,2.597,2.282,2.224,2.045,2.176,2.435,2.469,2.167,2.775,2.49,2.378,2.605,2.397,2.898,2.318,2.591,2.491,2.455,2.469,2.307,2.017,2.299,2.39,2.671,2.355,2.579,2.386,2.51,2.973,2.758,2.848,2.654,2.082,2.864,2.254,2.524,2.401,2.407,2.544,2.738,2.984,2.871,2.618,2.498,2.88,2.01,2.234,1105535,1151431,000-000-075,2.476,2.665,2.411,2.719,2.176,2.466,2.184,2.59,2.876,2.718,2.733,2.304,2.976,2.214,2.554,2.45,2.578,2.273,2.36,2.072,2.08,2.905,2.122,2.96,2.652,2.659,2.675,2.547,2.822,2.609,2.571,2.485,2.083,2.299,2.388,2.601,2.833,2.1,2.17,2.494,2.238,2.573,2.949,2.506,2.091,2.881,2.818,2.354,2.936,2.533,2.57,2.808,2.782,2.083,2.384,2.277,2.19,2.248,2.147,2.856,2.489,2.188,2.722,2.62,2.502,2.271,2.669,2.284,2.025,2.099,2.301,2.744,2.761,2.161,2.344,903604,928970,000-000-075,13660,879,10364,48139,4470,1669,3802,1120,1783,1487,14623,3295,1260,1061,101,2752,25,644,12837,890,10168,45427,5652,1565,3759,1199,4823,2003,372,3176,3,830,0,1233,0,0,0,0,0,593,364,531,495,266,802,792941,981504,143232,155846,332703,161353,143463,326827,31953,442897,773052,805742,1299216,0.2996246,1.9295008,15,21,17,1157416,42,4,60,4,10,1126,12,20,23,81
000-000-133,1,1,42,2,40,314,2.458,2.801,2.452,2.671,2.842,2.955,2.07,2.122,2.155,2.863,2.264,2.509,2.101,2.466,2.4,2.516,2.385,2.687,2.492,2.319,2.134,2.433,2.843,2.336,2.396,2.551,2.017,2.958,2.766,2.097,2.322,2.217,2.114,2.389,2.726,2.374,2.029,2.427,2.041,2.549,2.389,2.767,2.777,2.055,2.397,2.853,2.971,2.887,2.733,2.541,2.491,2.168,2.611,2.271,2.927,2.563,2.904,2.144,2.984,2.671,2.054,2.302,2.517,2.017,2.831,2.306,2.29,2.012,2.019,1104185,924028,2.442,938587,1092475,2.839,2.574,2.344,2.568,2.689,2.356,2.561,2.017,2.637,2.363,2.726,2.754,2.455,2.102,2.231,2.498,2.61,2.728,2.215,2.013,2.898,2.622,2.032,2.541,2.114,2.938,2.473,2.752,2.678,2.845,2.045,2.437,2.431,2.159,2.328,2.349,2.143,2.051,2.895,2.112,2.133,2.719,2.988,2.337,2.943,2.023,2.352,2.925,2.293,2.007,2.25,2.449,2.208,2.896,2.301,2.127,2.822,2.268,2.084,2.356,2.539,2.86,2.875,2.09,2.892,2.556,2.402,2.123,2.874,2.046,2.872,2.623,2.294,2.49,2.592,1108307,1049158,000-000-133,2.406,2.109,2.023,2.241,2.228,2.667,2.846,2.185,2.592,2.998,2.278,2.567,2.248,2.773,2.966,2.689,2.716,2.066,2.607,2.75,2.744,2.268,2.281,2.975,2.343,2.996,2.47,2.208,2.843,2.235,2.868,2.351,2.09,2.932,2.975,2.51,2.261,2.11,2.528,2.53,2.831,2.708,2.327,2.004,2.377,2.979,2.285,2.451,2.766,2.693,2.657,2.26,2.798,2.389,2.048,2.252,2.05,2.17,2.224,2.971,2.805,2.983,2.289,2.835,2.525,2.047,2.466,2.427,2.814,2.388,2.541,2.853,2.967,2.929,2.08,910141,986543,000-000-133,11773,1055,12363,44742,4200,1901,2970,1301,1558,1834,13041,3631,1470,1023,363,2267,28,894,11257,1016,14206,44186,5512,1361,3622,1496,3895,2110,365,2483,18,661,0,1626,0,0,0,0,0,502,731,949,908,734,219,887241,889568,109437,172353,380987,161159,128434,346470,33546,404643,783877,776263,1325503,0.8468607,1.5951469,10,20,11,1145856,15,3,66,4,6,1404,8,47,46,95
000-000-051,3,0,,0,30,313,2.994,2.77,2.704,2.075,2.099,2.558,2.684,2.544,2.304,2.15,2.72,2.627,2.409,2.348,2.682,2.359,2.514,2.124,2.874,2.29,2.938,2.972,2.997,2.788,2.078,2.836,2.493,2.114,2.711,2.426,2.014,2.1,2.705,2.656,2.412,2.08,2.774,2.281,2.768,2.151,2.684,2.993,2.774,2.55,2.781,2.648,2.391,2.784,2.967,2.714,2.464,2.59,2.974,2.541,2.257,2.729,2.824,2.761,2.213,2.974,2.614,2.922,2.051,2.599,2.107,2.503,2.261,2.679,2.511,997517,958537,2.322,934766,964331,2.814,2.378,2.542,2.423,2.978,2.209,2.323,2.436,2.749,2.204,2.415,2.823,2.015,2.531,2.6,2.605,2.619,2.699,2.484,2.508,2.224,2.047,2.482,2.11,2.037,2.837,2.799,2.364,2.967,2.508,2.169,2.154,2.626,2.984,2.369,2.611,2.915,2.142,2.634,2.101,2.199,2.854,2.631,2.857,2.716,2.352,2.879,2.537,2.485,2.747,2.222,2.185,2.089,2.511,2.975,2.211,2.529,2.153,2.052,2.496,2.891,2.966,2.526,2.768,2.203,2.369,2.491,2.63,2.459,2.454,2.379,2.417,2.306,2.276,2.71,1108934,993498,000-000-051,2.421,2.795,2.766,2.48,2.234,2.468,2.159,2.979,2.626,2.335,2.849,2.379,2.078,2.705,2.277,2.066,2.321,2.157,2.059,2.432,2.192,2.356,2.294,2.245,2.86,2.345,2.792,2.112,2.901,2.657,2.971,2.008,2.226,2.693,2.581,2.582,2.983,2.769,2.186,2.117,2.071,2.224,2.761,2.778,2.278,2.588,2.578,2.82,2.555,2.149,2.591,2.786,2.139,2.686,2.09,2.624,2.791,2.887,2.665,2.689,2.619,2.874,2.362,2.721,2.995,2.545,2.655,2.19,2.762,2.401,2.841,2.549,2.229,2.02,2.523,1152957,1034062,000-000-051,12202,1077,14998,49787,4189,1482,3790,1093,1007,1873,17590,3657,1646,1422,457,2987,42,782,11875,962,13762,45562,4151,1023,3301,1439,4442.1,2346,375,3888,12,655,0,1145,0,0,0,0,0,646,304,822,594,922,949,874196,726598,174303,154878,391558,158601,171282,311850,34384,465899,888244,710285,1425548,0.288993,1.3169828,20,8,17,1172834,38,4,24,4,18,1010,12,39,40,68
000-000-147,3,1,,0,51,396,2.558,2.457,2.71,2.671,2.705,2.676,2.808,2.833,2.411,2.696,2.31,2.303,2.264,2.079,2.617,2.279,2.656,2.42,2.261,2.06,2.162,2.172,2.133,2.824,2.502,2.146,2.247,2.469,2.141,2.456,2.943,2.894,2.788,2.934,2.263,2.928,2.373,2.246,2.28,2.285,2.713,2.923,2.957,2.661,2.8,2.549,2.971,2.431,2.779,2.298,2.253,2.176,2.389,2.561,2.423,2.981,2.634,2.586,2.628,2.23,2.777,2.704,2.085,2.296,2.911,2.655,2.969,2.68,2.586,1156500,983053,2.639,1143911,1187286,2.593,2.448,2.855,2.02,2.762,2.343,2.072,2.409,2.183,2.218,2.19,2.244,2.444,2.524,2.576,2.98,2.218,2.736,2.739,2.058,2.416,2.438,2.009,2.496,2.659,2.269,2.747,2.625,2.212,2.638,2.023,2.276,2.134,2.905,2.378,2.706,2.623,2.783,2.591,2.647,2.683,2.91,2.122,2.018,2.149,2.31,2.301,2.888,2.68,2.739,2.816,2.678,2.851,2.579,2.965,2.382,2.478,2.906,2.647,2.358,2.698,2.874,2.041,2.748,2.39,2.628,2.295,2.684,2.802,2.256,2.37,2.976,2.726,2.95,2.109,1108998,1165979,000-000-147,2.528,2.407,2.963,2.857,2.404,2.741,2.35,2.076,2.91,2.894,2.368,2.067,2.407,2.082,2.208,2.557,2.542,2.18,2.336,2.408,2.682,2.951,2.571,2.631,2.895,2.811,2.112,2.343,2.203,2.912,2.343,2.587,2.339,2.566,2.903,2.956,2.157,2.88,2.092,2.512,2.971,2.755,2.475,2.275,2.284,2.494,2.591,2.178,2.738,2.331,2.011,2.243,2.755,2.817,2.657,2.223,2.837,2.859,2.97,2.902,2.4,2.768,2.363,2.372,2.954,2.981,2.101,2.797,2.066,2.876,2.578,2.479,2.456,2.723,2.263,1048577,1114916,000-000-147,14141,627,12914,42996,4133,1585,3644,1714,1751,1134,16719,3897,1089,1623,389,2725,23,757,14857,783,10708,41863,5257,1607,3725,1051,4383.6,2268,368,2178,9,832,0,924,0,0,0,0,0,615,321,540,892,889,647,950475,929529,117756,193869,357426,166554,187429,354903,31810,466242,892563,816008,1454710,0.7488742,1.3669638,12,21,10,1198029,50,4,24,3,10,1443,10,45,49,49
000-000-074,2,0,,0,25,347,2.986,2.704,2.175,2.805,2.153,2.746,2.967,2.899,2.195,2.894,2.758,2.265,2.646,2.983,2.357,2.04,2.364,2.152,2.647,2.911,2.23,2.756,2.377,2.452,2.445,2.741,2.955,2.239,2.128,2.53,2.695,2.447,2.275,2.723,2.813,2.012,2.201,2.492,2.535,2.82,2.732,2.292,2.465,2.497,2.531,2.494,2.982,2.269,2.355,2.68,2.527,2.176,2.696,2.132,2.989,2.103,2.424,2.731,2.973,2.107,2.52,2.469,2.136,2.984,2.087,2.554,2.671,2.716,2.167,995450,989097,2.152,917822,1193645,2.242,2.913,2.272,2.492,2.812,2.291,2.977,2.298,2.698,2.256,2.319,2.39,2.167,2.343,2.011,2.469,2.314,2.453,2.346,2.988,2.205,2.522,2.387,2.006,2.863,2.214,2.054,2.32,2.531,2.736,2.928,2.437,2.361,2.088,2.432,2.004,2.105,2.768,2.926,2.749,2.8,2.543,2.007,2.485,2.575,2.883,2.005,2.441,2.102,2.36,2.625,2.872,2.152,2.17,2.24,2.273,2.426,2.351,2.694,2.931,2.683,2.919,2.866,2.412,2.556,2.884,2.618,2.555,2.321,2.964,2.84,2.984,2.131,2.518,2.579,1110218,1013831,000-000-074,2.214,2.556,2.284,2.532,2.728,2.273,2.417,2.662,2.588,2.394,2.343,2.743,2.353,2.358,2.867,2.744,2.911,2.851,2.395,2.916,2.534,2.038,2.159,2.197,2.377,2.935,2.735,2.116,2.686,2.296,2.936,2.991,2.363,2.354,2.257,2.175,2.013,2.86,2.394,2.216,2.869,2.999,2.556,2.493,2.737,2.845,2.716,2.215,2.49,2.947,2.444,2.43,2.781,2.919,2.268,2.167,2.819,2.288,2.534,2.971,2.417,2.57,2.745,2.55,2.39,2.046,2.061,2.45,2.964,2.8,2.107,2.348,2.282,2.086,2.81,1018291,1084751,000-000-074,14677,573,11758,42759,5684,1292,3562,1831,1891,1808,16523,3989,1681,1419,284,2673,12,994,10396,648,13130,43670,5240,1700,2043,1611,4863.2,2942,388,2497,9,586,0,1412,0,0,0,0,0,836,977,960,919,464,438,994958,724769,149759,141846,315362,177705,192864,340987,36341,475767,727655,797329,1493486,0.6235199,1.7887965,22,13,19,1199821,7,5,29,3,8,1408,10,41,49,91
000-000-003,3,0,,0,50,321,2.835,2.853,2.649,2.547,2.869,2.7,2.641,2.115,2.082,2.3,2.095,2.971,2.605,2.353,2.523,2.765,2.669,2.701,2.828,2.372,2.645,2.771,2.537,2.103,2.544,2.98,2.193,2.588,2.99,2.554,2.653,2.366,2.523,2.255,2.707,2.921,2.233,2.94,2.063,2.671,2.851,2.882,2.864,2.615,2.822,2.567,2.164,2.571,2.259,2.03,2.993,2.355,2.452,2.807,2.429,2.87,2.622,2.132,2.135,2.663,2.14,2.887,2.315,2.097,2.737,2.195,2.767,2.518,2.275,1031847,1096153,2.443,944864,1195393,2.767,2.638,2.134,2.532,2.346,2.87,2.431,2.862,2.119,2.6,2.134,2.404,2.219,2.315,2.002,2.313,2.535,2.649,2.693,2.337,2.457,2.881,2.154,2.839,2.765,2.174,2.143,2.347,2.872,2.124,2.972,2.92,2.604,2.616,2.436,2.224,2.335,2.73,2.034,2.818,2.192,2.286,2.192,2.92,2.336,2.658,2.092,2.824,2.9,2.768,2.449,2.627,2.756,2.987,2.421,2.958,2.871,2.633,2.852,2.482,2.053,2.116,2.981,2.669,2.156,2.872,2.874,2.421,2.667,2.553,2.291,2.12,2.323,2.144,2.343,1110480,948081,000-000-003,2.66,2.074,2.366,2.593,2.804,2.487,2.388,2.2,2.196,2.741,2.959,2.525,2.364,2.098,2.01,2.204,2.399,2.626,2.248,2.83,2.546,2.579,2.691,2.572,2.07,2.546,2.97,2.9,2.247,2.827,2.147,2.714,2.974,2.089,2.963,2.416,2.29,2.659,2.835,2.668,2.368,2.343,2.675,2.401,2.231,2.565,2.633,2.36,2.849,2.87,2.431,2.174,2.554,2.336,2.759,2.992,2.999,2.856,2.256,2.193,2.3,2.209,2.922,2.306,2.233,2.31,2.288,2.515,2.043,2.08,2.688,2.079,2.108,2.087,2.749,1091417,1126933,000-000-003,13694,784,12916,46381,5038,1244,3544,1685,1686,1607,17190,3015,1660,1820,232,2259,23,548,13728,657,10372,40833,5327,1894,3597,1761,4221,2721,384,3575,17,837,0,1971,0,0,0,0,0,382,640,811,992,739,841,782043,728975,123067,181377,315259,130434,119669,389881,38800,445931,751018,858144,1387085,0.4097483,1.0030188,9,8,13,1045743,43,3,48,3,19,1321,8,29,37,79
000-000-080,0,0,42,2,28,337,2.635,2.199,2.77,2.041,2.049,2.156,2.645,2.354,2.572,2.401,2.043,2.422,2.419,2.003,2.736,2.827,2.748,2.706,2.767,2.834,2.99,2.795,2.585,2.361,2.16,2.622,2.08,2.295,2.644,2.147,2.16,2.494,2.93,2.446,2.539,2.754,2.952,2.003,2.425,2.935,2.373,2.57,2.444,2.853,2.055,2.197,2.707,2.48,2.714,2.8,2.964,2.949,2.081,2.826,2.329,2.275,2.679,2.133,2.138,2.441,2.639,2.917,2.308,2.999,2.595,2.327,2.07,2.366,2.403,1013727,980100,2.606,1095281,920316,2.363,2.585,2.627,2.468,2.039,2.966,2.92,2.452,2.778,2.326,2.242,2.68,2.237,2.921,2.747,2.211,2.148,2.46,2.055,2.134,2.375,2.891,2.961,2.712,2.571,2.145,2.592,2.106,2.356,2.891,2.165,2.68,2.093,2.352,2.098,2.275,2.195,2.327,2.503,2.748,2.339,2.038,2.158,2.739,2.895,2.061,2.459,2.678,2.135,2.631,2.149,2.661,2.361,2.603,2.973,2.734,2.022,2.991,2.713,2.756,2.419,2.914,2.671,2.104,2.419,2.653,2.822,2.501,2.681,2.536,2.739,2.199,2.699,2.738,2.07,1111167,1160283,000-000-080,2.74,2.715,2.455,2.415,2.912,2.485,2.36,2.047,2.441,2.575,2.362,2.616,2.241,2.678,2.969,2.843,2.521,2.211,2.772,2.066,2.382,2.377,2.25,2.593,2.68,2.178,2.769,2.244,2.436,2.834,2.642,2.384,2.496,2.32,2.409,2.75,2.868,2.31,2.87,2.596,2.272,2.994,2.685,2.977,2.815,2.382,2.034,2.05,2.422,2.941,2.998,2.763,2.921,2.356,2.045,2.705,2.891,2.135,2.794,2.166,2.748,2.252,2.707,2.849,2.347,2.88,2.418,2.632,2.229,2.409,2.987,2.921,2.415,2.266,2.066,1120184,1081260,000-000-080,14496,362,12766,45220,5585,1909,2255,1147,1950,1661,17100,3930,1610,1918,106,2280,34,898,10508,1068,14815,48247,4660,1786,2918,1806,4418.8,2843,368,3014,8,805,0,1782,0,0,0,0,0,572,987,699,371,729,311,930584,728597,121268,180407,370182,152383,185655,377799,38328,470616,754098,888728,1479164,0.6297733,1.2485168,13,20,17,1148233,38,3,20,4,18,1382,9,12,44,66
000-000-054,2,0,,0,28,350,2.476,2.36,2.838,2.589,2.18,2.503,2.047,2.481,2.891,2.132,2.241,2.332,2.183,2.898,2.139,2.162,2.433,2.748,2.749,2.53,2.222,2.457,2.051,2.613,2.819,2.281,2.182,2.478,2.18,2.314,2.136,2.966,2.839,2.848,2.059,2.231,2.442,2.042,2.258,2.077,2.298,2.6,2.931,2.75,2.891,2.618,2.384,2.321,2.563,2.116,2.02,2.097,2.355,2.988,2.352,2.644,2.975,2.323,2.04,2.621,2.377,2.945,2.637,2.08,2.563,2.955,2.398,2.326,2.528,1096981,1176857,2.236,1017357,1014640,2.136,2.597,2.705,2.775,2.039,2.979,2.379,2.572,2.08,2.321,2.205,2.526,2.489,2.078,2.826,2.948,2.892,2.288,2.859,2.185,2.174,2.103,2.531,2.73,2.436,2.215,2.404,2.087,2.401,2.638,2.886,2.213,2.448,2.519,2.979,2.926,2.191,2.495,2.651,2.267,2.69,2.153,2.439,2.078,2.661,2.562,2.194,2.865,2.684,2.461,2.671,2.051,2.364,2.512,2.602,2.014,2.831,2.03,2.071,2.909,2.709,2.215,2.976,2.322,2.869,2.336,2.265,2.625,2.061,2.011,2.512,2.274,2.493,2.161,2.825,1112341,944289,000-000-054,2.185,2.554,2.094,2.288,2.51,2.667,2.103,2.654,2.92,2.824,2.109,2.222,2.636,2.536,2.364,2.949,2.997,2.42,2.488,2.104,2.255,2.827,2.248,2.277,2.918,2.16,2.454,2.893,2.258,2.479,2.528,2.431,2.119,2.416,2,2.864,2.966,2.518,2.868,2.251,2.039,2.893,2.227,2.611,2.292,2.215,2.217,2.875,2.816,2.904,2.496,2.792,2.362,2.663,2.643,2.674,2.169,2.873,2.91,2.746,2.765,2.078,2.807,2.687,2.193,2.059,2.57,2.414,2.807,2.478,2.138,2.242,2.053,2.269,2.212,1185481,1097194,000-000-054,13090,850,11968,43341,5543,1454,3561,1028,1726,1088,11926,3457,1554,1997,316,2668,10,958,10541,881,13621,46749,5181,1211,3474,1211,4482.5,2854,233,3333,8,834,0,671,0,0,0,0,0,936,202,778,709,591,418,747370,743619,187871,185527,380178,114522,154366,315414,37560,454539,791202,806538,1263656,0.0283933,1.1916212,16,22,21,1011252,18,5,26,3,20,1381,12,45,23,82
000-000-209,1,1,,0,34,367,2.89,2.162,2.911,2.787,2.803,2.157,2.017,2.992,2.916,2.795,2.438,2.031,2.663,2.019,2.461,2.658,2.247,2.579,2.947,2.152,2.462,2.135,2.117,2.973,2.058,2.013,2.633,2.125,2.154,2.825,2.208,2.834,2.163,2.5,2.737,2.356,2.806,2.571,2.002,2.674,2.812,2.05,2.542,2.752,2.521,2.006,2.797,2.495,2.818,2.621,2.516,2.973,2.322,2.245,2.976,2.799,2.1,2.72,2.376,2.321,2.795,2.36,2.963,2.549,2.179,2.978,2.521,2.139,2.549,1025408,958217,2.662,1055319,954553,2.303,2.358,2.618,2.894,2.859,2.946,2.609,2.229,2.371,2.54,2.83,2.703,2.911,2.836,2.718,2.104,2.746,2.83,2.465,2.399,2.328,2.18,2.739,2.087,2.929,2.485,2.494,2.571,2.847,2.515,2.631,2.033,2.462,2.102,2.594,2.851,2.831,2.835,2.241,2.861,2.165,2.784,2.065,2.33,2.264,2.541,2.692,2.532,2.159,2.128,2.366,2.561,2.003,2.136,2.737,2.76,2.847,2.198,2.871,2.633,2.797,2.538,2.944,2.776,2.544,2.096,2.68,2.644,2.291,2.266,2.66,2.688,2.634,2.494,2.055,1113912,1152855,000-000-209,2.364,2.564,2.993,2.366,2.611,2.814,2.323,2.854,2.358,2.105,2.211,2.573,2.582,2.496,2.898,2.64,2.334,2.637,2.169,2.483,2.913,2.823,2.565,2.764,2.394,2.927,2.46,2.648,2.304,2.637,2.461,2.388,2.769,2.752,2.835,2.174,2.734,2.666,2.438,2.632,2.487,2.467,2.976,2.592,2.22,2.743,2.056,2.674,2.813,2.512,2.494,2.395,2.038,2.102,2.358,2.341,2.328,2.342,2.334,2.781,2.047,2.368,2.898,2.924,2.657,2.725,2.063,2.213,2.204,2.831,2.248,2.413,2.763,2.95,2.709,988687,935063,000-000-209,12289,948,10666,41326,5902,1637,3103,1083,1378,1429,12818,3578,1779,1504,316,2399,10,838,14730,389,10800,41361,5958,1555,3226,1749,4676.5,2192,395,3900,3,797,0,1207,0,0,0,0,0,740,685,440,406,541,921,934259,744081,196513,175671,337458,197720,112214,316027,35491,460348,815217,755088,1359141,0.5629509,1.0180389,16,20,17,1164718,10,5,58,5,14,1242,10,16,42,73
000-000-160,0,1,42,2,47,310,2.988,2.682,2.246,2.678,2.857,2.404,2.769,2.408,2.544,2.303,2.517,2.437,2.856,2.218,2.843,2.179,2.858,2.117,2.049,2.866,2.515,2.361,2.646,2.565,2.002,2.388,2.727,2.059,2.428,2.568,2.046,2.378,2.754,2.396,2.594,2.538,2.999,2.797,2.103,2.47,2.508,2.35,2.079,2.732,2.232,2.776,2.001,2.884,2.846,2.057,2.011,2.833,2.719,2.077,2.712,2.84,2.972,2.482,2.282,2.339,2.433,2.907,2.986,2.101,2.553,2.259,2.295,2.105,2.517,1195851,1095148,2.14,1044686,974625,2.132,2.779,2.2,2.179,2.197,2.141,2.848,2.52,2.079,2.043,2.523,2.517,2.4,2.15,2.023,2.031,2.322,2.219,2.341,2.61,2.72,2.933,2.965,2.427,2.09,2.988,2.987,2.283,2.386,2.109,2.83,2.012,2.306,2.88,2.025,2.766,2.398,2.984,2.722,2.839,2.256,2.867,2.704,2.003,2.624,2.664,2.719,2.904,2.437,2.47,2.431,2.699,2.606,2.389,2.952,2.086,2.759,2.414,2.882,2.549,2.145,2.91,2.034,2.785,2.67,2.363,2.252,2.174,2.232,2.916,2.179,2.359,2.803,2.295,2.497,1114304,1177956,000-000-160,2.844,2.854,2.247,2.666,2.185,2.276,2.597,2.666,2.815,2.271,2.365,2.188,2.31,2.298,2.79,2.256,2.136,2.224,2.092,2.759,2.004,2.914,2.06,2.702,2.163,2.221,2.11,2.291,2.815,2.675,2.83,2.695,2.026,2.97,2.681,2.737,2.579,2.322,2.972,2.526,2.536,2.147,2.586,2.078,2.747,2.452,2.638,2.369,2.731,2.445,2.493,2.436,2.566,2.511,2.859,2.575,2.205,2.911,2.659,2.971,2.226,2.954,2.627,2.484,2.858,2.914,2.445,2.265,2.89,2.085,2.26,2.112,2.534,2.315,2.894,907611,1148973,000-000-160,13766,796,14715,49129,5486,1659,3770,1483,1946,1475,13386,3373,1485,1967,232,2693,13,511,12199,367,14266,43463,4488,1263,3576,1873,4945.6,2735,342,2120,19,593,0,1126,0,0,0,0,0,599,694,326,288,908,277,941119,978345,100473,178834,309562,122800,112437,349825,37172,435710,800550,877595,1499251,0.0833192,1.1039525,20,22,10,1074259,28,5,40,5,20,1455,8,10,30,64
000-000-110,2,0,,0,36,305,2.863,2.523,2.237,2.817,2.046,2.963,2.343,2.608,2.517,2.188,2.841,2.462,2.011,2.421,2.894,2.164,2.814,2.638,2.74,2.219,2.362,2.982,2.872,2.635,2.408,2.145,2.992,2.956,2.096,2.9,2.169,2.816,2.438,2.108,2.94,2.941,2.848,2.013,2.062,2.985,2.75,2.042,2.463,2.767,2.731,2.698,2.709,2.961,2.848,2.899,2.651,2.202,2.308,2.556,2.579,2.165,2.73,2.667,2.284,2.936,2.554,2.589,2.938,2.332,2.808,2.118,2.328,2.46,2.62,937741,977569,2.146,989414,1049896,2.663,2.483,2.075,2.256,2.462,2.666,2.016,2.653,2.477,2.811,2.574,2.693,2.52,2.05,2.981,2.762,2.817,2.648,2.39,2.659,2.269,2.31,2.526,2.698,2.303,2.873,2.642,2.218,2.459,2.439,2.976,2.227,2.006,2.652,2.124,2.541,2.94,2.32,2.011,2.199,2.542,2.008,2.834,2.322,2.025,2.686,2.514,2.132,2.587,2.399,2.417,2.065,2.325,2.638,2.579,2.251,2.918,2.159,2.575,2.394,2.978,2.089,2.894,2.159,2.17,2.741,2.755,2.657,2.944,2.281,2.322,2.718,2.054,2.173,2.179,1116140,981811,000-000-110,2.31,2.345,2.643,2.932,2.39,2.134,2.475,2.321,2.931,2.245,2.756,2.873,2.128,2.395,2.057,2.803,2.38,2.754,2.975,2.129,2.887,2.685,2.898,2.027,2.328,2.803,2.3,2.035,2.033,2.255,2.494,2.135,2.902,2.251,2.852,2.763,2.063,2.244,2.398,2.931,2.03,2.4,2.03,2.208,2.816,2.319,2.749,2.528,2.743,2.571,2.685,2.711,2.831,2.129,2.39,2.744,2.131,2.518,2.036,2.3,2.102,2.951,2.88,2.353,2.722,2.383,2.137,2.412,2.216,2.051,2.599,2.294,2.151,2.342,2.61,1152107,1009686,000-000-110,10207,378,14730,41236,4584,1841,2186,1853,1608,1533,10990,3094,1813,1992,109,2872,18,700,11129,949,11154,43150,5575,1465,3231,1662,4356.6,2691,321,2200,6,810,0,861,0,0,0,0,0,785,561,231,666,674,244,713899,985711,153103,149882,389479,144190,124734,302272,33134,478913,770398,828618,1443374,0.9306584,1.4489181,16,14,22,1159198,11,4,25,5,16,1062,8,24,41,63
000-000-124,0,1,,0,25,310,2.263,2.623,2.044,2.34,2.97,2.445,2.858,2.323,2.301,2.955,2.718,2.695,2.012,2.447,2.625,2.833,2.278,2.223,2.298,2.778,2.48,2.722,2.634,2.536,2.128,2.091,2.694,2.898,2.05,2.316,2.612,2.517,2.02,2.478,2.113,2.196,2.258,2.375,2.218,2.921,2.158,2.296,2.533,2.454,2.187,2.319,2.73,2.849,2.775,2.643,2.675,2.935,2.756,2.154,2.895,2.858,2.241,2.541,2.341,2.325,2.88,2.304,2.541,2.192,2.241,2.655,2.863,2.883,2.099,1152589,1160040,2.749,1075974,1167232,2.603,2.117,2.903,2.778,2.724,2.6,2.906,2.145,2.015,2.086,2.434,2.62,2.437,2.162,2.086,2.166,2.902,2.166,2.183,2.154,2.457,2.685,2.893,2.977,2.011,2.062,2.091,2.557,2.774,2.805,2.135,2.464,2.566,2.173,2.33,2.825,2.578,2.424,2.68,2.008,2.061,2.1,2.55,2.571,2.789,2.007,2.314,2.967,2.826,2.58,2.667,2.443,2.94,2.441,2.368,2.675,2.596,2.844,2.546,2.614,2.747,2.649,2.929,2.568,2.977,2.457,2.955,2.786,2.454,2.502,2.043,2.148,2.762,2.013,2.032,1116912,916244,000-000-124,2.601,2.731,2.38,2.892,2.881,2.576,2.755,2.994,2.051,2.774,2.155,2.207,2.782,2.067,2.203,2.432,2.286,2.002,2.789,2.706,2.433,2.208,2.47,2.618,2.834,2.194,2.46,2.488,2.615,2.007,2.141,2.408,2.43,2.44,2.714,2.116,2.288,2.869,2.099,2.767,2.806,2.236,2.693,2.61,2.897,2.75,2.598,2.455,2.339,2.2,2.115,2.177,2.532,2.569,2.175,2.7,2.521,2.203,2.161,2.514,2.144,2.901,2.525,2.679,2.985,2.691,2.717,2.358,2.871,2.273,2.414,2.605,2.515,2.643,2.151,1084311,1027519,000-000-124,12550,481,10912,49357,5888,1505,3691,1786,1051,1407,17423,3177,1160,1118,430,2526,29,796,13055,391,13170,43460,4673,1429,2404,1219,4222.7,2638,327,3642,14,593,0,1499,0,0,0,0,0,260,913,519,900,803,600,886577,880642,143016,155549,360146,157389,130709,314967,37932,421090,895456,718016,1315775,0.7874486,1.1555347,22,8,10,1162765,38,5,51,4,8,1005,12,21,43,64
000-000-083,3,0,,0,58,312,2.661,2.79,2.121,2.063,2.188,2.688,2.806,2.07,2.141,2.894,2.405,2.64,2.025,2.886,2.457,2.944,2.288,2.496,2.732,2.403,2.671,2.027,2.585,2.848,2.438,2.821,2.07,2.895,2.691,2.684,2.336,2.063,2.8,2.253,2.248,2.822,2.692,2.101,2.019,2.468,2.613,2.04,2.267,2.101,2.702,2.104,2.858,2.383,2.584,2.663,2.338,2.984,2.635,2.781,2.952,2.783,2.696,2.18,2.539,2.05,2.118,2.897,2.219,2.51,2.358,2.983,2.196,2.065,2.213,1162709,1192769,2.055,946041,982775,2.994,2.313,2.102,2.029,2.897,2.339,2.215,2.135,2.37,2.269,2.079,2.273,2.013,2.707,2.731,2.383,2.409,2.723,2.58,2.153,2.61,2.318,2.94,2.6,2.038,2.465,2.572,2.051,2.489,2.403,2.292,2.459,2.108,2.829,2.464,2.909,2.161,2.393,2.294,2.042,2.189,2.034,2.958,2.639,2.747,2.97,2.18,2.91,2.08,2.868,2.66,2.184,2.308,2.116,2.92,2.812,2.596,2.916,2.08,2.179,2.652,2.94,2.601,2.261,2.295,2.798,2.671,2.944,2.624,2.108,2.743,2.78,2.664,2.156,2.722,1117413,947669,000-000-083,2.802,2.522,2.986,2.98,2.462,2.601,2.159,2.849,2.659,2.255,2.404,2.243,2.837,2.571,2.448,2.025,2.243,2.672,2.14,2.852,2.188,2.079,2.265,2.904,2.354,2.625,2.281,2.551,2.285,2.5,2.079,2.813,2.251,2.799,2.929,2.572,2.178,2.145,2.103,2.537,2.871,2.968,2.811,2.76,2.552,2.478,2.007,2.653,2.742,2.376,2.951,2.705,2.995,2.118,2.128,2.626,2.82,2.114,2.866,2.857,2.608,2.654,2.548,2.377,2.078,2.668,2.299,2.854,2.783,2.887,2.381,2.657,2.433,2.846,2.787,946786,922713,000-000-083,14975,810,11373,48977,5862,1563,3497,1988,1347,1722,10626,3208,1693,1062,359,2212,26,562,10568,367,13582,44283,5502,1634,3247,1797,4323.9,2178,267,3123,5,552,0,1984,0,0,0,0,0,444,957,607,405,290,320,970624,838087,112193,174856,343903,179306,121776,387533,36170,466271,894348,769188,1297263,0.2234542,1.6698125,18,10,15,1055033,15,3,70,5,14,1070,11,43,41,84
000-000-044,0,0,,0,40,310,2.816,2.242,2.047,2.873,2.171,2.504,2.87,2.093,2.388,2.047,2.339,2.84,2.997,2.835,2.819,2.826,2.526,2.865,2.75,2.045,2.32,2.184,2.067,2.28,2.822,2.326,2.599,2.86,2.825,2.228,2.199,2.937,2.803,2.329,2.694,2.38,2.227,2.327,2.541,2.325,2.709,2.026,2.428,2.314,2.527,2.94,2.052,2.271,2.644,2.218,2.913,2.812,2.321,2.45,2.421,2.232,2.937,2.893,2.242,2.155,2.746,2.92,2.614,2.158,2.036,2.729,2.437,2.119,2.278,1028323,1124630,2.648,1197390,1057717,2.3,2.932,2.596,2.286,2.894,2.321,2.55,2.579,2.262,2.888,2.826,2.306,2.249,2.095,2.018,2.33,2.892,2.552,2.569,2.985,2.856,2.198,2.075,2.134,2.532,2.466,2.461,2.726,2.749,2.904,2.387,2.169,2.854,2.19,2.101,2.539,2.701,2.092,2.115,2.491,2.892,2.204,2.806,2.423,2.665,2.661,2.637,2.034,2.127,2.178,2.851,2.721,2.585,2.723,2.469,2.338,2.674,2.161,2.361,2.168,2.73,2.927,2.606,2.656,2.269,2.976,2.982,2.111,2.567,2.418,2.033,2.304,2.843,2.301,2.476,1117576,977834,000-000-044,2.313,2.194,2.103,2.935,2.288,2.394,2.276,2.253,2.119,2.807,2.298,2.499,2.494,2.031,2.725,2.679,2.177,2.738,2.368,2.054,2.448,2.558,2.931,2.013,2.3,2.168,2.773,2.275,2.144,2.877,2.583,2.56,2.861,2.59,2.065,2.853,2.076,2.832,2.944,2.101,2.84,2.336,2.661,2.156,2.286,2.372,2.732,2.55,2.945,2.537,2.657,2.584,2.43,2.46,2.712,2.042,2.597,2.789,2.341,2.985,2.355,2.825,2.035,2.957,2.586,2.865,2.909,2.272,2.672,2.884,2.29,2.376,2.684,2.704,2.343,926091,904427,000-000-044,12299,551,11979,45537,5915,1898,2047,1878,1037,1874,16782,3739,1454,1099,392,2187,19,552,13027,548,11035,45889,5448,1448,3221,1518,4062.8,2589,319,2379,16,796,0,1332,0,0,0,0,0,549,556,936,635,812,789,805923,874953,111838,170305,337751,192154,105923,388691,34301,474083,808821,820393,1324781,0.2239282,1.735914,19,19,17,1052461,13,5,68,5,17,1096,7,34,41,42
000-000-154,2,1,42,2,57,307,2.501,2.9,2.064,2.533,2.556,2.02,2.251,2.502,2.564,2.546,2.405,2.782,2.112,2.499,2.561,2.743,2.994,2.79,2.062,2.295,2.838,2.206,2.688,2.665,2.205,2.622,2.012,2.86,2.855,2.689,2.789,2.117,2.484,2.13,2.896,2.516,2.066,2.028,2.689,2.432,2.187,2.538,2.399,2.727,2.37,2.556,2.628,2.773,2.227,2.392,2.587,2.702,2.836,2.221,2.543,2.136,2.653,2.83,2.028,2.169,2.801,2.731,2.209,2.197,2.692,2.739,2.887,2.07,2.039,1109246,958512,2.158,1011905,910382,2.569,2.951,2.767,2.664,2.084,2.911,2.687,2.108,2.862,2.862,2.861,2.082,2.622,2.516,2.059,2.82,2.588,2.148,2.506,2.093,2.064,2.633,2.324,2.45,2.774,2.29,2.146,2.891,2.85,2.846,2.012,2.288,2.396,2.421,2.746,2.268,2.078,2.245,2.657,2.639,2.156,2.442,2.717,2.935,2.386,2.126,2.445,2.328,2.88,2.664,2.589,2.218,2.229,2.776,2.248,2.915,2.164,2.005,2.809,2.336,2.345,2.274,2.049,2.67,2.122,2.638,2.5,2.859,2.786,2.948,2.052,2.735,2.021,2.467,2.166,1118455,1086241,000-000-154,2.147,2.998,2.681,2.662,2.527,2.194,2.402,2.601,2.677,2.542,2.588,2.17,2.948,2.344,2.963,2.226,2.683,2.557,2.48,2.118,2.723,2.282,2.477,2.698,2.472,2.135,2.68,2.506,2.481,2.247,2.423,2.906,2.114,2.004,2.197,2.044,2.651,2.265,2.438,2.201,2.578,2.672,2.449,2.232,2.799,2.512,2.429,2.025,2.425,2.025,2.05,2.535,2.402,2.067,2.357,2.675,2.515,2.808,2.083,2.961,2.735,2.729,2.888,2.619,2.127,2.324,2.627,2.409,2.619,2.088,2.674,2.719,2.714,2.437,2.961,1117517,1068016,000-000-154,13755,310,13328,45244,4955,1578,3658,1582,1178,1196,18487,3982,1087,1970,206,2242,22,837,11500,317,14124,41107,4547,1345,3170,1465,4488.6,2366,396,3621,5,559,0,1468,0,0,0,0,0,919,601,657,460,853,504,769355,763069,102962,128600,375043,149770,160522,383614,31345,438393,781982,817383,1376135,0.7101857,1.7402565,18,8,9,1011325,32,3,52,5,16,1082,9,10,43,88
000-000-141,1,1,42,2,30,322,2.971,2.1,2.342,2.732,2.302,2.559,2.638,2.39,2.208,2.508,2.467,2.212,2.943,2.896,2.443,2.576,2.649,2.721,2.386,2.067,2.945,2.723,2.642,2.492,2.044,2.377,2.08,2.684,2.106,2.751,2.775,2.529,2.007,2.128,2.353,2.793,2.729,2.468,2.347,2.709,2.129,2.12,2.135,2.842,2.636,2.067,2.162,2.762,2.99,2.005,2.669,2.071,2.892,2.652,2.83,2.729,2.482,2.983,2.764,2.211,2.84,2.828,2.071,2.421,2.807,2.259,2.268,2.641,2.246,990244,1029584,2.177,1142600,1088846,2.461,2.762,2.228,2.383,2.486,2.357,2.169,2.704,2.571,2.198,2.558,2.17,2.757,2.507,2.658,2.853,2.748,2.268,2.593,2.497,2.566,2.865,2.61,2.116,2.887,2.116,2.212,2.625,2.673,2.631,2.663,2.393,2.962,2.143,2.619,2.019,2.541,2.046,2.533,2.787,2.303,2.806,2.951,2.67,2.665,2.521,2.899,2.822,2.767,2.341,2.458,2.006,2.842,2.756,2.339,2.908,2.652,2.592,2.041,2.752,2.915,2.202,2.977,2.551,2.739,2.855,2.979,2.383,2.072,2.202,2.374,2.728,2.699,2.586,2.601,1118841,1030032,000-000-141,2.919,2.235,2.704,2.302,2.718,2.461,2.257,2.101,2.433,2.631,2.165,2.411,2.815,2.237,2.458,2.008,2.115,2.001,2.316,2.309,2.956,2.028,2.402,2.527,2.202,2.865,2.316,2.683,2.972,2.219,2.394,2.971,2.31,2.464,2.343,2.925,2.993,2.539,2.356,2.089,2.754,2.746,2.121,2.823,2.303,2.996,2.431,2.171,2.895,2.731,2.913,2.77,2.613,2.127,2.713,2.037,2.671,2.647,2.42,2.487,2.867,2.922,2.393,2.868,2.523,2.751,2.621,2.899,2.76,2.823,2.934,2.732,2.197,2.792,2.807,999136,1076544,000-000-141,14551,377,14352,41228,4055,1391,2589,1086,1404,1975,17680,3725,1218,1782,229,2551,43,799,12392,677,13757,46003,4224,1958,3632,1386,4098,2376,345,3813,1,601,0,1270,0,0,0,0,0,979,707,531,376,640,833,868327,907918,175256,138592,364958,103800,182948,300426,32666,493534,774336,706157,1495250,0.5680579,1.0142442,14,15,12,1107781,35,4,52,5,20,1254,11,31,35,89
000-000-211,3,1,42,2,30,391,2.32,2.716,2.724,2.007,2.032,2.452,2.22,2.597,2.058,2.046,2.039,2.054,2.314,2.442,2.427,2.061,2.554,2.34,2.268,2.8,2.809,2.242,2.443,2.133,2.069,2.834,2.231,2.701,2.671,2.109,2.954,2.898,2.017,2.592,2.986,2.375,2.243,2.842,2.844,2.86,2.405,2.586,2.873,2.858,2.621,2.845,2.939,2.05,2.315,2.377,2.868,2.079,2.722,2.01,2.496,2.243,2.899,2.131,2.852,2.557,2.144,2.419,2.036,2.208,2.247,2.039,2.03,2.744,2.615,1049387,932704,2.019,932940,1171352,2.234,2.948,2.334,2.391,2.158,2.331,2.504,2.902,2.702,2.58,2.401,2.257,2.202,2.607,2.425,2.888,2.569,2.94,2.383,2.215,2.791,2.502,2.67,2.543,2.871,2.967,2.57,2.94,2.028,2.724,2.174,2.029,2.254,2.021,2.229,2.655,2.75,2.827,2.574,2.87,2.197,2.605,2.335,2.908,2.894,2.065,2.711,2.599,2.229,2.926,2.364,2.59,2.843,2.84,2.399,2.277,2.766,2.942,2.308,2.639,2.96,2.52,2.6,2.634,2.414,2.244,2.989,2.039,2.224,2.083,2.129,2.071,2.478,2.622,2.834,1118907,1043258,000-000-211,2.302,2.348,2.322,2.483,2.364,2.211,2.259,2.572,2.116,2.124,2.433,2.61,2.386,2.227,2.569,2.109,2.603,2.207,2.189,2.365,2.377,2.326,2.888,2.777,2.24,2.195,2.438,2.915,2.943,2.226,2.774,2.227,2.199,2.25,2.981,2.999,2.531,2.88,2.101,2.556,2.048,2.955,2.259,2.005,2.379,2.241,2.284,2.279,2.393,2.49,2.831,2.03,2.528,2.517,2.416,2.116,2.664,2.34,2.28,2.982,2.133,2.031,2.739,2.272,2.435,2.915,2.091,2.623,2.007,2.365,2.492,2.153,2.794,2.047,2.728,1194061,1092113,000-000-211,14314,527,10448,48227,5075,1747,2487,1708,1057,1527,11658,3344,1422,1698,123,2007,22,786,12254,971,13732,49509,4436,1458,2330,1472,4317.5,2462,323,3897,8,873,0,515,0,0,0,0,0,315,862,235,638,840,467,914875,717510,122528,133457,322428,137837,167133,306312,39987,408255,763523,812007,1328472,0.7930883,1.4865735,16,13,22,1175676,38,5,40,5,9,1230,8,10,48,42
000-000-153,1,1,,0,43,331,2.356,2.347,2.675,2.14,2.8,2.262,2.947,2.906,2.791,2.378,2.752,2.951,2.197,2.56,2.677,2.324,2.176,2.295,2.065,2.53,2.315,2.565,2.229,2.173,2.868,2.68,2.089,2.122,2.955,2.109,2.673,2.459,2.312,2.9,2.443,2.15,2.981,2.581,2.343,2.133,2.497,2.977,2.621,2.265,2.943,2.734,2.404,2.022,2.221,2.404,2.41,2.565,2.542,2.638,2.46,2.214,2.517,2.406,2.24,2.513,2.589,2.829,2.208,2.133,2.712,2.611,2.837,2.544,2.663,1188501,1197216,2.686,933446,940627,2.669,2.323,2.26,2.591,2.484,2.365,2.145,2.068,2.903,2.754,2.071,2.922,2.235,2.075,2.411,2.407,2.633,2.69,2.83,2.832,2.524,2.513,2.438,2.705,2.975,2.265,2.781,2.289,2.838,2.698,2.484,2.129,2.152,2.781,2.439,2.746,2.566,2.95,2.407,2.462,2.349,2.745,2.988,2.602,2.39,2.252,2.241,2.349,2.1,2.376,2.58,2.117,2.935,2.392,2.386,2.118,2.981,2.574,2.843,2.713,2.299,2.701,2.892,2.973,2.099,2.629,2.341,2.858,2.429,2.671,2.801,2.147,2.193,2.299,2.762,1119945,963825,000-000-153,2.319,2.334,2.054,2.973,2.028,2.116,2.121,2.193,2.659,2.248,2.57,2.081,2.064,2.235,2.096,2.109,2.063,2.918,2.525,2.325,2.504,2.528,2.915,2.598,2.148,2.131,2.166,2.053,2.902,2.259,2.239,2.452,2.274,2.972,2.56,2.853,2.119,2.792,2.181,2.226,2.585,2.801,2.083,2.875,2.628,2.536,2.252,2.34,2.123,2.058,2.782,2.667,2.873,2.526,2.293,2.485,2.337,2.224,2.684,2.864,2.639,2.757,2.507,2.059,2.553,2.217,2.13,2.118,2.546,2.176,2.433,2.929,2.543,2.425,2.997,1005930,1170224,000-000-153,10223,699,10158,41221,4946,1764,2377,1709,1603,1104,17653,3341,1600,1722,433,2525,30,527,14885,1064,12766,45121,5595,1308,3635,1513,3809.3,2019,258,3309,13,833,0,1357,0,0,0,0,0,936,330,743,369,372,398,998986,753290,175397,185611,325991,102860,134145,389458,39102,497217,858803,761639,1464909,0.4837029,1.1053961,14,11,21,1031150,20,4,28,5,7,1183,12,11,23,61
000-000-090,2,0,,0,47,397,2.664,2.395,2.023,2.745,2.112,2.935,2.499,2.139,2.446,2.006,2.962,2.63,2.231,2.61,2.87,2.188,2.42,2.034,2.737,2.995,2.054,2.585,2.958,2.625,2.371,2.104,2.392,2.291,2.891,2.642,2.258,2.564,2.533,2.758,2.44,2.463,2.674,2.306,2.626,2.914,2.374,2.134,2.934,2.417,2.555,2.399,2.901,2.24,2.339,2.64,2.236,2.218,2.176,2.386,2.032,2.614,2.671,2.422,2.664,2.864,2.443,2.153,2.352,2.406,2.076,2.853,2.518,2.108,2.627,917566,1109506,2.012,1146181,922160,2.3,2.807,2.108,2.062,2.941,2.902,2.223,2.118,2.979,2.753,2.642,2.676,2.959,2.857,2.162,2.602,2.28,2.93,2.545,2.863,2.369,2.08,2.69,2.966,2.638,2.161,2.796,2.078,2.585,2.986,2.066,2.048,2.065,2.425,2.85,2.87,2.362,2.812,2.142,2.263,3,2.026,2.852,2.853,2.126,2.113,2.174,2.863,2.26,2.834,2.301,2.08,2.074,2.32,2.424,2.298,2.577,2.123,2.086,2.949,2.336,2.727,2.601,2.426,2.459,2.188,2.716,2.268,2.611,2.033,2.462,2.712,2.254,2.215,2.89,1120834,1068361,000-000-090,2.18,2.258,2.798,2.828,2.198,2.768,2.099,2.636,2.944,2.947,2.787,2.398,2.4,2.238,2.061,2.883,2.413,2.665,2.441,2.372,2.228,2.807,2.987,2.884,2.638,2.832,2.815,2.982,2.675,2.605,2.056,2.198,2.013,2.798,2.052,2.94,2.931,2.996,2.988,2.405,2.834,2.836,2.045,2.797,2.134,2.844,2.105,2.539,2.446,2.956,2.865,2.575,2.715,2.579,2.627,2.326,2.502,2.044,2.122,2.326,2.096,2.518,2.879,2.141,2.222,2.891,2.531,2.261,2.52,2.237,2.333,2.58,2.119,2.667,2.308,1189651,935724,000-000-090,13851,664,13663,44531,5007,1941,3622,1874,1895,1127,12619,3628,1432,1127,475,2302,32,672,13589,483,11834,45976,4583,1192,2706,1439,4410.3,2024,394,3250,14,689,0,1233,0,0,0,0,0,528,976,377,815,346,210,735167,843497,185506,108201,349297,168384,118534,346668,31671,410465,758102,848539,1292670,0.737224,1.1559037,18,20,9,1014811,18,3,44,3,10,1278,10,20,22,45
000-000-076,0,0,,0,35,325,2.546,2.84,2.837,2.136,2.144,2.359,2.385,2.223,2.151,2.067,2.383,2.666,2.618,2.038,2.008,2.401,2.094,2.47,2.584,2.519,2.509,2.099,2.927,2.826,2.57,2.059,2.893,2.802,2.977,2.088,2.505,2.918,2.711,2.802,2.289,2.182,2.928,2.967,2.134,2.349,2.986,2.158,2.71,2.686,2.979,2.626,2.024,2.265,2.758,2.443,2.288,2.781,2.152,2.765,2.274,2.555,2.246,2.737,2.688,2.205,2.102,2.979,2.996,2.639,2.838,2.046,2.786,2.189,2.638,1007876,1057563,2.536,1101624,992756,2.638,2.635,2.913,2.363,2.938,2.516,2.094,2.25,2.627,2.99,2.298,2.749,2.901,2.39,2.254,2.458,2.029,2.062,2.733,2.427,2.504,2.586,2.873,2.834,2.71,2.579,2.593,2.548,2.289,2.861,2.955,2.834,2.525,2.88,2.7,2.602,2.479,2.235,2.39,2.051,2.109,2.788,2.1,2.472,2.58,2.09,2.286,2.904,2.582,2.354,2.73,2.379,2.858,2.829,2.547,2.07,2.146,2.026,2.154,2.054,2.918,2.247,2.519,2.467,2.313,2.699,2.224,2.539,2.043,2.364,2.771,2.919,2.233,2.887,2.769,1126845,1077029,000-000-076,2.568,2.001,2.399,2.883,2.718,2.035,2.634,2.335,2.552,2.275,2.485,2.745,2.907,2.246,2.79,2.909,2.931,2.587,2.482,2.32,2.228,2.383,2.788,2.171,2.686,2.558,2.181,2.799,2.41,2.147,2.772,2.923,2.361,2.682,2.661,2.663,2.211,2.987,2.258,2.196,2.431,2.753,2.632,2.411,2.502,2.152,2.05,2.151,2.158,2.456,2.888,2.155,2.128,2.306,2.464,2.184,2.433,2.739,2.974,2.948,2.377,2.05,2.433,2.718,2.059,2.337,2.38,2.934,2.599,2.405,2.05,2.354,2.026,2.801,2.133,1093479,1035374,000-000-076,13867,523,10317,40633,4267,1063,2601,1024,1258,1630,10946,3183,1822,1860,260,2684,33,774,14670,667,13833,42722,5027,1418,2978,1310,4100.7,2475,226,3916,2,829,0,640,0,0,0,0,0,638,664,707,626,386,865,929603,874653,122347,100024,378440,120642,141577,390907,35017,466715,872756,761711,1433234,0.3358885,1.517223,11,13,18,1190705,40,3,50,3,15,1425,11,39,22,76
000-000-122,2,1,,0,48,353,2.684,2.448,2.996,2.43,2.687,2.325,2.583,2.234,2.8,2.151,2.456,2.653,2.108,2.147,2.946,2.514,2.595,2.943,2.13,2.864,2.696,2.795,2.869,2.885,2.421,2.656,2.439,2.09,2.666,2.56,2.617,2.612,2.791,2.039,2.769,2.115,2.655,2.615,2.718,2.314,2.039,2.49,2.115,2.166,2.466,2.364,2.176,2.355,2.127,2.368,2.717,2.039,2.777,2.015,2.623,2.259,2.307,2.602,2.777,2.115,2.986,2.93,2.135,2.902,2.27,2.49,2.405,2.291,2.934,1046953,1021557,2.525,909318,1180191,2.932,2.52,2.539,2.246,2.959,2.346,2.685,2.518,2.312,2.976,2.185,2.698,2.55,2.281,2.656,2.697,2.946,2.815,2.321,2.716,2.604,2.786,2.215,2.117,2.442,2.806,2.976,2.107,2.685,2.22,2.745,2.402,2.806,2.285,2.028,2.546,2.693,2.863,2.35,2.563,2.335,2.27,2.852,2.298,2.387,2.536,2.911,2.661,2.068,2.486,2.266,2.876,2.466,2.658,2.806,2.261,2.303,2.943,2.823,2.47,2.685,2.095,2.854,2.107,2.666,2.17,2.581,2.059,2.948,2.912,2.852,2.13,2.217,2.819,2.248,1126970,1178047,000-000-122,2.331,2.761,2.762,2.245,2.21,2.052,2.008,2.079,2.993,2.641,2.069,2.95,2.903,2.82,2.736,2.852,2.466,2.601,2.853,2.636,2.402,2.149,2.808,2.358,2.451,2.819,2.736,2.808,2.107,2.282,2.815,2.663,2.815,2.885,2.928,2.36,2.491,2.938,2.102,2.426,2.849,2.797,2.27,2.589,2.067,2.989,2.977,2.171,2.969,2.258,2.266,2.49,2.452,2.606,2.531,2.501,2.684,2.865,2.916,2.196,2.488,2.114,2.06,2.876,2.634,2.022,2.959,2.296,2.81,2.009,2.908,2.64,2.917,2.789,2.734,1123501,1114939,000-000-122,13740,787,13400,44257,5355,1086,3944,1040,1711,1245,11620,3251,1543,1862,466,2065,46,969,14576,529,14750,45347,5749,1235,2384,1264,4186.2,2441,268,2349,16,686,0,1016,0,0,0,0,0,922,923,229,745,606,779,810352,944038,164627,108815,346877,144882,120687,318109,35203,449100,785350,846192,1228680,0.3176776,1.6871407,15,10,20,1186242,30,3,67,5,8,1291,13,49,44,100
000-000-031,3,0,42,2,60,344,2.984,2.926,2.762,2.274,2.255,2.584,2.643,2.346,2.882,2.94,2.638,2.838,2.518,2.644,2.542,2.457,2.311,2.938,2.805,2.287,2.98,2.2,2.469,2.234,2.527,2.543,2.691,2.577,2.835,2.691,2.232,2.562,2.825,2.76,2.977,2.057,2.6,2.494,2.797,2.547,2.818,2.175,2.082,2.831,2.046,2.365,2.214,2.434,2.73,2.226,2.179,2.957,2.671,2.286,2.509,2.907,2.682,2.546,2.225,2.34,2.558,2.135,2.687,2.657,2.144,2.342,2.913,2.655,2.096,909687,1162559,2.547,919709,1037789,2.724,2.362,2.748,2.892,2.069,2.003,2.294,2.056,2.821,2.137,2.75,2.142,2.801,2.177,2.25,2.147,2.212,2.358,2.022,2.367,2.052,2.024,2.593,2.373,2.769,2.425,2.038,2.293,2.241,2.503,2.636,2.089,2.289,2.217,2.546,2.161,2.06,2.518,2.507,2.679,2.421,2.578,2.962,2.422,2.122,2.038,2.031,2.257,2.629,2.789,2.251,2.02,2.067,2.944,2.641,2.396,2.862,2.332,2.835,2.402,2.487,2.778,2.823,2.852,2.93,2.144,2.398,2.446,2.516,2.953,2.881,2.655,2.606,2.174,2.334,1127229,1026380,000-000-031,2.662,2.761,2.284,2.887,2.109,2.547,2.536,2.178,2.594,2.494,2.438,2.516,2.98,2.424,2.228,2.436,2.611,2.543,2.91,2.924,2.774,2.226,2.69,2.644,2.823,2.67,2.89,2.259,2.377,2.197,2.457,2.316,2.094,2.518,2.361,2.472,2.535,2.061,2.223,2.631,2.419,2.179,2.772,2.821,2.721,2.976,2.3,2.208,2.576,2.185,2.89,2.676,2.649,2.015,2.963,2.903,2.857,2.218,2.362,2.668,2.039,2.144,2.856,2.817,2.433,2.643,2.33,2.686,2.104,2.85,2.448,2.513,2.929,2.569,2.339,1011479,1140945,000-000-031,10116,571,11898,48142,5607,1775,2839,1954,1253,1427,19184,3371,1024,1573,133,2587,39,590,13070,353,11838,43162,4219,1309,3024,1834,3914.7,2317,233,2692,6,784,0,1822,0,0,0,0,0,899,949,742,432,580,613,736899,725229,119355,191526,331438,149852,139013,389239,31754,469033,701199,861047,1468105,0.0987751,1.6062452,8,8,10,1083348,32,5,59,5,6,1039,11,2,26,95
000-000-010,2,0,,0,26,345,2.204,2.829,2.72,2.503,2.683,2.819,2.011,2.675,2.323,2.46,2.254,2.914,2.648,2.617,2.007,2.661,2.096,2.737,2.562,2.492,2.22,2.372,2.878,2.426,2.338,2.171,2.589,2.634,2.515,2.591,2.498,2.898,2.617,2.399,2.133,2.743,2.958,2.327,2.821,2.75,2.49,2.382,2.393,2.88,2.759,2.249,2.385,2.157,2.768,2.074,2.212,2.462,2.752,2.068,2.202,2.593,2.312,2.415,2.786,2.338,2.701,2.446,2.848,2.641,2.006,2.128,2.842,2.854,2.524,1120269,902100,2.078,909040,1064199,2.818,2.592,2.984,2.659,2.665,2.313,2.457,2.927,2.192,2.002,2.464,2.49,2.178,2.002,2.231,2.394,2.477,2.861,2.906,2.387,2.065,2.593,2.321,2.031,2.721,2.686,2.257,2.243,2.042,2.365,2.658,2.384,2.471,2.954,2.505,2.638,2.684,2.705,2.832,2.344,2.34,2.096,2.106,2.745,2.817,2.434,2.421,2.729,2.608,2.552,2.842,2.071,2.691,2.7,2.393,2.216,2.463,2.387,2.985,2.995,2.97,2.981,2.195,2.36,2.735,2.518,2.685,2.655,2.042,2.468,2.386,2.488,2.207,2.368,2.037,1131306,1190731,000-000-010,2.438,2.223,2.089,2.91,2.479,2.155,2.679,2.146,2.016,2.769,2.461,2.358,2.369,2.591,2.156,2.23,2.752,2.819,2.644,2.154,2.343,2.52,2.431,2.136,2.021,2.222,2.91,2.268,2.532,2.19,2.462,2.572,2.889,2.597,2.562,2.512,2.825,2.409,2.283,2.214,2.989,2.099,2.19,2.068,2.777,2.808,2.723,2.511,2.515,2.14,2.275,2.063,2.576,2.63,2.118,2.535,2.306,2.805,2.049,2.404,2.652,2.542,2.921,2.28,2.651,2.064,2.895,2.29,2.694,2.705,2.79,2.824,2.118,2.729,2.437,1098635,926220,000-000-010,11727,1067,10864,48971,5400,1335,2716,1265,1851,1741,11896,3912,1423,1363,109,2532,47,873,13020,873,12385,47660,4311,1016,2036,1244,3912.8,2769,316,2712,15,506,0,509,0,0,0,0,0,408,457,289,832,624,675,721914,725707,165238,137672,314333,142877,130339,304471,33502,417304,771360,829245,1292302,0.8390194,1.740901,20,20,19,1043676,44,5,56,5,12,1324,12,3,28,87
000-000-046,2,0,,0,26,347,2.959,2.373,2.007,2.221,2.325,2.11,2.384,2.476,2.27,2.679,2.826,2.1,2.985,2.715,2.716,2.225,2.092,2.919,2.66,2.349,2.004,2.284,2.456,2.981,2.057,2.134,2.976,2.34,2.922,2.762,2.568,2.237,2.456,2.218,2.375,2.265,2.402,2.296,2.591,2.953,2.802,2.951,2.43,2.376,2.076,2.54,2.556,2.71,2.626,2.667,2.583,2.936,2.975,2.017,2.6,2.949,2.887,2.654,2.527,2.848,2.001,2.721,2.414,2.142,2.412,2.534,2.659,2.56,2.233,1074184,1173840,2.052,1053103,902869,2.954,2.581,2.377,2.061,2.504,2.394,2.112,2.97,2.189,2.1,2.727,2.345,2.121,2.449,2.86,2.279,2.011,2.853,2.999,2.029,2.58,2.062,2.19,2.85,2.743,2.793,2.228,2.73,2.588,2.212,2.396,2.369,2.252,2.003,2.189,2.358,2.845,2.433,2.725,2.969,2.408,2.948,2.159,2.931,2.727,2.981,2.644,2.686,2.563,2.701,2.228,2.308,2.069,2.655,2.745,2.641,2.309,2.139,2.653,2.755,2.92,2.422,2.678,2.311,2.749,2.21,2.544,2.665,2.584,2.623,2.681,2.538,2.962,2.385,2.39,1132570,931566,000-000-046,2.503,2.057,2.626,2.781,2.925,2.989,2.888,2.823,2.495,2.784,2.143,2.381,2.883,2.416,2.706,2.922,2.799,2.522,2.228,2.14,2.124,2.718,2.748,2.03,2.294,2.083,2.968,2.499,2.436,2.747,2.247,2.127,2.698,2.014,2.095,2.668,2.14,2.806,2.286,2.067,2.007,2.875,2.889,2.846,2.7,2.608,2.358,2.618,2.997,2.541,2.19,2.037,2.32,2.427,2.99,2.319,2.223,2.008,2.079,2.881,2.245,2.024,2.001,2.236,2.523,2.67,2.48,2.375,2.975,2.322,2.655,2.537,2.814,2.117,2.097,982049,1136162,000-000-046,14725,812,14716,43000,5547,1741,2681,1329,1880,1962,13938,3493,1498,1318,140,2953,49,639,12318,1052,11970,48369,4226,1819,2922,1131,4349.2,2258,343,3287,14,773,0,1995,0,0,1,0,0,956,304,438,703,992,948,838241,991038,147313,197382,328628,112524,149802,394762,38145,436701,860109,793632,1443845,0.1709287,1.5863184,10,21,12,1079620,5,3,28,4,9,1329,13,35,42,59
000-000-078,2,0,,0,53,333,2.86,2.334,2.848,2.775,2.663,2.165,2.372,2.904,2.772,2.963,2.719,2.749,2.171,2.349,2.325,2.341,2.985,2.534,2.625,2.833,2.22,2.518,2.252,2.05,2.932,2.099,2.705,2.443,2.689,2.619,2.735,2.597,2.556,2.87,2.531,2.397,2.114,2.793,2.981,2.548,2.574,2.312,2.456,2.365,2.311,2.116,2.517,2.028,2.869,2.623,2.442,2.899,2.361,2.022,2.751,2.252,2.063,2.332,2.022,2.804,2.666,2.236,2.948,2.918,2.271,2.561,2.122,2.086,2.44,1185505,1082710,2.653,1165750,1025494,2.981,2.483,2.638,2.691,2.904,2.994,2.411,2.083,2.834,2.804,2.036,2.348,2.913,2.244,2.003,2.902,2.744,2.002,2.153,2.926,2.98,2.805,2.378,2.592,2.996,2.497,2.16,2.538,2.751,2.213,2.641,2.099,2.825,2.497,2.114,2.07,2.198,2.288,2.379,2.804,2.322,2.058,2.876,2.741,2.383,2.325,2.788,2.958,2.13,2.436,2.881,2.386,2.167,2.592,2.238,2.571,2.975,2.856,2.174,2.158,2.329,2.153,2.638,2.005,2.699,2.701,2.666,2.738,2.521,2.92,2.767,2.441,2.71,2.618,2.128,1133769,1128825,000-000-078,2.592,2.921,2.538,2.439,2.022,2.829,2.762,2.885,2.242,2.17,2.731,2.119,2.898,2.955,2.323,2.859,2.638,2.559,2.659,2.307,2.003,2.816,2.363,2.261,2.34,2.438,2.068,2.608,2.145,2.347,2.123,2.394,2.781,2.684,2.054,2.576,2.286,2.241,2.033,2.558,2.967,2.406,2.326,2.127,2.689,2.938,2.287,2.953,2.219,2.944,2.152,2.82,2.803,2.493,2.628,2.22,2.632,2.315,2.301,2.518,2.529,2.424,2.673,2.184,2.919,2.869,2.991,2.738,2.851,2.888,2.325,2.969,2.459,2.768,2.743,990824,1062471,000-000-078,12821,318,13238,45836,4287,1112,2318,1894,1006,1253,12749,3787,1336,1559,232,2434,13,561,14827,750,13275,41475,4791,1238,3451,1270,4247.1,2955,296,2624,2,792,0,957,0,0,0,0,0,990,574,250,708,382,926,979410,914107,168825,180198,390388,113669,185393,307013,37384,402338,829916,736411,1429457,0.4888153,1.2436902,13,8,17,1119232,12,5,51,5,10,1461,12,33,40,74
000-000-087,3,0,,0,37,303,2.159,2.585,2.816,2.353,2.007,2.304,2.366,2.932,2.563,2.654,2.644,2.692,2.237,2.882,2.284,2.184,2.064,2.605,2.731,2.22,2.839,2.122,2.522,2.383,2.78,2.883,2.19,2.181,2.205,2.85,2.955,2.373,2.315,2.937,2.043,2.489,2.466,2.532,2.232,2.46,2.487,2.496,2.918,2.1,2.937,2.668,2.632,2.715,2.76,2.366,2.903,2.257,2.618,2.826,2.916,2.995,2.059,2.191,2.282,2.324,2.459,2.055,2.328,2.177,2.629,2.28,2.161,2.328,2.753,1138259,1093247,2.199,1130890,981251,2.816,2.114,2.866,2.586,2.738,2.407,2.876,2.807,2.087,2.088,2.811,2.612,2.203,2.11,2.219,2.709,2.772,2.556,2.382,2.671,2.629,2.53,2.211,2.076,2.012,2.357,2.74,2.296,2.994,2.717,2.625,2.806,2.947,2.201,2.831,2.679,2.542,2.698,2.379,2.782,2.638,2.682,2.896,2.3,2.77,2.287,2.231,2.635,2.035,2.982,2.874,2.656,2.808,2.677,2.134,2.264,2.628,2.509,2.243,2.078,2.93,2.938,2.489,2.698,2.676,2.971,2.338,2.981,2.278,2.629,2.39,2.357,2.557,2.056,2.497,1136255,1035042,000-000-087,2.32,2.013,2.034,2.086,2.378,2.13,2.237,2.424,2.893,2.679,2.869,2.46,2.917,2.612,2.721,2.966,2.692,2.471,2.639,2.367,2.74,2.996,2.297,2.734,2.769,2.145,2.887,2.286,2.054,2.28,2.04,2.483,2.933,2.035,2.045,2.427,2.383,2.744,2.63,2.799,3,2.754,2.609,2.651,2.155,2.921,2.366,2.497,2.822,2.888,2.667,2.495,2.683,2.105,2.817,2.244,2.447,2.087,2.138,2.352,2.716,2.141,2.253,2.212,2.555,2.282,2.834,2.845,2.46,2.139,2.881,2.101,2.258,2.788,2.607,1126635,1021458,000-000-087,14542,787,10666,47129,4737,1642,3426,1654,1632,1405,15038,3209,1638,1720,151,2824,31,655,10298,834,14855,48021,5724,1228,3519,1179,3898.2,2296,291,2218,10,768,0,722,0,0,0,0,0,762,924,451,738,598,243,957453,796557,114755,181337,387639,137091,150406,337851,38510,414712,817644,803851,1216590,0.0587944,1.7748947,8,17,10,1047477,20,5,65,5,8,1113,11,24,48,86
000-000-058,2,0,,0,53,384,2.644,2.761,2.012,2.725,2.832,2.377,2.284,2.203,2.608,2.765,2.634,2.634,2.009,2.038,2.547,2.92,2.25,2.666,2.875,2.799,2.284,2.997,2.357,2.342,2.39,2.154,2.031,2.088,2.762,2.267,2.971,2.323,2.665,2.292,2.518,2.825,2.37,2.986,2.591,2.3,2.724,2.777,2.305,2.475,2.237,2.765,2.074,2.051,2.806,2.471,2.679,2.187,2.367,2.317,2.119,2.293,2.498,2.996,2.628,2.682,2.075,2.257,2.393,2.021,2.137,2.021,2.932,2.23,2.949,903396,1086834,2.802,1000674,963190,2.411,2.2,2.04,2.84,2.415,2.377,2.757,2.372,2.241,2.956,2.984,2.252,2.079,2.655,2.414,2.2,2.923,2.312,2.342,2.231,2.792,2.342,2.236,2.261,2.24,2.214,2.152,2.884,2.445,2.122,2.736,2.494,2.026,2.626,2.139,2.124,2.137,2.932,2.235,2.509,2.978,2.635,2.503,2.572,2.767,2.549,2.057,2.197,2.553,2.668,2.115,2.408,2.749,2.689,2.542,2.985,2.711,2.358,2.493,2.885,2.138,2.732,2.882,2.945,2.832,2.95,2.759,2.487,2.708,2.007,2.072,2.153,2.67,2.397,2.175,1137442,951270,000-000-058,2.357,2.382,2.583,2.317,2.578,2.18,2.563,2.083,2.81,2.238,2.421,2.36,2.275,2.655,2.778,2.848,2.946,2.399,2.403,2.172,2.306,2.004,2.984,2.329,2.82,2.901,2.068,2.819,2.002,2.51,2.52,2.737,2.117,2.95,2.822,2.47,2.196,2.852,2.039,2.126,2.763,2.507,2.288,2.497,2.742,2.095,2.523,2.025,2.955,2.586,2.116,2.473,2.126,2.731,2.585,2.921,2.828,2.14,2.376,2.926,2.168,2.783,2.286,2.297,2.665,2.683,2.619,2.746,2.659,2.092,2.351,2.812,2.408,2.842,2.647,954822,1142761,000-000-058,11316,670,10650,48655,4874,1411,2933,1904,1779,1604,10237,3388,1800,1172,197,2931,38,959,13896,337,14474,47395,4435,1260,3197,1582,4031.5,2828,224,2868,2,974,0,1967,0,0,0,0,0,683,932,548,651,233,482,845909,992245,182843,195493,321641,152680,106013,320662,30291,423950,745940,733420,1229027,0.6763466,1.5943577,16,19,11,1072576,11,3,24,4,19,1325,13,20,49,82
000-000-053,1,0,,0,31,302,2.384,2.012,2.689,2.772,2.134,2.408,2.492,2.79,2.189,2.5,2.977,2.498,2.785,2.845,2.474,2.735,2.512,2.513,2.406,2.5,2.96,2.94,2.439,2.219,2.018,2.257,2.412,2.982,2.969,2.144,2.958,2.843,2.033,2.163,2.348,2.114,2.704,2.034,2.464,2.44,2.407,2.377,2.099,2.497,2.928,2.092,2.102,2.82,2.697,2.351,2.991,2.63,2.74,2.318,2.346,2.324,2.982,2.93,2.115,2.234,2.284,2.484,2.834,2.197,2.159,2.234,2.785,2.564,2.858,941123,1077946,2.476,967620,941921,2.489,2.302,2.001,2.158,2.023,2.447,2.691,2.557,2.023,2.918,2.54,2.348,2.737,2.986,2.738,2.086,2.468,2.921,2.704,2.235,2.998,2.914,2.512,2.837,2.071,2.213,2.309,2.637,2.231,2.267,2.361,2.219,2.045,2.854,2.991,2.681,2.341,2.968,2.885,2.109,2.112,2.702,2.273,2.543,2.182,2.287,2.997,2.562,2.195,2.507,2.726,2.881,2.007,2.865,2.511,2.819,2.44,2.317,2.602,2.029,2.337,2.636,2.512,2.811,2.875,2.554,2.679,2.102,2.522,2.237,2.675,2.865,2.763,2.768,2.521,1143402,1007124,000-000-053,2.743,2.239,2.66,2.091,2.813,2.097,2.885,2.116,2.806,2.829,2.725,2.092,2.968,2.692,2.488,2.06,2.305,2.622,2.985,2.658,2.152,2.266,2.926,2.747,2.516,2.548,2.046,2.697,2.808,2.314,2.181,2,2.226,2.614,2.892,2.433,2.248,2.155,2.213,2.038,2.14,2.93,2.062,2.457,2.818,2.327,2.987,2.603,2.08,2.293,2.263,2.189,2.223,2.244,2.649,2.323,2.652,2.975,2.586,2.894,2.544,2.64,2.977,2.477,2.359,2.253,2.539,2.68,2.829,2.684,2.495,2.612,2.513,2.061,2.434,1161888,1032233,000-000-053,11332,650,10180,42629,5286,1505,3054,1647,1329,1325,11356,3672,1277,1197,297,2087,13,787,10356,968,13427,43050,4130,1514,3273,1906,4085.2,2141,324,2266,17,893,0,1234,0,0,0,0,0,887,528,860,391,358,724,991123,855881,189023,128097,313127,199948,127841,327661,30815,492502,795673,719299,1326898,0.9055946,1.6006012,10,8,15,1149490,8,5,49,5,8,1021,13,11,28,84
000-000-168,0,1,,0,51,354,2.829,2.347,2.302,2.236,2.975,2.525,2.319,2.824,2.57,2.879,2.082,2.088,2.086,2.432,2.421,2.187,2.826,2.932,2.787,2.508,2.022,2.318,2.279,2.645,2.68,2.723,2.184,2.739,2.476,2.303,2.829,2.503,2.413,2.391,2.058,2.179,2.541,2.242,2.8,2.642,2.519,2.23,2.864,2.866,2.804,2.3,2.45,2.269,2.727,2.766,2.837,2.593,2.989,2.641,2.984,2.207,2.641,2.632,2.515,2.583,2.172,2.321,2.677,2.404,2.965,2.56,2.527,2.533,2.815,1101867,1109772,2.955,984901,1086722,2.946,2.193,2.111,2.115,2.949,2.292,2.333,2.7,2.259,2.001,2.172,2.19,2.865,2.977,2.119,2.63,2.236,2.864,2.706,2.974,2.295,2.923,2.397,2.709,2.295,2.457,2.777,2.397,2.052,2.217,2.199,2.806,2.678,2.451,2.407,2.493,2.149,2.25,2.876,2.558,2.472,2.596,2.668,2.62,2.403,2.184,2.926,2.041,2.698,2.68,2.803,2.047,2.782,2.244,2.355,2.88,2.601,2.175,2.569,2.097,2.13,2.394,2.738,2.041,2.775,2.368,2.469,2.784,2.203,2.273,2.619,2.36,2.267,2.752,2.754,1146647,1099719,000-000-168,2.683,2.356,2.96,2.967,2.355,2.535,2.127,2.904,2.075,2.519,2.43,2.827,2.455,2.607,2.557,2.92,2.626,2.836,2.658,2.909,2.741,2.223,2.888,2.369,2.039,2.372,2.256,2.12,2.762,2.277,2.299,2.89,2.579,2.593,2.621,2.643,2.138,2.606,2.932,2.897,2.632,2.283,2.312,2.144,2.466,2.477,2.034,2.216,2.828,2.47,2.466,2.574,2.833,2.54,2.259,2.945,2.302,2.155,2.524,2.189,2.932,2.978,2.418,2.833,2.54,2.536,2.102,2.504,2.207,2.519,2.347,2.298,2.917,2.182,2.67,915656,929724,000-000-168,11211,940,10712,43061,5146,1984,2465,1774,1116,1328,16989,3312,1971,1965,104,2064,40,807,13814,387,14268,43661,5513,1646,2902,1026,4595.4,2224,294,2766,18,956,0,982,0,0,0,0,0,959,380,852,534,295,488,914699,843612,138478,168530,388592,199525,105912,353043,35512,438921,782072,855029,1377622,0.2453598,1.5086958,17,9,16,1164197,22,5,52,4,7,1319,12,19,25,51
000-000-082,2,0,,0,51,381,2.975,2.485,2.711,2.946,2.231,2.816,2.507,2.14,2.819,2.804,2.408,2.487,2.293,2.693,2.384,2.208,2.544,2.365,2.924,2.82,2.896,2.81,2.918,2.9,2.87,2.334,2.175,2.491,2.315,2.665,2.967,2.083,2.495,2.345,2.282,2.329,2.303,2.844,2.525,2.563,2.148,2.314,2.08,2.86,2.999,2.514,2.775,2.803,2.852,2.788,2.41,2.269,2.731,2.601,2.223,2.154,2.902,2.237,2.673,2.387,2.105,2.003,2.113,2.425,2.998,2.738,2.53,2.714,2.567,1055807,1118611,2.407,939370,1177508,2.807,2.124,2.239,2.885,2.439,2.87,2.303,2.399,2.434,2.051,2.675,2.279,2.933,2.868,2.143,2.199,2.517,2.446,2.39,2.425,2.075,2.379,2.983,2.311,2.901,2.272,2.819,2.945,2.283,2.58,2.568,2.563,2.396,2.383,2.424,2.133,2.278,2.191,2.514,2.426,2.699,2.744,2.502,2.897,2.557,2.32,2.4,2.003,2.098,2.124,2.581,2.343,2.754,2.882,2.114,2.984,2.534,2.927,2.494,2.495,2.719,2.857,2.462,2.848,2.223,2.917,2.423,2.04,2.519,2.387,2.099,2.64,2.456,2.428,2.116,1149009,943334,000-000-082,2.345,2.56,2.648,2.125,2.215,2.91,2.924,2.264,2.615,2.237,2.051,2.549,2.935,2.246,2.08,2.623,2.107,2.44,2.797,2.83,2.592,2.648,2.026,2.941,2.544,2.799,2.743,2.313,2.769,2.093,2.028,2.768,2.513,2.053,2.378,2.541,2.928,2.787,2.847,2.124,2.139,2.2,2.967,2.555,2.764,2.246,2.45,2.445,2.3,2.037,2.255,2.934,2.341,2.822,2.658,2.408,2.569,2.206,2.77,2.555,2.089,2.278,2.256,2.79,2.595,2.4,2.515,2.127,2.647,2.624,2.639,2.285,2.484,2.399,2.136,900269,938323,000-000-082,13819,590,14452,47022,5546,1057,2143,1846,1969,1356,14466,3457,1612,1480,466,2538,46,746,13518,712,11574,40283,5034,1478,2221,1144,3854.5,2179,211,2166,18,737,0,736,0,0,0,0,0,899,761,402,304,519,794,902567,812387,109873,197382,378233,130208,141156,331657,39939,409413,814360,884017,1295120,0.5566007,1.399777,22,14,8,1058703,35,5,58,5,11,1060,11,45,48,65
000-000-187,3,1,,0,48,320,2.556,2.225,2.14,2.685,2.223,2.508,2.225,2.678,2.149,2.808,2.123,2.48,2.344,2.351,2.405,2.894,2.065,2.401,2.114,2.249,2.787,2.82,2.385,2.388,2.372,2.231,2.882,2.639,2.77,2.871,2.214,2.938,2.399,2.021,2.933,2.428,2.972,2.931,2.138,2.892,2.122,2.122,2.573,2.24,2.785,2.978,2.862,2.839,2.815,2.665,2.824,2.907,2.058,2.978,2.28,2.418,2.263,2.769,2.893,2.467,2.863,2.389,2.581,2.137,2.582,2.223,2.479,2.451,2.028,1069330,908524,2.406,1059761,1119142,2.003,2.576,2.442,2.592,2.211,2.516,2.666,2.383,2.583,2.347,2.115,2.428,2.247,2.483,2.699,2.481,2.906,2.628,2.675,2.286,2.219,2.087,2.04,2.771,2.527,2.936,2.66,2.633,2.343,2.915,2.992,2.049,2.855,2.369,2.445,2.821,2.336,2.127,2.21,2.494,2.238,2.796,2.441,2.024,2.561,2.693,2.07,2.63,2.692,2.604,2.418,2.229,2.719,2.87,2.951,2.597,2.901,2.122,2.981,2.995,2.435,2.156,2.118,2.921,2.966,2.439,2.698,2.909,2.259,2.07,2.535,2.358,2.314,2.481,2.719,1149330,1104590,000-000-187,2.515,2.382,2.657,2.481,2.897,2.274,2.378,2.715,2.45,2.838,2.565,2.244,2.592,2.658,2.502,2.009,2.48,2.361,2.327,2.457,2.448,2.966,2.239,2.414,2.24,2.989,2.459,2.602,2.204,2.079,2.917,2.128,2.743,2.237,2.157,2.798,2.471,2.152,2.493,2.086,2.912,2.449,2.65,2.521,2.015,2.8,2.957,2.306,2.64,2.399,2.801,2.299,2.937,2.808,2.574,2.79,2.015,2.342,2.509,2.816,2.241,2.942,2.818,2.422,2.126,2.848,2.46,2.038,2.072,2.134,2.792,2.561,2.919,2.287,2.444,1110237,1067366,000-000-187,14224,701,12838,43570,5132,1979,3201,1458,1166,1116,18182,3195,1381,1865,164,2029,41,803,13113,642,12260,49425,5084,1640,2544,1312,4229.8,2648,200,3387,14,986,0,555,0,0,0,0,0,816,573,241,827,709,510,836859,712297,154951,153659,355871,164949,192941,313212,34065,414276,857951,712529,1359568,0.2277335,1.4049271,19,9,14,1017362,29,4,35,5,11,1125,13,10,34,96
000-000-194,2,1,42,2,36,375,2.887,2.158,2.048,2.747,2.654,2.578,2.789,2.859,2.74,2.663,2.761,2.602,2.456,2.184,2.382,2.694,2.316,2.457,2.482,2.471,2.068,2.346,2.224,2.07,2.77,2.341,2.697,2.68,2.9,2.665,2.819,2.217,2.616,2.778,2.806,2.174,2.96,2.912,2.916,2.701,2.118,2.63,2.025,2.405,2.555,2.414,2.237,2.494,2.591,2.734,2.95,2.252,2.577,2.424,2.689,2.288,2.547,2.932,2.423,2.161,2.371,2.121,2.412,2.858,2.008,2.204,2.001,2.818,2.839,1127532,1186967,2.243,1054501,1107653,2.129,2.977,2.616,2.278,2.434,2.122,2.138,2.38,2.727,2.717,2.759,2.822,2.851,2.768,2.361,2.715,2.719,2.945,2.114,2.525,2.033,2.272,2.304,2.817,2.7,2.424,2.008,2.048,2.37,2.825,2.367,2.127,2.274,2.125,2.697,2.095,2.435,2.664,2.021,2.312,2.015,2.093,2.991,2.486,2.057,2.568,2.195,2.097,2.796,2.866,2.557,2.157,2.676,2.581,2.661,2.221,2.294,2.23,2.409,2.383,2.361,2.851,2.481,2.212,2.867,2.874,2.034,2.143,2.161,2.255,2.641,2.443,2.361,2.378,2.834,1150019,1139263,000-000-194,2.45,2.283,2.217,2.006,2.156,2.582,2.18,2.222,2.288,2.352,2.299,2.321,2.249,2.612,2.082,2.565,2.414,2.647,2.462,2.838,2.672,2.413,2.859,2.034,2.95,2.051,2.232,2.544,2.754,2.013,2.272,2.656,2.205,2.077,2.887,2.101,2.243,2.192,2.639,2.488,2.615,2.23,2.796,2.737,2.247,2.47,2.282,2.899,2.996,2.669,2.97,2.831,2.194,2.483,2.589,2.947,2.523,2.39,2.636,2.888,2.393,2.546,2.572,2.123,2.645,2.322,2.875,2.638,2.952,2.248,2.466,2.739,2.168,2.243,2.559,1127894,901423,000-000-194,10827,646,13064,47126,4755,1562,2299,1686,1130,1415,17501,3694,1570,1726,368,2980,42,957,12461,380,10211,46276,4699,1636,2497,1848,4468.9,2387,398,3958,8,750,0,1993,0,0,0,0,0,920,398,286,911,847,848,812474,791619,129957,120371,376612,101787,151801,323027,39000,447298,783377,736849,1339450,0.8086338,1.1213234,12,14,15,1173309,45,5,34,5,14,1062,10,5,45,51
000-000-184,0,1,,0,61,358,2.217,2.438,2.816,2.894,2.121,2.476,2.125,2.053,2.174,2.017,2.624,2.167,2.717,2.247,2.033,2.672,2.947,2.45,2.908,2.083,2.814,2.706,2.742,2.13,2.996,2.092,2.837,2.717,2.512,2.48,2.137,2.806,2.084,2.479,2.627,2.985,2.138,2.104,2.936,2.776,2.403,2.317,2.591,2.922,2.763,2.451,2.142,2.263,2.96,2.373,2.292,2.834,2.008,2.897,2.239,2.82,2.103,2.452,2.974,2.87,2.576,2.758,2.518,2.587,2.965,2.427,2.964,2.795,2.041,1185538,1159025,2.055,1157393,927033,2.175,2.783,2.505,2.4,2.24,2.552,2.906,2.712,2.38,2.252,2.904,2.347,2.989,2.035,2.857,2.85,2.735,2.313,2.031,2.267,2.089,2.981,2.474,2.983,2.132,2.039,2.862,2.901,2.279,2.84,2.281,2.26,2.774,2.978,2.743,2.114,2.706,2.864,2.592,2.251,2.414,2.853,2.921,2.128,2.313,2.604,2.573,2.211,2.183,2.09,2.226,2.417,2.664,2.496,2.558,2.846,2.44,2.623,2.768,2.284,2.561,2.842,2.704,2.455,2.916,2.778,2.742,2.725,2.689,2.12,2.087,2.717,2.467,2.63,2.502,1151984,939809,000-000-184,2.16,2.257,2.378,2.774,2.539,2.531,2.641,2.864,2.106,2.21,2.079,2.326,2.378,2.586,2.242,2.87,2.257,2.41,2.176,2.188,2.214,2.38,2.246,2.501,2.323,2.983,2.939,2.289,2.823,2.147,2.373,2.354,2.222,2.381,2.728,2.493,2.687,2.856,2.464,2.009,2.226,2.724,2.186,2.209,2.807,2.673,2.07,2.969,2.849,2.152,2.131,2.036,2.35,2.534,2.106,2.458,2.708,2.277,2.13,2.218,2.306,2.615,2.932,2.987,2.21,2.684,2.297,2.407,2.186,2.326,2.066,2.413,2.504,2.37,2.014,1181472,1134369,000-000-184,10402,812,14340,43501,5103,1008,3473,1773,1726,1643,19255,3509,1921,1694,491,2284,32,609,12596,484,14563,41004,5583,1544,2117,1930,4298.1,2735,368,3468,19,839,0,678,0,0,0,0,0,229,623,777,451,724,825,942742,727718,152665,155940,396998,174292,182766,323111,37901,430647,892792,744939,1374021,0.6075195,1.7369606,8,9,19,1004620,15,3,37,4,14,1322,11,19,36,78
000-000-097,1,0,,0,42,331,2.753,2.887,2.084,2.693,2.747,2.502,2.146,2.272,2.927,2.588,2.938,2.002,2.919,2.691,2.755,2.115,2.961,2.121,2.739,2.898,2.077,2.294,2.818,2.01,2.822,2.531,2.759,2.008,2.395,2.013,2.621,2.619,2.793,2.739,2.027,2.726,2.83,2.477,2.715,2.415,2.302,2.021,2.479,2.723,2.319,2.107,2.551,2.738,2.83,2.316,2.038,2.593,2.051,2.931,2.578,2.013,2.039,2.285,2.415,2.26,2.651,2.221,2.56,2.41,2.953,2.296,2.075,2.041,2.246,910144,1085325,2.589,1150689,1052549,2.524,2.072,2.614,2.155,2.232,2.917,2.913,2.371,2.45,2.919,2.521,2.75,2.545,2.701,2.334,2.265,2.093,2.867,2.573,2.717,2.863,2.269,2.247,2.287,2.586,2.364,2.113,2.357,2.427,2.856,2.904,2.157,2.526,2.132,2.212,2.903,2.887,2.591,2.496,2.693,2.422,2.592,2.33,2.799,2.348,2.221,2.229,2.611,2.042,2.88,2.663,2.352,2.957,2.789,2.037,2.443,2.493,2.654,2.98,2.522,2.459,2.786,2.391,2.511,2.052,2.622,2.816,2.964,2.215,2.032,2.646,2.868,2.998,2.809,2.322,1153035,1071745,000-000-097,2.69,2.671,2.897,2.959,2.792,2.755,2.87,2.342,2.442,2.598,2.013,2.117,2.168,2.393,2.79,2.954,2.832,2.461,2.681,2.819,2.038,2.852,2.022,2.062,2.143,2.809,2.461,2.358,2.528,2.444,2.112,2.192,2.363,2.274,2.706,2.118,2.448,2.186,2.121,2.176,2.478,2.773,2.663,2.454,2.039,2.265,2.702,2.821,2.775,2.666,2.17,2.909,2.02,2.761,2.199,2.488,2.122,2.655,2.474,2.039,2.348,2.181,2.659,2.974,2.671,2.101,2.204,2.511,2.773,2.924,2.675,2.513,2.708,2.95,2.992,938596,959678,000-000-097,10652,463,13686,48241,4742,1329,2609,1426,1695,1254,17432,3402,1015,1336,219,2495,23,731,11213,820,14348,49956,5232,1812,2901,1077,4725.1,2866,239,3379,7,508,0,1296,0,0,0,0,0,824,758,729,805,442,517,787755,775957,150418,117784,384754,192681,155908,318546,32977,478418,885218,799058,1337227,0.8888017,1.4901242,17,12,13,1019152,49,5,28,4,7,1279,11,4,34,44
000-000-104,0,0,,0,53,313,2.142,2.68,2.333,2.744,2.307,2.8,2.941,2.425,2.045,2.287,2.24,2.745,2.638,2.384,2.53,2.357,2.912,2.486,2.775,2.574,2.153,2.154,2.737,2.243,2.213,2.576,2.498,2.163,2.961,2.16,2.148,2.66,2.304,2.633,2.434,2.736,2.608,2.548,2.532,2.258,2.476,2.642,2.964,2.566,2.781,2.504,2.25,2.632,2.483,2.769,2.079,2.77,2.248,2.402,2.732,2.061,2.387,2.875,2.506,2.52,2.142,2.849,2.532,2.371,2.15,2.944,2.876,2.644,2.629,1016760,1186106,2.769,1033807,929362,2.613,2.174,2.897,2.737,2.735,2.649,2.048,2.093,2.583,2.178,2.076,2.935,2.362,2.381,2.758,2.974,2.279,2.583,2.697,2.715,2.95,2.065,2.631,2.075,2.732,2.352,2.793,2.06,2.392,2.686,2.476,2.031,2.016,2.981,2.964,2.951,2.97,2.315,2.672,2.151,2.026,2.751,2.319,2.569,2.033,2.149,2.064,2.693,2.058,2.798,2.024,2.811,2.622,2.758,2.013,2.631,2.911,2.204,2.718,2.725,2.242,2.732,2.174,2.23,2.737,2.685,2.51,2.032,2.607,2.331,2.904,2.331,2.732,2.841,2.011,1159321,1076995,000-000-104,2.055,2.907,2.59,2.71,2.879,2.205,2.123,2.141,2.11,2.652,2.9,2.804,2.211,2.1,2.357,2.207,2.245,2.06,2.053,2.129,2.584,2.078,2.137,2.31,2.632,2.375,2.794,2.539,2.424,2.431,2.258,2.883,2.818,2.719,2.811,2.421,2.292,2.498,2.124,2.217,2.627,2.687,2.889,2.516,2.233,2.191,2.405,2.869,2.865,2.214,2.231,2.921,2.685,2.029,2.97,2.13,2.829,2.337,2.742,2.076,2.303,2.951,2.045,2.514,2.596,2.847,2.221,2.652,2.251,2.304,2.807,2.881,2.148,2.503,2.902,1190783,1107368,000-000-104,10340,713,13105,41001,5120,1014,2775,1302,1461,1118,16583,3433,1746,1557,220,2660,25,566,11760,1062,13525,42836,5421,1328,3932,1923,3931.2,2061,297,2287,10,721,0,1322,0,0,0,0,0,332,986,774,553,591,462,707542,786851,161062,182051,366461,157752,181350,304315,38941,440279,786413,770671,1429318,0.7527451,1.7019199,8,17,14,1089137,29,5,27,3,18,1124,12,7,45,89
000-000-169,1,1,,0,46,374,2.668,2.948,2.265,2.906,2.845,2.589,2.129,2.264,2.363,2.947,2.387,2.193,2.112,2.455,2.437,2.716,2.695,2.071,2.011,2.202,2.394,2.506,2.277,2.267,2.175,2.303,2.13,2.557,2.225,2.994,2.175,2.205,2.737,2.527,2.073,2.508,2.288,2.611,2.138,2.225,2.382,2.982,2.054,2.896,2.629,2.775,2.342,2.617,2.05,2.209,2.762,2.99,2.232,2.89,2.247,2.833,2.445,2.915,2.728,2.528,2.908,2.745,2.025,2.895,2.154,2.749,2.615,2.407,2.078,1190683,1007367,2.653,1189588,1003345,2.961,2.492,2.96,2.321,2.37,2.138,2.063,2.58,2.203,2.744,2.421,2.108,2.237,2.572,2.306,2.482,2.479,2.494,2.548,2.943,2.882,2.038,2.311,2.897,2.706,2.386,2.421,2.885,2.005,2.994,2.174,2.91,2.792,2.454,2.252,2.091,2.536,2.504,2.82,2.819,2.221,2.266,2.95,2.894,2.935,2.892,2.607,2.633,2.758,2.798,2.713,2.997,2.575,2.446,2.349,2.773,2.892,2.509,2.958,2.537,2.018,2.995,2.011,2.472,2.582,2.002,2.939,2.615,2.797,2.522,2.683,2.008,2.695,2.756,2.574,1159624,940217,000-000-169,2.172,2.044,2.883,2.943,2.233,2.485,2.23,2.754,2.764,2.001,2.723,2.031,2.105,2.725,2.144,2.021,2.103,2.978,2.479,2.484,2.141,2.438,2.111,2.956,2.62,2.154,2.227,2.524,2.492,2.073,2.1,2.351,2.249,2.559,2.134,2.767,2.592,2.163,2.534,2.615,2.85,2.889,2.957,2.347,2.984,2.326,2.882,2.183,2.437,2.877,2.208,2.236,2.69,2.835,2.149,2.619,2.495,2.51,2.71,2.892,2.281,2.343,2.767,2.148,2.6,2.915,2.46,2.616,2.764,2.918,2.71,2.393,2.167,2.414,2.329,1127855,1065337,000-000-169,14419,918,12008,46509,5382,1476,3037,1457,1960,1331,18744,3887,1779,1279,349,2640,15,967,12047,477,11124,47326,4394,1812,2635,1783,4510.7,2150,293,2890,2,867,0,1100,0,0,0,0,0,478,991,368,408,633,840,913877,900329,177191,171405,368724,126699,118909,368962,32559,421032,811226,847590,1207323,0.8676957,1.0943356,21,11,14,1056334,20,3,50,5,10,1258,10,23,23,42
000-000-071,3,0,,0,62,343,2.62,2.781,2.284,2.045,2.22,2.205,2.335,2.126,2.463,2.053,2.788,2.374,2.192,2.853,2.022,2.2,2.941,2.645,2.215,2.876,2.485,2.779,2.09,2.426,2.931,2.31,2.136,2.588,2.543,2.298,2.355,2.369,2.284,2.026,2.463,2.4,2.741,2.834,2.279,2.622,2.532,2.951,2.881,2.345,2.67,2.139,2.69,2.654,2.025,2.831,2.505,2.303,2.178,2.767,2.693,2.994,2.788,2.291,2.135,2.733,2.238,2.466,2.089,2.948,2.89,2.725,2.331,2.887,2.365,1023301,1166993,2.399,1059084,1028137,2.266,2.665,2.88,2.388,2.997,2.347,2.21,2.192,2.45,2.962,2.991,2.704,2.779,2.307,2.075,2.395,2.019,2.619,2.136,2.943,2.596,2.377,2.575,2.736,2.541,2.055,2.809,2.298,2.8,2.648,2.731,2.188,2.726,2.698,2.36,2.845,2.14,2.809,2.954,2.896,2.473,2.013,2.185,2.254,2.716,2.666,2.647,2.154,2.871,2.091,2.113,2.26,2.057,2.688,2.096,2.035,2.22,2.209,2.029,2.539,2.196,2.434,2.815,2.332,2.626,2.996,2.788,2.786,2.666,2.379,2.653,2.326,2.73,2.24,2.081,1161500,964565,000-000-071,2.539,2.153,2.755,2.928,2.617,2.048,2.155,2.15,2.512,2.566,2.64,2.596,2.687,2.181,2.626,2.702,2.113,2.053,2.92,2.589,2.916,2.466,2.879,2.919,2.551,2.984,2.769,2.03,2.636,2.714,2.431,2.008,2.59,2.039,2.341,2.336,2.338,2.834,2.747,2.949,2.025,2.58,2.867,2.034,2.056,2.564,2.084,2.316,2.508,2.331,2.915,2.928,2.959,2.458,2.218,2.417,2.56,2.124,2.718,2.394,2.281,2.572,2.411,2.612,2.947,2.978,2.706,2.628,2.99,2.019,2.53,2.344,2.973,2.15,2.3,997314,1175988,000-000-071,12304,317,11318,47512,4600,1807,3492,1023,1221,1340,17455,3427,1695,1352,300,2159,48,540,14634,794,10470,40129,4807,1986,2491,1097,4568.3,2633,225,3260,8,925,0,1743,0,0,0,0,0,447,443,348,905,485,353,922366,733660,167632,154045,397440,168373,158390,302608,38876,408626,760142,805603,1200578,0.3076812,1.9299252,13,12,11,1196579,40,3,69,5,13,1090,8,5,41,52
000-000-072,0,0,42,2,47,345,2.948,2.139,2.857,2.859,2.26,2.845,2.207,2.252,2.077,2.483,2.832,2.494,2.011,2.841,2.363,2.052,2.631,2.109,2.015,2.163,2.412,2.264,2.029,2.488,2.466,2.157,2.049,2.333,2.593,2.505,2.172,2.036,2.612,2.054,2.729,2.569,2.552,2.787,2.156,2.783,2.289,2.437,2.327,2.478,2.835,2.873,2.381,2.378,2.629,2.159,2.55,2.443,2.283,2.311,2.378,2.124,2.498,2.029,2.288,2.203,2.03,2.67,2.316,2.259,2.355,2.551,2.971,2.484,2.506,1128227,953162,2.169,900210,1082366,2.884,2.451,2.655,2.624,2.3,2.692,2.081,2.872,2.652,2.625,2.723,2.398,2.381,2.398,2.797,2.719,2.259,2.853,2.866,2.492,2.404,2.831,2.917,2.794,2.108,2.87,2.958,2.099,2.429,2.537,2.378,2.827,2.99,2.562,2.708,2.394,2.138,2.003,2.258,2.117,2.487,2.39,2.991,2.325,2.921,2.596,2.406,2.036,2.609,2.429,2.364,2.743,2.629,2.791,2.832,2.221,2.833,2.917,2.876,2.751,2.53,2.916,2.76,2.45,2.995,2.007,2.501,2.933,2.342,2.93,2.416,2.289,2.569,2.892,2.481,1162876,1122181,000-000-072,2.218,2.361,2.563,2.335,2.673,2.634,2.86,2.658,2.383,2.389,2.294,2.686,2.713,2.253,2.302,2.322,2.166,2.78,2.36,2.406,2.601,2.339,2.621,2.54,2.359,2.777,2.307,2.491,2.135,2.879,2.442,2.142,2.208,2.36,2.658,2.597,2.855,2.389,2.512,2.876,2.79,2.028,2.889,2.883,2.366,2.473,2.598,2.188,2.968,2.67,2.576,2.061,2.844,2.882,2.992,2.11,2.073,2.669,2.268,2.993,2.707,2.82,2.781,2.815,2.007,2.745,2.316,2.331,2.104,2.392,2.958,2.965,2.361,2.189,2.374,1140903,1046234,000-000-072,11325,988,14708,43901,4325,1875,2971,1321,1211,1973,16439,3063,1281,1044,130,2570,14,513,13077,467,11699,41804,5458,1913,2158,1943,4585.9,2257,232,2061,17,526,0,1924,0,0,0,0,0,909,827,352,856,476,889,985424,786436,151269,110021,361779,101168,111455,339091,36541,457101,729060,845166,1266929,0.612621,1.2553709,11,17,10,1079854,37,5,45,4,6,1458,12,42,21,87
000-000-005,1,0,,0,56,386,2.667,2.78,2.843,2.767,2.979,2.579,2.704,2.76,2.748,2.173,2.086,2.245,2.684,2.263,2.477,2.831,2.488,2.748,2.401,2.784,2.031,2.919,2.64,2.802,2.248,2.133,2.785,2.088,2.766,2.5,2.185,2.036,2.215,2.095,2.767,2.727,2.379,2.946,2.805,2.814,2.716,2.406,2.245,2.689,2.935,2.025,2.039,2.207,2.361,2.28,2.588,2.724,2.411,2.872,2.616,2.814,2.493,2.64,2.612,2.509,2.069,2.579,2.066,2.116,2.186,2.074,2.479,2.857,2.532,1049140,1072486,2.6,1057429,1087016,2.678,2.542,2.556,2.632,2.934,2.646,2.781,2.886,2.231,2.729,2.704,2.635,2.357,2.673,2.003,2.905,2.261,2.444,2.02,2.632,2.988,2.919,2.331,2.049,2.638,2.318,2.332,2.772,2.413,2.828,2.736,2.588,2.696,2.437,2.981,2.122,2.823,2.278,2.586,2.962,2.849,2.416,2.272,2.285,2.408,2.799,2.196,2.905,2.291,2.379,2.571,2.3,2.281,2.738,2.923,2.686,2.928,2.357,2.895,2.059,2.81,2.611,2.421,2.737,2.234,2.301,2.045,2.158,2.425,2.981,2.494,2.813,2.332,2.866,2.977,1164857,1179239,000-000-005,2.996,2.985,2.717,2.017,2.291,2.808,2.34,2.452,2.193,2.874,2.769,2.314,2.78,2.007,2.802,2.321,2.237,2.868,2.889,2.133,2.162,2.072,2.742,2.585,2.596,2.772,2.236,2.521,2.387,2.082,2.771,2.105,2.868,2.948,2.737,2.087,2.007,2.429,2.833,2.357,2.216,2.411,2.909,2.836,2.47,2.776,2.812,2.39,2.487,2.378,2.157,2.612,2.689,2.229,2.482,2.496,2.535,2.538,2.811,2.819,2.132,2.62,2.231,2.289,2.008,2.563,2.307,2.528,2.231,2.472,2.772,2.381,2.875,2.539,2.096,1012097,1008681,000-000-005,14764,774,13678,40813,4779,1210,2318,1341,1775,1355,17884,3904,1220,1099,178,2157,12,776,11485,634,12860,47878,5728,1973,2387,1843,4260,2126,374,3715,3,703,0,1424,0,0,0,0,0,519,383,740,755,857,774,971506,868679,138829,141618,300044,142832,100206,385793,31182,436380,893697,880335,1388763,0.9569874,1.6451335,14,20,12,1020132,42,3,60,3,14,1450,10,31,20,50
000-000-108,0,0,,0,55,370,2.447,2.286,2.957,2.523,2.072,2.525,2.978,2.14,2.48,2.27,2.182,2.178,2.137,2.191,2.629,2.571,2.993,2.533,2.917,2.11,2.987,2.186,2.121,2.307,2.622,2.561,2.55,2.07,2.804,2.111,2.33,2.971,2.686,2.583,2.339,2.979,2.755,2.329,2.388,2.529,2.451,2.487,2.339,2.244,2.983,2.924,2.316,2.761,2.466,2.681,2.828,2.915,2.818,2.396,2.262,2.9,2.789,2.482,2.098,2.435,2.075,2.023,2.171,2.666,2.167,2.071,2.016,2.268,2.683,940994,957880,2.202,1178400,946396,2.173,2.445,2.192,2.21,2.202,2.301,2.132,2.838,2.279,2.199,2.048,2.829,2.161,2.941,2.272,2.093,2.958,2.432,2.966,2.19,2.693,2.98,2.495,2.158,2.359,2.688,2.877,2.12,2.219,2.93,2.815,2.757,2.175,2.63,2.204,2.023,2.695,2.839,2.82,2.481,2.573,2.201,2.073,2.199,2.698,2.349,2.054,2.805,2.256,2.465,2.413,2.724,2.19,2.8,2.085,2.678,2.406,2.191,2.017,2.828,2.117,2.35,2.32,2.701,2.075,2.103,2.197,2.326,2.544,2.857,2.717,2.639,2.935,2.205,2.051,1165690,1091239,000-000-108,2.096,2.084,2.949,2.285,2.71,2.068,2.246,2.39,2.314,2.892,2.027,2.926,2.564,2.546,2.295,2.746,2.947,2.64,2.535,2.037,2.066,2.672,2.458,2.375,2.262,2.089,2.321,2.739,2.467,2.347,2.478,2.142,2.629,2.316,2.94,2.861,2.681,2.936,2.923,2.103,2.699,2.209,2.166,2.516,2.243,2.414,2.872,2.444,2.232,2.581,2.22,2.264,2.668,2.566,2.419,2.953,2.481,2.908,2.032,2.134,2.903,2.905,2.671,2.753,2.216,2.827,2.313,2.779,2.885,2.429,2.371,2.356,2.367,2.218,2.795,976672,927987,000-000-108,14370,981,14155,46557,4638,1556,2486,1813,1313,1079,12817,3343,1517,1356,342,2897,12,630,13056,747,11574,41404,4750,1829,3607,1380,4498.9,2782,298,2558,5,515,0,862,0,0,0,0,0,788,464,759,733,476,320,741150,889957,101695,151659,332586,144436,164340,362912,31532,436112,758093,798728,1366424,0.933269,1.6719812,13,17,12,1193533,11,5,54,4,17,1472,7,13,38,68
000-000-200,0,1,42,2,30,386,2.982,2.416,2.713,2.062,2.764,2.171,2.906,2.357,2.668,2.419,2.339,2.396,2.275,2.663,2.349,2.908,2.007,2.988,2.864,2.525,2.581,2.801,2.645,2.826,2.383,2.557,2.079,2.871,2.312,2.271,2.73,2.749,2.723,2.939,2.01,2.534,2.613,2.422,2.201,2.328,2.822,2.428,2.566,2.164,2.158,2.025,2.693,2.854,2.263,2.217,2.31,2.832,2.205,2.338,2.588,2.509,2.495,2.681,2.098,2.142,2.639,2.443,2.983,2.019,2.056,2.402,2.077,2.028,2.727,1027484,1185307,2.394,915493,1191649,2.73,2.047,2.894,2.885,2.44,2.304,2.288,2.753,2.041,2.922,2.045,2.9,2.323,2.276,2.173,2.507,2.801,2.032,2.755,2.95,2.857,2.88,2.728,2.816,2.435,2.639,2.578,2.237,2.316,2.759,2.542,2.867,2.798,2.648,2.04,2.773,2.309,2.632,2.282,2.921,2.252,2.767,2.037,2.086,2.483,2.186,2.601,2.704,2.609,2.014,2.013,2.814,2.859,2.057,2.641,2.249,2.895,2.076,2.286,2.913,2.151,2.237,2.788,2.744,2.082,2.652,2.769,2.235,2.696,2.413,2.506,2.119,2.891,2.213,2.59,1168947,929311,000-000-200,2.236,2.13,2.748,2.576,2.972,2.861,2.32,2.022,2.369,2.686,2.966,2.126,2.677,2.161,2.611,2.272,2.424,2.781,2.897,2.571,2.678,2.636,2.142,2.887,2.183,2.589,2.775,2.977,2.471,2.27,2.262,2.981,2.757,2.948,2.777,2.527,2.401,2.434,2.061,2.361,2.656,2.836,2.802,2.002,2.174,2.936,2.302,2.46,2.741,2.536,2.918,2.166,2.189,2.79,2.924,2.241,2.247,2.346,2.135,2.552,2.913,2.446,2.928,2.132,2.737,2.964,2.703,2.07,2.371,2.997,2.131,2.876,2.487,2.642,2.575,1129160,1183068,000-000-200,13649,592,12855,46597,4040,1980,2127,1265,1402,1938,14049,3478,1852,1391,122,2169,36,862,10888,802,13389,40269,5887,1519,3342,1241,3671.2,2769,383,3257,3,939,0,1639,0,0,0,0,0,844,394,306,228,574,359,934958,744250,110908,175003,308442,182300,180076,311277,30026,476546,864420,880143,1313087,0.7529681,1.5905083,21,14,11,1193986,24,3,25,5,13,1110,11,39,30,42
000-000-105,1,0,42,2,26,341,2.355,2.993,2.289,2.77,2.266,2.136,2.605,2.924,2.628,2.836,2.335,2.517,2.212,2.387,2.083,2.879,2.349,2.413,2.846,2.64,2.518,2.222,2.45,2.833,2.939,2.186,2.226,2.509,2.723,2.87,2.959,2.539,2.155,2.457,2.501,2.826,2.955,2.83,2.215,2.006,2.456,2.993,2.924,2.149,2.007,2.688,2.954,2.846,2.049,2.352,2.146,2.601,2.885,2.954,2.847,2.456,2.543,2.562,2.522,2.667,2.628,2.174,2.585,2.659,2.212,2.305,2.221,2.332,2.661,1071368,1077143,2.762,1196310,906276,2.125,2.582,2.376,2.469,2.386,2.84,2.894,2.038,2.211,2.977,2.626,2.717,2.542,2.284,2.98,2.257,2.886,2.039,2.201,2.214,2.857,2.833,2.718,2.153,2.564,2.854,2.616,2.911,2.709,2.228,2.668,2.569,2.928,2.026,2.911,2.5,2.197,2.479,2.822,2.525,2.292,2.676,2.922,2.674,2.153,2.812,2.034,2.947,2.792,2.961,2.731,2.406,2.435,2.059,2.126,2.321,2.746,2.502,2.787,2.108,2.427,2.891,2.142,2.533,2.174,2.509,2.897,2.165,2.095,2.657,2.529,2.779,2.465,2.14,2.143,1169443,1174154,000-000-105,2.156,2.777,2.989,2.515,2.186,2.546,2.339,2.153,2.06,2.724,2.971,2.252,2.807,2.335,2.348,2.335,2.665,2.381,2.781,2.83,2.916,2.797,2.862,2.064,2.116,2.691,2.167,2.562,2.303,2.237,2.758,2.07,2.16,2.23,2.658,2.407,2.259,2.421,2.537,2.288,2.193,2.839,2.218,2.449,2.448,2.082,2.913,2.059,2.2,2.001,2.279,2.248,2.483,2.339,2.763,2.426,2.718,2.722,2.086,2.559,2.638,2.882,2.112,2.24,2.721,2.81,2.132,2.045,2.325,2.515,2.631,2.703,2.804,2.47,2.17,970227,1126920,000-000-105,14100,626,11186,46221,4610,1571,2256,1499,1386,1647,13174,3897,1120,1868,426,2949,24,743,10376,527,12330,40171,5208,1136,3360,1029,3935.9,2952,233,3993,11,722,0,1923,0,0,0,0,0,597,376,728,564,661,433,727412,890654,153263,185556,370380,132264,191257,331513,33600,481163,730807,891408,1370108,0.1367971,1.6468049,20,20,22,1140213,37,4,39,3,11,1429,8,49,24,56
000-000-206,2,1,42,2,39,338,2.772,2.45,2.572,2.591,2.666,2.404,2.349,2.096,2.98,2.102,2.51,2.857,2.317,2.283,2.653,2.881,2.129,2.436,2.528,2.374,2.976,2.3,2.028,2.469,2.496,2.558,2.908,2.176,2.119,2.862,2.213,2.648,2.494,2.801,2.066,2.779,2.993,2.113,2.247,2.414,2.841,2.735,2.716,2.856,2.366,2.916,2.87,2.697,2.826,2.384,2.247,2.863,2.107,2.142,2.284,2.845,2.592,2.485,2.481,2.617,2.588,2.128,2.667,2.08,2.201,2.733,2.14,2.859,2.415,932449,1097716,2.603,1161228,1028951,2.83,2.305,2.999,2.026,2.892,2.699,2.319,2.148,2.284,2.834,2.496,2.633,2.663,2.277,2.213,2.234,2.998,2.303,2.859,2.993,2.992,2.421,2.809,2.481,2.756,2.05,2.026,2.341,2.677,2.178,2.647,2.963,2.121,2.937,2.008,2.077,2.095,2.134,2.285,2.9,2.776,2.151,2.505,2.27,2.441,2.256,2.176,2.833,2.338,2.791,2.1,2.769,2.002,2.495,2.052,2.32,2.094,2.505,2.547,2.695,2.96,2.563,2.225,2.995,2.61,2.249,2.448,2.473,2.331,2.734,2.541,2.115,2.804,2.02,2.031,1172257,1048701,000-000-206,2.082,2.784,2.305,2.871,2.983,2.63,2.753,2.772,2.371,2.249,2.272,2.84,2.933,2.637,2.885,2.227,2.936,2.104,2.655,2.828,2.917,2.088,2.238,2.704,2.539,2.905,2.123,2.223,2.03,2.225,2.49,2.238,2.154,2.674,2.569,2.155,2.768,2.796,2.611,2.924,2.399,2.822,2.185,2.288,2.517,2.902,2.481,2.054,2.91,2.951,2.929,2.451,2.613,2.812,2.745,2.042,2.056,2.843,2.402,2.979,2.536,2.988,2.456,2.415,2.464,2.455,2.722,2.721,2.392,2.701,2.247,2.043,2.646,2.494,2.506,942314,1085436,000-000-206,10890,481,13732,41289,4693,1000,3287,1296,1472,1215,15325,3451,1409,1005,488,2871,38,981,12318,503,14488,45891,5285,1101,3885,1721,4183.9,2345,266,3543,6,753,0,502,0,0,0,0,0,746,847,447,714,418,865,919289,788431,138709,121297,315580,147405,101110,373650,30601,469237,718870,731601,1346634,0.8024395,1.0100722,20,11,11,1111708,21,4,55,5,10,1087,11,49,36,65
000-000-065,1,0,,0,40,348,2.467,2.115,2.655,2.131,2.957,2.907,2.118,2.614,2.949,2.116,2.338,2.392,2.522,2.838,2.55,2.841,2.446,2.202,2.736,2.416,2.429,2.734,2.001,2.401,2.965,2.517,2.745,2.631,2.835,2.871,2.542,2.816,2.01,2.035,2.925,2.963,2.128,2.161,2.679,2.737,2.193,2.801,2.735,2.221,2.969,2.473,2.492,2.888,2.653,2.975,2.905,2.088,2.014,2.072,2.76,2.269,2.059,2.029,2.835,2.519,2.572,2.069,2.319,2.266,2.254,2.286,2.147,2.776,2.623,1000272,1058389,2.139,1002925,1071463,2.768,2.147,2.035,2.837,2.374,2.372,2.686,2.999,2.449,2.216,2.813,2.787,2.124,2.429,2.009,2.526,2.276,2.316,2.038,2.365,2.176,2.539,2.162,2.787,2.506,2.26,2.744,2.493,2.095,2.458,2.416,2.628,2.958,2.996,2.028,2.986,2.755,2.81,2.613,2.226,2.991,2.482,2.311,2.742,2.65,2.737,2.591,2.721,2.333,2.63,2.857,2.656,2.317,2.326,2.049,2.741,2.407,2.334,2.921,2.046,2.895,2.818,2.342,2.356,2.205,2.583,2.731,2.406,2.717,2.119,2.503,2.55,2.892,2.223,2.026,1174620,1033785,000-000-065,2.546,2.807,2.845,2.309,2.133,2.405,2.117,2.225,2.97,2.955,2.434,2.116,2.289,2.861,2.965,2.397,2.131,2.893,2.443,2.974,2.784,2.449,2.101,2.462,2.473,2.974,2.353,2.003,2.921,2.724,2.316,2.89,2.396,2.383,2.935,2.18,2.694,2.889,2.281,2.684,2.476,2.001,2.144,2.847,2.497,2.11,2.746,2.54,2.019,2.442,2.272,2.942,2.897,2.451,2.294,2.173,2.306,2.4,2.637,2.807,2.116,2.555,2.397,2.658,2.911,2.49,2.078,2.182,2.463,2.248,2.18,2.939,2.311,2.265,2.691,913632,1188227,000-000-065,12810,366,10231,45059,5725,1233,3557,1181,1767,1044,13815,3087,1785,1965,361,2393,39,783,14427,411,10276,44631,4130,1628,3186,1464,4563.8,2201,233,2071,15,568,0,815,0,0,0,0,0,738,499,877,404,475,315,705683,764447,183539,154604,346190,169042,147985,323678,39142,496354,700593,707888,1366791,0.1520886,1.2280612,14,12,8,1120344,40,5,50,4,20,1453,10,15,44,77
000-000-213,1,1,,0,46,326,2.431,2.179,2.454,2.292,2.509,2.979,2.433,2.745,2.585,2.541,2.718,2.352,2.869,2.248,2.068,2.873,2.227,2.652,2.064,2.309,2.588,2.283,2.333,2.913,2.378,2.19,2.051,2.138,2.017,2.284,2.149,2.973,2.898,2.698,2.256,2.279,2.969,2.133,2.561,2.244,2.787,2.016,2.888,2.832,2.943,2.245,2.237,2.023,2.437,2.646,2.912,2.922,2.749,2.985,2.969,2.662,2.648,2.697,2.242,2.042,2.824,2.832,2.266,2.959,2.542,2.592,2.426,2.227,2.481,1027246,1092754,2.332,910774,1090842,2.406,2.268,2.627,2.686,2.825,2.642,2.247,2.46,2.106,2.118,2.507,2.251,2.702,2.087,2.243,2.894,2.187,2.467,2.232,2.08,2.654,2.248,2.859,2.358,2.808,2.538,2.457,2.115,2.688,2.082,2.901,2.333,2.862,2.452,2.703,2.761,2.751,2.789,2.881,2.117,2.924,2.94,2.044,2.046,2.792,2.865,2.11,2.329,2.229,2.948,2.606,2.13,2.385,2.611,2.461,2.574,2.409,2.351,2.988,2.121,2.928,2.164,2.362,2.855,2.666,2.408,2.469,2.363,2.489,2.8,2.061,2.051,2.933,2.008,2.995,1179942,934007,000-000-213,2.977,2.819,2.137,2.876,2.513,2.433,2.851,2.268,2.657,2.443,2.975,2.605,2.364,2.285,2.478,2.044,2.028,2.46,2.858,2.772,2.706,2.612,2.03,2.838,2.28,2.56,2.412,2.332,2.057,2.953,2.207,2.705,2.84,2.167,2.441,2.203,2.798,2.127,2.089,2.731,2.984,2.29,2.127,2.468,2.764,2.824,2.755,2.874,2.705,2.996,2.903,2.386,3,2.095,2.266,2.915,2.648,2.175,2.781,2.786,2.284,2.462,2.582,2.299,2.31,2.189,2.322,2.302,2.435,2.56,2.048,2.33,2.774,2.039,2.373,974980,903476,000-000-213,12828,884,13645,46977,5908,1008,3921,1091,1588,1589,12959,3886,1338,1819,384,2812,29,611,10539,472,14766,42841,4186,1916,3840,1150,4436.8,2109,208,2802,9,624,0,711,0,0,0,0,0,229,205,283,245,728,578,926187,701175,176524,162381,311768,119967,120085,329017,30719,498139,790048,811357,1388471,0.453642,1.5681553,15,21,21,1075393,20,4,67,4,12,1211,9,32,38,45
000-000-056,0,0,42,2,34,394,2.432,2.953,2.082,2.929,2.921,2.604,2.436,2.864,2.057,2.866,2.28,2.958,2.753,2.456,2.278,2.991,2.022,2.644,2.411,2.212,2.759,2.17,2.607,2.786,2.9,2.74,2.945,2.603,2.824,2.529,2.908,2.438,2.955,2.894,2.045,2.601,2.646,2.84,2.162,2.993,2.13,2.975,2.789,2.73,2.99,2.557,2.558,2.64,2.307,2.738,2.411,2.745,2.86,2.203,2.583,2.429,2.126,2.529,2.139,2.486,2.29,2.081,2.333,2.896,2.905,2.205,2.763,2.472,2.958,970507,909756,2.475,1100707,1125782,2.302,2.32,2.675,2.184,2.915,2.135,2.79,2.069,2.303,2.333,2.674,2.665,2.176,2.877,2.563,2.318,2.483,2.969,2.939,2.502,2.272,2.457,2.929,2.726,2.247,2.998,2.46,2.048,2.245,2.837,2.523,2.743,2.477,2.531,2.399,2.437,2.927,2.787,2.267,2.731,2.201,2.437,2.924,2.881,2.523,2.947,2.981,2.092,2.366,2.223,2.104,2.65,2.421,2.283,2.386,2.996,2.603,2.68,2.272,2.731,2.026,2.54,2.983,2.75,2.998,2.223,2.795,2.31,2.698,2.703,2.404,2.842,2.842,2.478,2.295,1180839,1028231,000-000-056,2.008,2.124,2.122,2.405,2.696,2.924,2.151,2.731,2.523,2.296,2.006,2.581,2.199,2.859,2.342,2.161,2.134,2.946,2.756,2.561,2.585,2.811,2.649,2.946,2.202,2.893,2.653,2.341,2.787,2.542,2.605,2.694,2.903,2.238,2.37,2.913,2.66,2.58,2.612,2.985,2.155,2.829,2.041,2.352,2.919,2.129,2.39,2.904,2.347,2.056,2.505,2.388,2.385,2.728,2.925,2.878,2.887,2.935,2.711,2.157,2.837,2.641,2.411,2.563,2.97,2.515,2.128,2.441,2.048,2.847,2.114,2.325,2.232,2.552,2.449,1175510,1014293,000-000-056,11651,731,11212,45347,4442,1102,2851,1204,1539,1234,17008,3480,1833,1668,154,2422,12,592,13167,1038,14732,45099,5946,1155,2248,1470,4264.5,2222,211,2422,3,561,0,1380,0,0,0,0,0,222,551,751,265,397,388,815462,790033,180033,193602,327282,187491,163283,300166,32153,440374,844618,730007,1352756,0.2651201,1.7822146,17,8,15,1096153,22,3,55,3,19,1213,7,13,41,75
000-000-135,3,1,42,2,62,395,2.165,2.354,2.029,2.045,2.555,2.502,2.269,2.813,2.806,2.166,2.87,2.643,2.401,2.592,2.183,2.787,2.745,2.603,2.675,2.146,2.351,2.521,2.622,2.836,2.016,2.042,2.557,2.294,2.406,2.171,2.504,2.291,2.205,2.377,2.306,2.557,2.133,2.176,2.672,2.173,2.349,2.765,2.078,2.916,2.248,2.194,2.753,2.69,2.446,2.062,2.029,2.159,2.049,2.969,2.809,2.876,2.972,2.899,2.887,2.984,2.553,2.961,2.221,2.367,2.688,2.936,2.771,2.892,2.251,1154795,1006292,2.439,1057044,967668,2.894,2.041,2.235,2.783,2.948,2.462,2.817,2.023,2.604,2.72,2.821,2.042,2.296,2.186,2.873,2.574,2.436,2.725,2.939,2.856,2.486,2.677,2.083,2.602,3,2.315,2.039,2.298,2.603,2.028,2.535,2.883,2.408,2.591,2.908,2.942,2.51,2.289,2.509,2.442,2.293,2.935,2.659,2.825,2.963,2.213,2.431,2.598,2.701,2.295,2.186,2.22,2.346,2.249,2.445,2.462,2.177,2.668,2.306,2.92,2.881,2.935,2.345,2.52,2.03,2.134,2.203,2.437,2.23,2.607,2.248,2.281,2.298,2.38,2.522,1181162,980691,000-000-135,2.245,2.951,2.955,2.8,2.628,2.177,2.334,2.597,2.324,2.648,2.66,2.979,2.992,2.652,2.945,2.023,2.952,2.429,2.916,2.414,2.287,2.069,2.793,2.099,2.632,2.53,2.534,2.589,2.242,2.918,2.621,2.703,2.03,2.931,2.712,2.178,2.068,2.969,2.132,2.085,2.489,2.968,2.097,2.386,2.402,2.066,2.694,2.486,2.621,2.269,2.409,2.236,2.388,2.955,2.564,2.576,2.584,2.82,2.412,2.445,2.23,2.982,2.618,2.762,2.921,2.562,2.525,2.749,2.249,2.178,2.089,2.243,2.591,2.147,2.171,1005177,1090608,000-000-135,10163,494,11432,42225,5283,1203,2156,1167,1625,1124,13943,3133,1034,1952,108,2168,25,695,10542,318,10771,40801,4220,1613,2266,1426,4110.5,2568,270,2379,18,852,0,553,0,0,0,0,0,580,866,717,442,397,785,842184,771600,136185,108801,304861,187205,134473,368029,34268,476234,756535,719040,1333731,0.2973367,1.6522472,17,12,12,1066482,38,4,51,4,18,1092,12,21,35,47
000-000-165,1,1,,0,41,396,2.973,2.867,2.513,2.618,2.402,2.668,2.224,2.899,2.934,2.585,2.574,2.225,2.283,2.977,2.109,2.662,2.804,2.309,2.246,2.673,2.475,2.582,2.962,2.053,2.091,2.827,2.691,2.223,2.546,2.851,2.917,2.689,2.174,2.648,2.574,2.101,2.537,2.384,2.559,2.043,2.011,2.599,2.199,2.321,2.246,2.409,2.283,2.375,2.286,2.794,2.88,2.589,2.628,2.706,2.315,2.795,2.775,2.195,2.389,2.53,2.694,2.676,2.347,2.813,2.822,2.215,2.724,2.639,2.801,1054754,1174752,2.176,1199655,909632,2.138,2.403,2.984,2.502,2.996,2.163,2.224,2.077,2.801,2.098,2.206,2.848,2.19,2.165,2.342,2.097,2.539,2.103,2.123,2.158,2.502,2.904,2.099,2.05,2.928,2.622,2.415,2.668,2.96,2.328,2.72,2.344,2.618,2.845,2.028,2.874,2.267,2.205,2.552,2.585,2.734,2.142,2.491,2.241,2.222,2.26,2.324,2.711,2.783,2.232,2.074,2.589,2.959,2.884,2.544,2.554,2.408,2.189,2.708,2.442,2.832,2.597,2.266,2.168,2.638,2.523,2.945,2.25,2.443,2.372,2.481,2.446,2.027,2.855,2.656,1183985,1066881,000-000-165,2.883,2.018,2.351,2.479,2.558,2.982,2.109,2.573,2.486,2.526,2.446,2.175,2.766,2.741,2.65,2.644,2.285,2.168,2.784,2.128,2.35,2.931,2.189,2.622,2.848,2.036,2.227,2.524,2.083,2.591,2.966,2.994,2.062,2.03,2.413,2.538,2.734,2.022,2.94,2.736,2.893,2.206,2.601,2.315,2.322,2.888,2.186,2.257,2.844,2.771,2.52,2.499,2.5,2.287,2.584,2.987,2.688,2.615,2.51,2.504,2.978,2.787,2.904,2.17,2.249,2.692,2.341,2.397,2.223,2.729,2.347,2.433,2.478,2.946,2.128,951257,1107059,000-000-165,14222,918,13551,45249,4956,1000,2409,1222,1643,1613,18442,3460,1128,1290,313,2695,20,658,13634,570,12422,41495,5029,1472,2800,1633,4172.2,2765,298,3337,9,977,0,945,0,0,0,0,0,868,713,239,568,609,480,808275,995407,142581,150038,318042,125180,139328,321634,39249,475375,763456,848758,1275558,0.3851302,1.97776,22,19,17,1088013,44,5,56,3,7,1156,9,36,41,90
000-000-070,2,0,42,2,38,347,2.886,2.338,2.499,2.348,2.649,2.663,2.417,2.822,2.47,2.811,2.796,2.43,2.519,2.103,2.852,2.059,2.207,2.856,2.754,2.108,2.279,2.085,2.409,2.809,2.96,2.521,2.363,2.725,2.803,2.394,2.457,2.437,2.169,2.538,2.521,2.936,2.322,2.328,2.578,2.141,2.949,2.888,2.553,2.254,2.479,2.669,2.509,2.936,2.932,2.918,2.614,2.013,2.909,2.714,2.939,2.913,2.07,2.328,2.425,2.09,2.545,2.443,2.769,2.048,2.695,2.612,2.593,2.11,2.098,1161001,999687,2.002,1061335,1198214,2.015,2.359,2.145,2.037,2.297,2.248,2.953,2.458,2.477,2.415,2.713,2.366,2.887,2.56,2.356,2.89,2.082,2.987,2.741,2.007,2.297,2.273,2.364,2.682,2.257,2.159,2.34,2.947,2.558,2.306,2.708,2.579,2.537,2.893,2.87,2.89,2.756,2.912,2.675,2.808,2.899,2.16,2.234,2.761,2.951,2.304,2.642,2.335,2.003,2.031,2.124,2.891,2.463,2.619,2.004,2.257,2.293,2.349,2.522,2.902,2.271,2.458,2.697,2.008,2.731,2.987,2.472,2.157,2.929,2.955,2.623,2.203,2.297,2.946,2.181,1187566,903839,000-000-070,2.006,2.535,2.532,2.833,2.376,2.211,2.354,2.061,2.228,2.262,2.306,2.677,2.159,2.555,2.49,2.926,2.582,2.077,2.443,2.15,2.794,2.772,2.046,2.112,2.332,2.672,2.788,2.618,2.613,2.963,2.122,2.023,2.387,2.1,2.161,2.432,2.598,2.766,2.662,2.194,2.711,2.82,2.837,2.863,2.038,2.473,2.933,2.613,2.358,2.654,2.623,2.076,2.668,2.066,2.971,2.344,2.67,2.103,2.088,2.152,2.379,2.791,2.368,2.024,2.29,2.781,2.805,2.112,2.275,2.837,2.88,2.995,2.758,2.482,2.983,999374,1133936,000-000-070,14445,605,14140,46768,5195,1405,2744,1925,1808,1784,14817,3848,1417,1331,353,2729,35,926,14797,330,11562,42662,4953,1221,3608,1308,3865.2,2079,399,3135,8,847,1,1774,0,0,0,0,0,950,362,654,812,353,244,792721,785036,178058,183000,331253,180914,181289,362736,30002,479898,789343,714364,1409718,0.0891718,1.2322072,17,12,14,1114527,28,5,52,4,7,1360,13,28,40,60
000-000-068,0,0,,0,35,398,2.679,2.727,2.772,2.799,2.091,2.991,2.961,2.262,2.885,2.073,2.41,2.815,2.088,2.535,2.594,2.02,2.703,2.597,2.806,2.939,2.761,2.972,2.615,2.393,2.209,2.915,2.877,2.523,2.244,2.634,2.973,2.037,2.016,2.311,2.926,2.763,2.501,2.761,2.898,2.49,2.167,2.191,2.558,2.374,2.668,2.497,2.187,2.245,2.624,2.035,2.902,2.607,2.293,2.504,2.848,2.106,2.314,2.668,2.528,2.571,2.317,2.664,2.051,2.178,2.515,2.681,2.733,2.903,2.367,938262,957777,2.26,1139719,1114267,2.909,2.251,2.854,2.413,2.626,2.584,2.174,2.872,2.977,2.443,2.076,2.398,2.106,2.782,2.118,2.105,2.039,2.189,2.702,2.827,2.036,2.448,2.853,2.537,2.921,2.723,2.561,2.017,2.689,2.321,2.383,2.762,2.006,2.642,2.384,2.483,2.999,2.28,2.401,2.314,2.275,2.118,2.421,2.319,2.304,2.079,2.592,2.142,2.374,2.671,2.333,2.58,2.909,2.679,2.363,2.992,2.812,2.589,2.768,2.345,2.491,2.967,2.42,2.682,2.4,2.507,2.565,2.358,2.94,2.71,2.007,2.442,2.653,2.99,2.549,1189154,938559,000-000-068,2.495,2.662,2.568,2.766,2.103,2.574,2.513,2.149,2.388,2.028,2.932,2.437,2.372,2.728,2.543,2.811,2.474,2.999,2.862,2.605,2.05,2.412,2.966,2.553,2.003,2.75,2.959,2.738,2.468,2.07,2.679,2.656,2.894,2.473,2.445,2.107,2.289,2.901,2.384,2.156,2.965,2.602,2.51,2.293,2.794,2.823,2.695,2.391,2.096,2.772,2.468,2.755,2.362,2.896,2.011,2.136,2.293,2.214,2.404,2.221,2.494,2.631,2.984,2.574,2.892,2.989,2.353,2.665,2.935,2.543,2.917,2.817,2.712,2.893,2.231,1034378,1160246,000-000-068,14323,565,14042,46438,4102,1363,3746,1198,1025,1131,18507,3467,1763,1287,415,2843,33,774,11102,862,11074,49188,4097,1920,3554,1535,5025.5,2412,238,3114,16,817,0,1153,0,0,0,0,0,641,909,844,354,427,737,945382,900895,132786,120259,386537,157369,185967,320952,39567,446940,725691,840552,1397184,0.8860417,1.6295309,8,8,16,1063692,21,3,37,5,6,1276,7,36,42,57
000-000-164,0,1,42,2,47,347,2.541,2.215,2.428,2.624,2.894,2.974,2.732,2.022,2.149,2.588,2.536,2.381,2.648,2.353,2.222,2.532,2.23,2.747,2.788,2.993,2.938,2.603,2.337,2.678,2.565,2.163,2.658,2.564,2.828,2.822,2.68,2.228,2.856,2.809,2.884,2.671,2.837,2.737,2.738,2.419,2.264,2.132,2.28,2.15,2.963,2.071,2.387,2.555,2.235,2.015,2.521,2.285,2.384,2.771,2.956,2.647,2.556,2.375,2.997,2.634,2.017,2.006,2.37,2.05,2.354,2.777,2.973,2.555,2.048,1021210,1196683,2.643,980652,1140078,2.302,2.874,2.816,2.981,2.106,2.23,2.787,2.96,2.746,2.167,2.151,2.156,2.088,2.502,2.987,2.651,2.806,2.055,2.162,2.199,2.349,2.89,2.792,2.878,2.323,2.022,2.524,2.456,2.306,2.854,2.649,2.471,2.281,2.735,2.25,2.296,2.256,2.863,2.811,2.563,2.58,2.642,2.265,2.044,2.105,2.097,2.481,2.658,2.35,2.583,2.15,2.159,2.975,2.05,2.574,2.213,2.025,2.511,2.717,2.444,2.849,2.039,2.967,2.078,2.703,2.585,2.925,2.807,2.29,2.075,2.603,2.752,2.196,2.954,2.997,1192796,1011526,000-000-164,2.789,2.702,2.483,2.206,2.649,2.062,2.243,2.62,2.966,2.709,2.09,2.426,2.073,2.142,2.993,2.365,2.214,2.218,2.198,2.365,2.894,2.24,2.436,2.586,2.124,2.141,2.806,2.198,2.097,2.121,2.836,2.521,2.08,2.848,2.525,2.172,2.887,2.538,2.384,2.321,2.323,2.509,2.659,2.689,2.362,2.368,2.686,2.388,2.635,2.479,2.824,2.396,2.746,2.094,2.185,2.061,2.61,2.533,2.195,2.442,2.272,2.526,2.651,2.175,2.722,2.505,2.028,2.85,2.658,2.66,2.036,2.449,2.229,2.724,2.596,1076799,919706,000-000-164,10790,1093,11780,42477,4138,1498,2052,1864,1182,1454,10878,3759,1251,1865,101,2412,22,589,11921,1071,14006,42876,4071,1927,2855,1641,5061.2,2855,298,2390,16,825,0,653,0,0,0,0,0,477,835,334,855,248,274,702775,717722,135161,146440,390480,178233,147590,376526,33180,455518,776734,867854,1204528,0.9719125,1.3760819,9,22,22,1016340,6,3,42,4,17,1115,11,31,23,54
000-000-128,0,1,42,2,44,334,2.947,2.368,2.316,2.214,2.588,2.88,2.132,2.757,2.59,2.59,2.835,2.008,2.232,2.863,2.545,2.885,2.144,2.617,2.776,2.138,2.628,2.057,2.94,2.872,2.677,2.628,2.392,2.42,2.889,2.43,2.139,2.715,2.493,2.758,2.245,2.366,2.878,2.326,2.21,2.483,2.488,2.323,2.507,2.458,2.448,2.141,2.16,2.927,2.635,2.709,2.783,2.481,2.814,2.804,2.832,2.982,2.892,2.514,2.402,2.622,2.499,2.446,2.573,2.475,2.951,2.206,2.702,2.99,2.453,1005381,1042134,2.729,1031788,913754,2.139,2.496,2.322,2.515,2.604,2.454,2.996,2.386,2.852,2.332,2.638,2.347,2.916,2.384,2.275,2.815,2.792,2.594,2.584,2.561,2.735,2.575,2.494,2.324,2.012,2.509,2.032,2.155,2.323,2.801,2.039,2.515,2.928,2.896,2.997,2.06,2.592,2.445,2.496,2.053,2.217,2.4,2.928,2.454,2.238,2.478,2.12,2.168,2.405,2.235,2.149,2.247,2.567,2.842,2.62,2.396,2.12,2.698,2.651,2.039,2.82,2.261,2.783,2.874,2.415,2.299,2.974,2.004,2.94,2.476,2.974,2.216,2.609,2.23,2.75,1194256,1164110,000-000-128,2.845,2.366,2.293,2.639,2.453,2.421,2.154,2.457,2.357,2.391,2.645,2.467,2.109,2.514,2.873,2.315,2.44,2.645,2.681,2.414,2.36,2.204,2.158,2.308,2.379,2.622,2.062,2.757,2.382,2.496,2.282,2.609,2.089,2.237,2.666,2.321,2.282,2.651,2.339,2.002,2.474,2.867,2.27,2.837,2.714,2.639,2.602,2.769,2.626,2.72,2.74,2.376,2.319,2.48,2.506,2.548,2.648,2.699,2.187,2.318,2.099,2.548,2.748,2.508,2.491,2.539,2.184,2.741,2.865,2.566,2.518,2.27,2.939,2.737,2.65,971912,943690,000-000-128,10086,719,11160,44992,5429,1119,3342,1204,1904,1888,10815,3039,1689,1092,487,2433,43,765,10067,784,12003,48055,4016,1840,2992,1520,3956.6,2385,265,2133,6,691,0,1437,0,0,0,0,0,883,923,738,384,612,416,810345,737278,103298,158834,375540,174266,158338,307902,31749,487885,895662,871044,1368203,0.6656367,1.8636986,17,18,18,1056202,22,4,64,3,16,1449,9,49,25,98
000-000-027,3,0,,0,51,321,2.568,2.34,2.216,2.308,2.198,2.749,2.115,2.282,2.19,2.211,2.919,2.622,2.008,2.06,2.106,2.608,2.941,2.23,2.969,2.452,2.447,2.186,2.15,2.108,2.089,2.47,2.79,2.879,2.488,2.358,2.052,2.964,2.92,2.855,2.962,2.361,2.582,2.192,2.102,2.284,2.104,2.475,2.841,2.785,2.955,2.74,2.52,2.073,2.256,2.627,2.243,2.443,2.705,2.264,2.482,2.362,2.056,2.508,2.154,2.233,2.718,2.963,2.089,2.004,2.17,2.315,2.912,2.768,2.27,995852,986110,2.452,910398,1179411,2.236,2.302,2.15,2.74,2.626,2.432,2.798,2.977,2.034,2.599,2.666,2.086,2.61,2.523,2.405,2.574,2.912,2.339,2.213,2.412,2.635,2.322,2.322,2.127,2.962,2.102,2.195,2.841,2.751,2.456,2.861,2.028,2.565,2.572,2.902,2.198,2.413,2.5,2.192,2.362,2.441,2.178,2.47,2.662,2.037,2.442,2.185,2.114,2.183,2.732,2.39,2.465,2.179,2.577,2.6,2.906,2.323,2.723,2.131,2.192,2.319,2.135,2.792,2.261,2.503,2.544,2.932,2.779,2.947,2.757,2.918,2.369,2.092,2.302,2.239,1195642,1005129,000-000-027,2.619,2.949,2.055,2.361,2.58,2.187,2.519,2.033,2.609,2.413,2.278,2.201,2.349,2.181,2.494,2.416,2.983,2.118,2.755,2.054,2.17,2.531,2.718,2.258,2.966,2.556,2.872,2.307,2.232,2.199,2.626,2.92,2.561,2.495,2.115,2.253,2.71,2.809,2.695,2.295,2.981,2.098,2.839,2.966,2.195,2.852,2.466,2.353,2.67,2.961,2.595,2.795,2.379,2.727,2.182,2.754,2.572,2.355,2.688,2.042,2.405,2.725,2.623,2.642,2.108,2.757,2.039,2.18,2.388,2.718,2.651,2.421,2.929,2.692,2.395,1039303,1066018,000-000-027,12379,492,11899,40693,4920,1323,3632,1063,1497,1249,17241,3630,1018,1988,256,2411,18,503,13504,771,10608,43816,5640,1461,2718,1212,4707.4,2058,359,3863,6,748,0,1019,0,0,0,0,0,842,784,965,889,262,984,800744,989620,199936,198083,382540,181382,101274,325995,33574,409283,781461,813143,1425642,0.4136098,1.6872846,12,11,22,1126445,40,3,43,3,12,1159,12,50,43,74
000-000-134,2,1,42,2,23,318,2.211,2.91,2.905,2.729,2.443,2.746,2.283,2.89,2.696,2.899,2.221,2.961,2.201,2.372,2.757,2.011,2.193,2.033,2.226,2.63,2.938,2.124,2.366,2.792,2.676,2.068,2.479,2.693,2.724,2.517,2.264,2.801,2.599,2.695,2.02,2.542,2.568,2.184,2.95,2.814,2.917,2.599,2.723,2.712,2.488,2.627,2.004,2.238,2.491,2.297,2.456,2.406,2.953,2.926,2.855,2.135,2.088,2.572,2.369,2.072,2.937,2.806,2.628,2.524,2.515,2.285,2.762,2.455,2.897,1040697,1050905,2.303,1065839,1014522,2.024,2.335,2.486,2.875,2.924,2.284,2.839,2.254,2.486,2.465,2.737,2.42,2.357,2.071,2.531,2.81,2.429,2.952,2.115,2.762,2.683,2.06,2.167,2.572,2.5,2.218,2.175,2.999,2.978,2.773,2.434,2.032,2.306,2.582,2.24,2.902,2.081,2.452,2.053,2.272,2.792,2.476,2.602,2.144,2.842,2.973,2.981,2.426,2.895,2.791,2.394,2.38,2.357,2.042,2.576,2.694,2.042,2.04,2.163,2.785,2.325,2.969,2.259,2.148,2.921,2.57,2.219,2.749,2.289,2.406,2.77,2.874,2.443,2.198,2.895,1195849,1015645,000-000-134,2.971,2.264,2.19,2.498,2.678,2.691,2.121,2.946,2.127,2.938,2.047,2.516,2.346,2.324,2.12,2.757,2.54,2.754,2.878,2.197,2.5,2.368,2.548,2.352,2.036,2.318,2.98,2.984,2.002,2.884,2.289,2.797,2.85,2.953,2.031,2.17,2.276,2.189,2.573,2.435,2.447,2.501,2.752,2.809,2.131,2.241,2.5,2.965,2.238,2.171,2.869,2.597,2.576,2.512,2.568,2.861,2.88,2.851,2.009,2.648,2.745,2.659,2.333,2.705,2.364,2.406,2.208,2.89,2.123,2.784,2.367,2.381,2.922,2.6,2.982,1061864,1071472,000-000-134,11657,426,11896,40399,5502,1966,2576,1401,1791,1270,14266,3494,1816,1874,240,2922,40,950,13725,530,12446,45123,5831,1781,2084,1153,4229,2235,352,2908,6,948,0,1044,0,0,0,0,0,650,870,695,433,352,575,834798,753049,184706,141986,341703,151420,169013,358084,39027,449642,820782,899631,1436186,0.1853665,1.5878667,11,17,11,1140649,46,4,58,3,17,1423,9,27,33,67
000-000-038,2,0,,0,55,369,2.064,2.085,2.403,2.171,2.889,2.191,2.456,2.829,2.839,2.137,2.158,2.527,2.37,2.886,2.13,2.034,2.276,2.497,2.388,2.823,2,2.114,2.403,2.804,2.648,2.19,2.449,2.912,2.916,2.749,2.277,2.337,2.036,2.756,2.554,2.166,2.461,2.862,2.251,2.888,2.678,2.248,2.141,2.237,2.13,2.232,2.557,2.309,2.613,2.817,2.998,2.048,2.227,2.512,2.082,2.069,2.813,2.928,2.007,2.288,2.912,2.3,2.163,2.499,2.825,2.609,2.898,2.213,2.269,1173312,1091044,2.159,1128649,1071734,2.492,2.885,2.167,2.94,2.151,2.085,2.628,2.304,2.824,2.835,2.062,2.925,2.041,2.785,2.508,2.629,2.084,2.2,2.874,2.126,2.992,2.562,2.856,2.224,2.574,2.614,2.977,2.989,2.121,2.376,2.265,2.747,2.706,2.636,2.849,2.086,2.308,2.529,2.64,2.01,2.779,2.51,2.504,2.557,2.561,2.567,2.498,2.22,2.706,2.918,2.824,2.632,2.68,2.942,2.822,2.597,2.72,2.932,2.246,2.936,2.726,2.145,2.752,2.334,2.556,2.77,2.494,2.168,2.428,2.633,2.435,2.4,2.137,2.515,2.13,1197936,1028120,000-000-038,2.837,2.275,2.285,2.429,2.481,2.329,2.585,2.841,2.639,2.476,2.581,2.606,2.794,2.102,2.207,2.458,2.07,2.271,2.668,2.426,2.621,2.758,2.34,2.485,2.182,2.03,2.876,2.521,2.034,2.452,2.171,2.084,2.269,2.566,2.21,2.865,2.35,2.371,2.958,2.267,2.881,2.912,2.719,2.971,2.056,2.212,2.323,2.83,2.483,2.73,2.828,2.46,2.665,2.407,2.022,2.714,2.921,2.27,2.479,2.731,2.525,2.575,2.44,2.078,2.23,2.041,2.704,2.452,2.662,2.332,2.172,2.742,2.493,2.016,2.779,1100451,1019525,000-000-038,12260,864,12703,47903,4814,1663,3002,1493,1814,1552,10539,3917,1877,1152,495,2826,24,755,10800,332,10758,44084,4065,1265,3092,1852,4733.4,2193,355,3989,11,597,0,1401,0,0,0,0,0,411,433,792,540,562,275,913869,719577,132138,159078,332541,108605,114248,361362,31973,472062,764343,843969,1333715,0.3461129,1.3229556,18,22,16,1113889,15,4,41,5,9,1318,12,40,26,45
000-000-073,1,0,,0,36,307,2.91,2.023,2.714,2.895,2.579,2.734,2.311,2.414,2.851,2.227,2.32,2.609,2.012,2.845,2.923,2.006,2.493,2.281,2.28,2.839,2.62,2.557,2.579,2.392,2.949,2.153,2.246,2.32,2.044,2.04,2.111,2.139,2.809,2.419,2.581,2.621,2.001,2.037,2.074,2.705,2.41,2.394,2.155,2.993,2.388,2.097,2.542,2.367,2.729,2.813,2.542,2.031,2.241,2.773,2.425,2.331,2.989,2.574,2.528,2.947,2.439,2.744,2.818,2.199,2.017,2.634,2.984,2.816,2.828,919954,1027762,2.15,1160913,1001505,2.666,2.991,2.309,2.849,2.818,2.598,2.842,2.222,2.945,2.09,2.183,2.796,2.703,2.802,2.04,2.792,2.895,2.863,2.507,2.568,2.415,2.013,2.019,2.883,2.748,2.617,2.176,2.976,2.601,2.439,2.552,2.478,2.459,2.868,2.773,2.215,2.838,2.116,2.078,2.994,2.042,2.846,2.548,2.396,2.788,2.818,2.092,2.055,2.767,2.035,2.978,2.638,2.66,2.284,2.423,2.72,2.121,2.098,2.899,2.414,2.982,2.522,2.915,2.013,2.892,2.437,2.457,2.181,2.587,2.222,2.24,2.123,2.806,2.246,2.379,1203763,983253,000-000-073,2.376,2.695,2.628,2.55,2.852,2.6,2.34,2.439,2.708,2.896,2.425,2.501,2.311,2.226,2.766,2.353,2.157,3,2.114,2.521,2.045,2.787,2.733,2.525,2.749,2.494,2.597,2.822,2.417,2.653,2.487,2.938,2.416,2.992,2.294,2.268,2.967,2.899,2.65,2.595,2.6,2.167,2.784,2.943,2.13,2.173,2.213,2.601,2.77,2.29,2.145,2.644,2.253,2.595,2.61,2.022,2.82,2.1,2.764,2.434,2.942,2.964,2.555,2.446,2.961,2.291,2.787,2.21,2.274,2.893,2.378,2.347,2.349,2.901,2.686,1074478,912698,000-000-073,11900,898,13740,41476,4854,1606,3412,1439,1856,1347,13674,3469,1982,1449,204,2986,27,730,14971,1079,13949,44344,5084,1922,3229,1220,3988.7,2902,223,3868,9,510,0,551,0,0,0,0,0,470,386,779,464,786,992,772296,703242,183625,107179,375555,109178,132327,319724,34857,437207,888951,736885,1288788,0.5989151,1.4272727,13,12,22,1059115,43,4,24,5,15,1089,13,38,24,98
000-000-085,1,0,,0,55,360,2.152,2.149,2.431,2.08,2.857,2.084,2.364,2.893,2.628,2.369,2.924,2.233,2.289,2.313,2.566,2.509,2.697,2.502,2.021,2.161,2.226,2.991,2.43,2.049,2.378,2.916,2.033,2.711,2.997,2.303,2.228,2.955,2.233,2.028,2.249,2.038,2.262,2.559,2.45,2.768,2.412,2.211,2.862,2.352,2.922,2.302,2.637,2.646,2.534,2.911,2.422,2.272,2.677,2.228,2.57,2.978,2.28,2.861,2.08,2.323,2.204,2.018,2.533,2.032,2.203,2.782,2.6,2.752,2.784,1090284,1072489,2.485,979787,932567,2.512,2.515,2.372,2.974,2.213,2.246,2.516,2.915,2.934,2.229,2.507,2.72,2.76,2.968,2.148,2.896,2.147,2.145,2.313,2.067,2.169,2.192,2.223,2.04,2.727,2.721,2.148,2.528,2.588,2.983,2.749,2.891,2.244,2.416,2.472,2.877,2.141,2.883,2.768,2.8,2.179,2.696,2.206,2.808,2.032,2.31,2.308,2.388,2.198,2.068,2.702,2.377,2.18,2.862,2.997,2.884,2.107,2.541,2.042,2.18,2.053,2.693,2.39,2.523,2.312,2.195,2.53,2.863,2.77,2.108,2.851,2.486,2.353,2.833,2.778,1210043,1117949,000-000-085,2.425,2.97,2.027,2.934,2.625,2.53,2.14,2.668,2.513,2.545,2.484,2.54,2.901,2.99,2.108,2.826,2.344,2.752,2.702,2.272,2.616,2.895,2.87,2.826,2.847,2.819,2.527,2.103,2.706,2.539,2.945,2.708,2.4,2.246,2.832,2.2,2.124,2,2.023,2.68,2.163,2.644,2.967,2.231,2.176,2.057,2.247,2.183,2.748,2.86,2.385,2.388,2.942,2.166,2.896,2.394,2.724,2.001,2.854,2.096,2.429,2.7,2.382,2.022,2.655,2.037,2.294,2.711,2.432,2.504,2.669,2.544,2.164,2.691,2.91,976512,1176295,000-000-085,12884,968,12145,48856,4113,1483,3369,1803,1396,1254,11615,3946,1778,1241,183,2969,35,683,11843,743,14205,40122,4250,1696,2607,1203,4579.5,2754,237,3413,4,984,0,1980,0,0,0,0,0,476,596,994,716,619,237,704676,923012,175840,141852,382137,126312,175207,343395,32938,418728,777611,803142,1429307,0.1684147,1.1355958,14,11,19,1195006,16,4,63,4,13,1310,9,15,20,51
000-000-026,2,0,,0,62,317,2.097,2.977,2.845,2.934,2.75,2.609,2.202,2.584,2.081,2.411,2.61,2.64,2.567,2.136,2.458,2.608,2.16,2.04,2.901,2.759,2.351,2.918,2.541,2.821,2.925,2.597,2.59,2.099,2.882,2.577,2.969,2.435,2.958,2.818,2.784,2.866,2.926,2.026,2.858,2.773,2.501,2.931,2.601,2.785,2.069,2.827,2.262,2.906,2.094,2.613,2.399,2.527,2.371,2.773,2.812,2.732,2.371,2.755,2.895,2.253,2.495,2.789,2.385,2.87,2.914,2.749,2.228,2.67,2.914,1163568,929676,2.681,974610,920895,2.008,2.173,2.919,2.36,2.829,2.901,2.608,2.943,2.462,2.442,2.547,2.838,2.836,2.4,2.932,2.826,2.52,2.863,2.752,2.097,2.952,2.813,2.183,2.713,2.452,2.943,2.069,2.429,2.281,2.411,2.474,2.751,2.915,2.715,2.75,2.429,2.625,2.846,2.187,2.324,2.941,2.871,2.752,2.458,2.424,2.65,2.074,2.12,2.44,2.297,2.469,2.669,2.198,2.758,2.447,2.061,2.758,2.875,2.135,2.44,2.597,2.109,2.797,2.57,2.031,2.891,2.222,2.096,2.074,2.703,2.545,2.869,2.023,2.72,2.483,1211803,1087144,000-000-026,2.403,2.023,2.748,2.521,2.824,2.267,2.651,2.294,2.718,2.763,2.716,2.141,2.114,2.729,2.021,2.952,2.389,2.223,2.375,2.226,2.272,2.273,2.422,2.98,2.092,2.217,2.587,2.233,2.542,2.101,2.78,2.954,2.311,2.985,2.78,2.916,2.32,2.637,2.429,2.295,2.266,2.546,2.498,2.833,2.365,2.824,2.797,2.41,2.587,2.682,2.633,2.761,2.345,2.641,2.406,2.395,2.389,2.857,2.053,2.404,2.052,2.061,2.848,2.907,2.437,2.852,2.016,2.062,2.184,2.113,2.033,2.453,2.747,2.297,2.813,931652,927877,000-000-026,10873,685,10480,47055,4844,1587,3965,1454,1791,1913,16887,3539,1047,1095,171,2935,21,507,12055,863,13948,44956,4267,1579,2215,1498,4355.7,2797,277,2144,17,890,0,1456,0,0,0,0,0,400,641,663,409,791,863,871477,991849,137630,171194,362350,164478,105935,329996,35774,459992,775750,790821,1264324,0.4250276,1.6660966,17,9,18,1050411,41,4,38,4,13,1226,8,43,25,90
000-000-185,1,1,,0,23,350,2.53,2.356,2.181,2.008,2.992,2.967,2.801,2.063,2.72,2.701,2.417,2.564,2.093,2.589,2.53,2.107,2.435,2.71,2.791,2.538,2.38,2.64,2.133,2.473,2.665,2.565,2.219,2.2,2.865,2.631,2.369,2.33,2.693,2.392,2.505,2.229,2.887,2.507,2.914,2.912,2.003,2.96,2.397,2.021,2.5,2.542,2.587,2.632,2.572,2.44,2.31,2.932,2.803,2.729,2.987,2.314,2.462,2.75,2.856,2.546,2.894,2.5,2.688,2.244,2.415,2.669,2.748,2.239,2.204,1182827,943653,2.11,1044991,1142189,2.162,2.596,2.983,2.861,2.699,2.244,2.542,2.723,2.257,2.234,2.796,2.944,2.826,2.843,2.606,2.197,2.095,2.065,2.012,2.627,2.612,2.534,2.94,2.32,2.121,2.099,2.46,2.254,2.747,2.357,2.104,2.024,2.454,2.868,2.685,2.425,2.364,2.568,2.43,2.638,2.097,2.368,2.84,2.035,2.283,2.121,2.041,2.934,2.38,2.36,2.948,2.407,2.26,2.686,2.029,2.901,2,2.933,2.45,2.094,2.973,2.762,2.092,2.48,2.434,2.073,2.818,2.237,2.25,2.987,2.123,2.622,2.405,2.477,2.744,1214213,1122729,000-000-185,2.086,2.976,2.661,2.896,2.918,2.763,2.949,2.2,2.3,2.352,2.777,2.197,2.812,2.12,2.937,2.691,2.796,2.582,2.275,2.4,2.474,2.019,2.258,2.401,2.619,2.463,2.6,2.566,2.135,2.052,2.425,2.596,2.321,2.716,2.716,2.541,2.716,2.872,2.821,2.237,2.282,2.093,2.426,2.801,2.561,2.905,2.237,2.236,2.869,2.276,2.19,2.181,2.618,2.283,2.615,2.259,2.149,2.529,2.328,2.488,2.742,2.197,2.972,2.15,2.545,2.433,2.783,2.869,2.789,2.401,2.904,2.939,2.244,2.083,2.151,1197028,938598,000-000-185,12186,833,13932,45651,5831,1238,2342,1977,1371,1876,14759,3905,1554,1804,486,2862,42,907,14550,858,14429,40916,4616,1228,3814,1678,4967.1,2848,281,3062,19,703,0,1918,0,0,0,0,0,381,850,902,777,870,937,856744,933159,167138,111665,362382,150780,147151,347418,34525,484265,781117,739554,1261668,0.9035678,1.4166449,8,9,18,1048521,16,3,36,3,6,1319,9,10,22,59
000-000-219,3,1,,0,23,301,2.998,2.176,2.7,2.783,2.719,2.584,2.676,2.024,2.699,2.024,2.168,2.264,2.082,2.816,2.212,2.033,2.166,2.524,2.075,2.355,2.9,2.924,2.779,2.782,2.2,2.19,2.06,2.095,2.528,2.373,2.552,2.359,2.12,2.505,2.062,2.819,2.033,2.729,2.564,2.868,2.163,2.016,2.186,2.687,2.843,2.45,2.263,2.885,2.279,2.754,2.896,2.172,2.078,2.24,2.733,2.98,2.535,2.21,2.641,2.283,2.82,2.413,2.327,2.919,2.626,2.062,2.649,2.872,2.62,1048560,1083428,2.567,1059917,977901,2.901,2.948,2.238,2.871,2.261,2.126,2.942,2.365,2.253,2.092,2.604,2.854,2.386,2.217,2.863,2.168,2.304,2.043,2.349,2.611,2.976,2.681,2.121,2.856,2.323,2.598,2.756,2.519,2.095,2.959,2.47,2.571,2.591,2.839,2.367,2.174,2.978,2.599,2.875,2.617,2.732,2.807,2.145,2.305,2.473,2.245,2.322,2.388,2.418,2.345,2.586,2.501,2.845,2.215,2.093,2.594,2.42,2.751,2.053,2.909,2.407,2.13,2.089,2.171,2.563,2.627,2.237,2.681,2.603,2.393,2.165,2.853,2.131,2.48,2.824,1217535,1174448,000-000-219,2.4,2.125,2.922,2.158,2.631,2.344,2.965,2.055,2.764,2.98,2.386,2.472,2.866,2.674,2.594,2.058,2.16,2.043,2.394,2.868,2.548,2.084,2.9,2.247,2.648,2.028,2.558,2.44,2.013,2.888,2.385,2.279,2.92,2.657,2.714,2.085,2.742,2.139,2.005,2.523,2.871,2.803,2.049,2.598,2.642,2.36,2.201,2.086,2.621,2.622,2.039,2.483,2.309,2.389,2.93,2.432,2.521,2.04,2.817,2.169,2.508,2.362,2.001,2.911,2.849,2.696,2.268,2.981,2.883,2.144,2.811,2.607,2.951,2.285,2.351,1047146,1119554,000-000-219,11601,774,14186,47677,4370,1487,3637,1436,1810,1803,12726,3257,1360,1631,233,2935,44,841,12201,967,13420,49619,4339,1331,2327,1486,4473,2494,212,3575,7,773,0,1844,0,0,0,0,0,687,516,476,522,469,979,818753,982788,144301,158015,322101,177574,174447,367418,38756,459463,823535,808091,1477497,0.283166,1.4328202,12,12,15,1091749,45,3,39,4,16,1264,8,37,47,78
000-000-207,3,1,,0,43,345,2.321,2.33,2.233,2.546,2.39,2.001,2.001,2.409,2.738,2.843,2.592,2.186,2.494,2.827,2.671,2.62,2.122,2.799,2.543,2.371,2.379,2.704,2.287,2.235,2.083,2.671,2.396,2.478,2.728,2.083,2.805,2.138,2.848,2.528,2.599,2.457,2.543,2.731,2.282,2.015,2.415,2.842,2.062,2.325,2.756,2.3,2.105,2.049,2.917,2.794,2.455,2.424,2.02,2.578,2.707,2.383,2.404,2.409,2.429,2.09,2.632,2.454,2.049,2.218,2.64,2.426,2.243,2.299,2.79,1117602,1145679,2.219,1143639,1197198,2.118,2.585,2.041,2.895,2.628,2.3,2.156,2.036,2.541,2.069,2.608,2.687,2.824,2.741,2.769,2.877,2.788,2.205,2.679,2.558,2.295,2.193,2.96,2.994,2.891,2.661,2.107,2.254,2.333,2.355,2.757,2.884,2.77,2.551,2.102,2.862,2.045,2.039,2.58,2.268,2.623,2.42,2.223,2.53,2.569,2.575,2.167,2.591,2.05,2.508,2.46,2.382,2.027,2.709,2.681,2.303,2.747,2.158,2.832,2.515,2.854,2.716,2.601,2.171,2.523,2.061,2.753,2.748,2.165,2.395,2.38,2.66,2.378,2.365,2.301,1225811,1009861,000-000-207,2.522,2.677,2.03,2.887,2.806,2.969,2.525,2.529,2.548,2.497,2.611,2.431,2.701,2.126,2.905,2.014,2.99,2.728,2.089,2.224,2.066,2.391,2.833,2.923,2.986,2.259,2.537,2.674,2.674,2.261,2.228,2.689,2.693,2.44,2.166,2.457,2.6,2.395,2.713,2.086,2.216,2.604,2.18,2.706,2.81,2.052,2.922,2.773,2.602,2.503,2.125,2.002,2.681,2.507,2.271,2.828,2.065,2.633,2.569,2.775,2.099,2.977,2.779,2.601,2.008,2.203,2.349,2.232,2.884,2.307,2.971,2.061,2.192,2.55,2.924,1046185,1091044,000-000-207,11499,437,10606,45171,5801,1821,2647,1344,1357,1446,11740,3626,1569,1455,215,2708,18,855,12463,652,13300,41458,4428,1659,2254,1791,4752,2223,211,2563,7,704,0,937,0,0,0,0,0,948,703,381,563,217,970,701530,712456,116888,190111,329271,183524,113589,317475,32017,496037,872299,866519,1480600,0.1105515,1.0987536,15,21,17,1103582,10,3,38,5,14,1470,7,27,22,48
000-000-101,1,0,,0,36,308,2.478,2.249,2.785,2.23,2.754,2.486,2.477,2.599,2.535,2.98,2.76,2.564,2.901,2.417,2.632,2.201,2.971,2.033,2.908,2.197,2.86,2.932,2.84,2.666,2.799,2.887,2.687,2.236,2.994,2.289,2.641,2.622,2.092,2.575,2.827,2.851,2.537,2.006,2.392,2.395,2.252,2.701,2.738,2.606,2.94,2.77,2.512,2.685,2.571,2.321,2.273,2.598,2.711,2.44,2.566,2.038,2.177,2.236,2.201,2.489,2.594,2.429,2.788,2.794,2.157,2.27,2.84,2.005,2.012,964384,1024780,2.3,1195916,1031647,2.274,2.883,2.421,2.051,2.316,2.425,2.543,2.011,2.641,2.151,2.814,2.72,2.639,2.839,2.385,2.444,2.299,2.223,2.462,2.235,2.419,2.744,2.136,2.347,2.73,2.599,2.713,2.475,2.085,2.776,2.221,2.368,2.317,2.364,2.2,2.657,2.691,2.618,2.403,2.558,2.217,2.237,2.177,2.974,2.942,2.819,2.577,2.365,2.247,2.343,2.96,2.322,2.302,2.428,2.362,2.224,2.577,2.728,2.884,2.526,2.82,2.681,2.101,2.291,2.093,2.295,2.393,2.783,2.763,2.296,2.959,2.467,2.735,2.269,2.884,1226747,1023248,000-000-101,2.916,2.058,2.287,2.818,2.394,2.416,2.909,2.534,2.506,2.288,2.093,2.86,2.963,2.469,2.182,2.397,2.623,2.735,2.912,2.695,2.263,2.026,2.004,2.36,2.205,2.183,2.884,2.854,2.672,2.593,2.475,2.85,2.147,2.791,2.095,2.885,2.46,2.011,2.567,2.235,2.457,2.457,2.241,2.335,2.398,2.688,2.888,2.168,2.816,2.551,2.651,2.512,2.577,2.109,2.179,2.372,2.238,2.82,2.124,2.692,2.734,2.854,2.343,2.422,2.333,2.925,2.336,2.815,2.426,2.322,2.365,2.205,2.91,2.101,2.898,1089529,1152699,000-000-101,11347,502,14067,49947,5308,1326,2475,1995,1887,1639,15308,3055,1105,1769,162,2641,27,782,12443,419,14384,44806,5131,1781,2153,1533,4478.4,2064,227,3733,7,749,0,589,0,0,0,0,0,907,818,738,220,480,245,704940,832308,190988,175952,371846,118249,169674,303071,30898,430746,863840,785305,1331708,0.0431407,1.151253,22,8,22,1031914,43,4,65,3,10,1198,13,49,36,78
000-000-052,0,0,,0,26,302,2.381,2.722,2.876,2.708,2.675,2.288,2.214,2.837,2.826,2.271,2.233,2.952,2.366,2.551,2.271,2.23,2.535,2.622,2.008,2.576,2.518,2.903,2.097,2.658,2.631,2.172,2.158,2.874,2.921,2.035,2.599,2.454,2.239,2.479,2.84,2.285,2.894,2.044,2.822,2.643,2.607,2.475,2.047,2.073,2.749,2.838,2.584,2.101,2.553,2.628,2.256,2.186,2.538,2.723,2.782,2.211,2.779,2.002,2.5,2.634,2.762,2.88,2.861,2.343,2.546,2.815,2.869,2.109,2.244,1051997,1138979,2.741,1152924,1168818,2.659,2.018,2.505,2.762,2.898,2.428,2.358,2.55,2.119,2.19,2.169,2.913,2.469,2.763,2.443,2.649,2.293,2.839,2.264,2.615,2.225,2.33,2.218,2.419,2.349,2.058,2.174,2.834,2.685,2.862,2.989,2.089,2.068,2.16,2.84,2.849,2.721,2.447,2.254,2.612,2.897,2.292,2.473,2.578,2.505,2.821,2.435,2.363,2.559,2.271,2.774,2.979,2.996,2.957,2.167,2.819,2.656,2.077,2.036,2.282,2.639,2.046,2.54,2.998,2.924,2.763,2.157,2.854,2.42,2.336,2.198,2.069,2.365,2.863,2.78,1232766,1121350,000-000-052,2.666,2.723,2.73,2.884,2.935,2.384,2.685,2.251,2.952,2.147,2.067,2.911,2.136,2.782,2.757,2.55,2.687,2.184,2.005,2.567,2.619,2.887,2.682,2.062,2.396,2.784,2.655,2.556,2.553,2.44,2.402,2.98,2.684,2.177,2.5,2.059,2.25,2.626,2.73,2.383,2.028,2.41,2.336,2.956,2.861,2.078,2.812,2.22,2.988,2.46,2.156,2.635,2.13,3,2.543,2.741,2.214,2.345,2.285,2.258,2.924,2.514,2.54,2.787,2.83,2.638,2.701,2.274,2.331,2.464,2.798,2.34,2.293,2.934,2.453,936910,1016599,000-000-052,13540,768,10200,43626,4053,1065,3931,1309,1738,1888,10328,3777,1074,1397,208,2696,43,542,14384,930,10350,44579,4896,1699,3804,1338,4782.4,2905,254,3462,14,941,0,1519,0,0,0,0,0,723,766,357,884,888,754,773044,768705,119432,144353,383754,170507,134757,395694,36023,417531,741638,734737,1317352,0.2610526,1.8495712,11,16,16,1132594,16,5,61,4,12,1165,10,12,36,82
000-000-173,1,1,,0,55,303,2.541,2.336,2.031,2.295,2.194,2.453,2.144,2.28,2.517,2.884,2.564,2.219,2.964,2.059,2.44,2.6,2.163,2.743,2.205,2.607,2.702,2.644,2.421,2.64,2.279,2.399,2.986,2.93,2.812,2.372,2.845,2.808,2.254,2.335,2.402,2.146,2.648,2.171,2.908,2.307,2.255,2.831,2.464,2.886,2.686,2.417,2.88,2.878,2.469,2.506,2.175,2.494,2.753,2.886,2.739,2.013,2.914,2.858,2.264,2.489,2.404,2.709,2.63,2.328,2.781,2.746,2.134,2.193,2.768,1012054,1096892,2.994,1156526,1149153,2.772,2.966,2.89,2.785,2.277,2.965,2.987,2.322,2.459,2.246,2.162,2.571,2.271,2.696,2.804,2.302,2.889,2.984,2.878,2.316,2.25,2.661,2.183,2.521,2.592,2.432,2.91,2.93,2.739,2.077,2.583,2.762,2.581,2.584,2.033,2.305,2.752,2.441,2.517,2.653,2.919,2.937,2.923,2.138,2.433,2.958,2.611,2.354,2.708,2.657,2.573,2.691,2.277,2.641,2.052,2.781,2.377,2.645,2.145,2.828,2.924,2.969,2.202,2.653,2.998,2.429,2.986,2.907,2.641,2.403,2.014,2.934,2.924,2.809,2.117,1234381,955364,000-000-173,2.121,2.733,2.29,2.314,2.44,2.102,2.126,2.72,2.249,2.221,2.942,2.591,2.852,2.094,2.936,2.781,2.064,2.982,2.807,2.793,2.721,2.383,2.525,2.09,2.762,2.711,2.124,2.561,2.773,2.607,2.322,2.748,2.19,2.862,2.129,2.522,2.175,2.475,2.44,2.879,2.507,2.117,2.756,2.571,2.674,2.636,2.187,2.951,2.2,2.238,2.225,2.789,2.714,2.49,2.7,2.176,2.145,2.461,2.911,2.546,2.945,2.257,2.435,2.795,2.809,2.863,2.2,2.548,2.898,2.532,2.995,2.604,2.872,2.515,2.183,1060849,905646,000-000-173,10279,739,13899,44774,4426,1345,3290,1400,1182,1354,15915,3801,1023,1408,392,2628,21,938,13660,617,11026,45625,5964,1184,3554,1950,4622,2668,366,3262,13,782,0,628,0,0,0,0,0,262,780,880,779,345,622,819945,972352,194854,138472,324318,128220,138016,394509,39134,473830,723651,702582,1462374,0.525893,1.0229294,13,14,22,1148791,20,4,48,5,20,1268,8,41,39,62
000-000-195,3,1,,0,48,343,2.34,2.554,2.984,2.77,2.297,2.15,2.37,2.853,2.334,2.088,2.408,2.146,2.47,2.537,2.848,2.595,2.811,2.56,2.181,2.323,2.583,2.528,2.369,2.558,2.463,2.861,2.651,2.395,2.93,2.177,2.274,2.2,2.023,2.476,2.866,2.781,2.486,2.341,2.615,2.926,2.865,2.319,2.439,2.759,2.6,2.182,2.496,2.148,2.477,2.15,2.266,2.711,2.573,2.184,2.205,2.987,2.243,2.29,2.335,2.48,2.428,2.672,2.762,2.162,2.056,2.552,2.944,2.35,2.745,914405,903135,2.441,909739,1140692,2.996,2.131,2.491,2.521,2.932,2.098,2.028,2.116,2.475,2.75,2.272,2.93,2.916,2.096,2.253,2.037,2.097,2.514,2.764,2.64,2.349,2.14,2.057,2.817,2.754,2.155,2.38,2.027,2.087,2.67,2.999,2.506,2.804,2.961,2.502,2.033,2.688,2.238,2.797,2.868,2.289,2.703,2.247,2.085,2.41,2.718,2.397,2.956,2.612,2.824,2.015,2.259,2.564,2.896,2.31,2.71,2.396,2.444,2.252,2.973,2.576,2.726,2.725,2.044,2.022,2.448,2.257,2.297,2.571,2.525,2.653,2.677,2.702,2.859,2.6,1244154,1101505,000-000-195,2.102,2.202,2.442,2.531,2.08,2.422,2.212,2.615,2.835,2.827,2.206,2.579,2.522,2.115,2.203,2.568,2.18,2.534,2.916,2.784,2.444,2.682,2.786,2.028,2.641,2.64,2.011,2.921,2.46,2.125,2.27,2.804,2.715,2.456,2.113,2.474,2.322,2.662,2.078,2.952,2.087,2.944,2.168,2.74,2.314,2.362,2.689,2.525,2.213,2.347,2.894,2.478,2.212,2.627,2.599,2.532,2.563,2.639,2.503,2.039,2.807,2.971,2.805,2.398,2.53,2.317,2.704,2.515,2.044,2.026,2.662,2.871,2.611,2.718,2.951,951358,1168972,000-000-195,13054,910,11972,42010,5344,1614,2683,1940,1005,1606,16531,3101,1827,1377,133,2699,24,720,13333,785,10189,42482,5112,1251,2393,1872,4983.7,2973,217,3538,8,741,0,1268,0,0,0,0,0,471,343,673,875,380,739,727339,704985,183392,171009,359370,108356,146477,315677,38327,480016,831382,834533,1318893,0.4185955,1.6774072,16,13,17,1119127,5,3,65,4,9,1212,13,43,20,53
000-000-125,1,1,,0,37,328,2.912,2.991,2.912,2.561,2.111,2.697,2.438,2.865,2.62,2.922,2.974,2.244,2.08,2.208,2.733,2.323,2.138,2.057,2.278,2.209,2.225,2.259,2.471,2.207,2.89,2.197,2.7,2.092,2.871,2.43,2.42,2.044,2.421,2.274,2.872,2.82,2.72,2.351,2.345,2.353,2.771,2.417,2.829,2.597,2.267,2.263,2.825,2.899,2.113,2.269,2.461,2.212,2.881,2.498,2.715,2.405,2.479,2.306,2.977,2.531,2.151,2.773,2.926,2.197,2.605,2.794,2.878,2.899,2.141,1190930,1094267,2.712,1002282,924879,2.703,2.351,2.462,2.636,2.968,2.91,2.752,2.298,2.613,2.204,2.713,2.857,2.451,2.292,2.491,2.053,2.688,2.105,2.403,2.949,2.126,2.907,2.657,2.706,2.429,2.064,2.224,2.199,2.751,2.029,2.933,2.496,2.799,2.528,2.872,2.702,2.156,2.037,2.294,2.157,2.913,2.768,2.102,2.326,2.86,2.566,2.467,2.03,2.248,2.142,2.958,2.94,2.368,2.212,2.906,2.874,2.403,2.557,2.746,2.841,2.81,2.194,2.984,2.319,2.264,2.302,2.042,2.681,2.28,2.131,2.493,2.318,2.45,2.631,2.296,1244210,1041177,000-000-125,2.444,2.369,2.634,2.806,2.155,2.379,2.33,2.927,2.808,2.122,2.837,2.556,2.253,2.082,2.93,2.521,2.42,2.868,2.28,2.023,2.563,2.923,2.087,2.991,2.743,2.45,2.547,2.531,2.1,2.122,2.063,2.578,2.013,2.461,2.597,2.906,2.953,2.347,2.724,2.27,2.158,2.796,2.107,2.052,2.129,2.473,2.487,2.792,2.847,2.683,2.849,2.442,2.931,2.522,2.791,2.972,2.393,2.921,2.371,2.279,2.009,2.137,2.136,2.06,2.278,2.485,2.371,2.042,2.987,2.842,2.086,2.5,2.898,2.018,2.743,981440,916991,000-000-125,10477,554,10161,48272,4909,1865,2952,1989,1456,1966,13686,3017,1596,1886,218,2626,30,617,14935,706,10661,40798,4273,1303,3465,1561,4710.2,2403,305,2841,14,871,0,1371,0,0,0,0,0,502,520,306,321,490,569,949836,811087,121324,164954,384003,184556,103101,323304,35188,456101,840865,845405,1439349,0.272212,1.9063736,20,13,19,1171018,20,5,37,5,14,1053,8,48,34,65
000-000-064,0,0,,0,36,400,2.787,2.425,2.454,2.569,2.367,2.163,2.024,2.089,2.161,2.916,2.626,2.495,2.248,2.108,2.201,2.529,2.55,2.132,2.662,2.041,2.677,2.993,2.67,2.811,2.036,2.832,2.165,2.648,2.734,2.838,2.753,2.903,2.132,2.708,2.019,2.862,2.672,2.762,2.53,2.156,2.344,2.744,2.803,2.66,2.453,2.993,2.514,2.194,2.535,2.497,2.334,2.458,2.163,2.552,2.927,2.928,2.642,2.636,2.487,2.227,2.447,2.799,2.562,2.541,2.978,2.44,2.548,2.652,2.55,944130,1038892,2.44,943434,1142779,2.388,2.456,2.246,2.472,2.055,2.313,2.44,2.165,2.337,2.378,2.962,2.558,2.941,2.188,2.472,2.281,2.081,2.044,2.154,2.539,2.189,2.637,2.777,2.879,2.671,2.823,2.238,2.549,2.67,2.128,2.232,2.045,2.625,2.139,2.353,2.462,2.364,2.638,2.679,2.221,2.675,2.634,2.104,2.968,2.871,2.671,2.573,2.711,2.757,2.177,2.034,2.068,2.777,2.649,2.516,2.784,2.539,2.022,2.387,2.869,2.391,2.705,2.003,2.306,2.37,2.021,2.172,2.782,2.759,2.108,2.001,2.683,2.784,2.136,2.271,1253423,992020,000-000-064,2.978,2.763,2.881,2.603,2.046,2.496,2.393,2.66,2.927,2.92,2.136,2.873,2.645,2.863,2.89,2.04,2.736,2.001,2.608,2.46,2.04,2.571,2.199,2.368,2.502,2.964,2.715,2.741,2.199,2.112,2.975,2.714,2.209,2.729,2.75,2.156,2.184,2.201,2.465,2.033,2.609,2.76,2.486,2.095,2.986,2.321,2.508,2.835,2.087,2.158,2.334,2.524,2.695,2.507,2.909,2.565,2.798,2.385,2.352,2.544,2.883,2.799,2.968,2.946,2.269,2.31,2.267,2.652,2.842,2.331,2.123,2.651,2.212,2.481,2.64,944953,1104255,000-000-064,12637,752,13758,47419,4529,1774,2260,1021,1746,1817,12516,3824,1194,1296,391,2716,48,712,12041,489,10484,43332,4314,1284,3744,1717,4579.2,2868,307,3118,15,663,0,544,0,0,0,0,0,323,511,247,611,631,721,719874,858730,197847,133155,338643,153694,134522,313619,35981,484266,773184,734943,1350428,0.8588751,1.6825052,20,14,20,1053561,36,4,34,4,7,1332,9,41,38,95
000-000-143,3,1,,0,28,331,2.044,2.976,2.429,2.053,2.737,2.749,2.407,2.789,2.413,2.467,2.452,2.812,2.753,2.59,2.014,2.365,2.762,2.231,2.655,2.614,2.112,2.773,2.174,2.873,2.317,2.027,2.245,2.244,2.854,2.824,2.133,2.849,2.382,2.192,2.905,2.573,2.649,2.103,2.707,2.201,2.643,2.023,2.965,2.612,2.713,2.459,2.858,2.781,2.954,2.813,2.612,2.058,2.074,2.976,2.895,2.373,2.762,2.667,2.592,2.077,2.676,2.901,2.343,2.859,2.89,2.793,2.383,2.941,2.974,1007791,966677,2.975,957203,924255,2.409,2.75,2.878,2.301,2.732,2.721,2.42,2.204,2.673,2.791,2.874,2.3,2.777,2.22,2.834,2.176,2.16,2.993,2.738,2.585,2.83,2.37,2.753,2.136,2.875,2.457,2.435,2.471,2.96,2.305,2.125,2.52,2.408,2.027,2.913,2.097,2.817,2.049,2.11,2.627,2.059,2.478,2.744,2.435,2.662,2.95,2.526,2.587,2.596,2.692,2.912,2.4,2.682,2.09,2.048,2.36,2.401,2.373,2.471,2.201,2.912,2.982,2.403,2.867,2.358,2.211,2.029,2.982,2.214,2.8,2.954,2.082,2.695,2.576,2.054,1259162,1165617,000-000-143,2.456,2.855,2.869,2.051,2.416,2.453,2.332,2.005,2.999,2.364,2.698,2.573,2.951,2.506,2.56,2.951,2.204,2.952,2.207,2.642,2.827,2.745,2.853,2.78,2.214,2.832,2.309,2.643,2.449,2.255,2.327,2.752,2.778,2.752,2.697,2.969,2.284,2.135,2.996,2.17,2.425,2.996,2.902,2.532,2.66,2.115,2.943,2.674,2.159,2.528,2.751,2.278,2.741,2.63,2.729,2.513,2.542,2.166,2.26,2.384,2.858,2.561,2.508,2.379,2.318,2.209,2.532,2.598,2.338,2.879,2.323,2.354,2.818,2.824,2.223,1001313,1124329,000-000-143,11065,1019,11308,45151,4346,1185,3124,1550,1204,1879,17895,3753,1695,1917,413,2223,12,878,14442,892,14564,48609,4348,1118,3128,1544,4291.5,2683,371,3813,6,700,0,1451,0,0,0,0,0,920,909,963,636,644,249,746642,906026,172858,168468,317329,161333,139362,371586,39530,417481,794665,739852,1476521,0.6225765,1.8360606,8,15,8,1195840,30,3,61,5,17,1335,13,27,36,96
000-000-202,2,1,,0,34,377,2.385,2.05,2.6,2.034,2.73,2.992,2.339,2.857,2.733,2.895,2.144,2.105,2.988,2.446,2.349,2.667,2.294,2.563,2.604,2.252,2.823,2.803,2.35,2.38,2.79,2.906,2.669,2.715,2.099,2.491,2.02,2.336,2.97,2.011,2.719,2.192,2.388,2.567,2.883,2.376,2.683,2.644,2.912,2.304,2.025,2.222,2.592,2.358,2.495,2.862,2.369,2.462,2.526,2.275,2.116,2.987,2.077,2.706,2.48,2.94,2.943,2.822,2.672,2.272,2.602,2.42,2.261,2.63,2.476,901167,1084728,2.803,1065160,1184422,2.043,2.96,2.85,2.185,2.928,2.146,2.752,2.103,2.894,2.274,2.228,2.283,2.648,2.949,2.443,2.225,2.198,2.419,2.73,2.02,2.921,2.395,2.84,2.294,2.549,2.597,2.609,2.591,2.049,2.208,2.997,2.246,2.134,2.203,2.9,2.798,2.901,2.863,2.487,2.846,2.216,2.785,2.871,2.467,2.425,2.541,2.367,2.402,2.214,2.697,2.227,2.518,2.112,2.326,2.222,2.48,2.163,2.5,2.145,2.659,2.333,2.035,2.433,2.284,2.304,2.479,2.9,2.744,2.412,2.009,2.106,2.757,2.124,2.239,2.761,1261937,1171989,000-000-202,2.621,2.149,2.544,2.991,2.812,2.799,2.399,2.502,2.921,2.643,2.994,2.148,2.463,2.518,2.558,2.001,2.006,2.102,2.658,2.841,2.903,2.91,2.257,2.464,2.206,2.168,2.332,2.838,2.444,2.261,2.489,2.109,2.341,2.058,2.086,2.436,2.691,2.836,2.876,2.436,2.629,2.192,2.089,2.931,2.506,2.127,2.111,2.544,2.971,2.347,2.47,2.064,2.957,2.774,2.366,2.592,2.764,2.466,2.822,2.336,2.843,2.223,2.433,2.527,2.035,2.554,2.971,2.165,2.699,2.53,2.084,2.329,2.994,2.42,2.091,903382,1028572,000-000-202,14327,738,14860,40676,4797,1293,2600,1675,1726,1643,18312,3372,1793,1690,348,2079,46,682,14049,769,11257,47591,4148,1690,3902,1282,4249.2,2345,321,2106,17,889,0,1513,0,0,0,0,0,328,652,634,707,738,260,840970,818580,176063,119866,372993,173040,172022,396927,36926,481056,759942,873373,1277896,0.7396095,1.6903128,21,17,21,1196452,14,3,42,4,10,1105,13,18,44,87
000-000-157,1,1,42,2,31,352,2.214,2.233,2.597,3,2.969,2.277,2.958,2.232,2.313,2.223,2.847,2.071,2.679,2.555,2.733,2.421,2.632,2.724,2.101,2.623,2.735,2.772,2.243,2.173,2.015,2.437,2.464,2.797,2.466,2.637,2.489,2.943,2.307,2.345,2.711,2.469,2.308,2.2,2.991,2.625,2.552,2.479,2.962,2.391,2.065,2.383,2.697,2.463,2.342,2.757,2.546,2.843,2.679,2.39,2.358,2.362,2.982,2.786,2.812,2.997,2.191,2.717,2.074,2.374,2.806,2.344,2.347,2.259,2.01,1076406,1018171,2.773,1052765,933714,2.379,2.119,2.656,2.181,2.814,2.09,2.966,2.365,2.177,2.382,2.902,2.475,2.904,2.173,2.921,2.401,2.957,2.672,2.635,2.825,2.793,2.982,2.38,2.812,2.394,2.53,2.335,2.462,2.867,2.827,2.336,2.085,2.978,2.795,2.655,2.19,2.337,2.007,2.508,2.991,2.497,2.357,2.681,2.466,2.694,2.578,2.324,2.355,2.599,2.957,2.855,2.196,2.057,2.769,2.769,2.436,2.686,2.727,2.651,2.034,2.748,2.977,2.803,2.682,2.658,2.245,2.232,2.609,2.131,2.858,2.826,2.943,2.025,2.788,2.501,1262223,1100281,000-000-157,2.665,2.076,2.996,2.66,2.279,2.246,2.338,2.487,2.209,2.636,2.61,2.146,2.688,2.738,2.58,2.251,2.943,2.176,2.45,2.352,2.39,2.403,2.007,2.021,2.704,2.239,2.313,2.569,2.259,2.023,2.294,2.068,2.43,2.796,2.553,2.4,2.13,2.363,2.277,2.075,2.484,2.718,2.715,2.54,2.92,2.247,2.789,2.24,2.971,2.356,2.879,2.999,2.454,2.776,2.639,2.568,2.936,2.318,2.062,2.597,2.794,2.134,2.68,2.688,2.414,2.118,2.044,2.508,2.273,2.092,2.59,2.037,2.135,2.862,2.242,1050722,1089005,000-000-157,11329,1058,14061,47625,4610,1324,3854,1433,1302,1438,16381,3230,1974,1924,367,2681,38,791,13946,456,12994,44019,5987,1188,3756,1944,4049.4,2180,292,2355,9,616,0,1584,0,0,0,0,0,576,810,231,630,860,911,820053,827509,178174,156459,323566,127403,128452,344897,37147,412276,736833,821581,1244004,0.9802525,1.7807718,20,11,16,1015695,14,3,29,4,11,1341,10,37,45,97
000-000-098,2,0,,0,64,309,2.066,2.118,2.528,2.732,2.939,2.224,2.812,2.574,2.558,2.169,2.135,2.884,2.07,2.327,2.12,2.407,2.828,2.978,2.853,2.309,2.726,2.156,2.865,2.539,2.36,2.95,2.479,2.678,2.237,2.458,2.109,2.294,2.489,2.418,2.321,2.797,2.86,2.484,2.76,2.038,2.677,2.818,2.838,2.606,2.175,2.913,2.096,2.07,2.656,2.26,2.262,2.893,2.798,2.985,2.004,2.861,2.669,2.504,2.542,2.327,2.797,2.249,2.878,2.533,2.711,2.431,2.229,2.514,2.408,961642,1098735,2.054,1102835,1029477,2.293,2.408,2.422,2.853,2.977,2.554,2.404,2.203,2.676,3,2.91,2.266,2.648,2.753,2.216,2.733,2.826,2.244,2.217,2.773,2.65,2.716,2.426,2.923,2.7,2.274,2.14,2.185,2.592,2.201,2.166,2.805,2.826,2.703,2.36,2.709,2.215,2.956,2.875,2.185,2.574,2.354,2.573,2.643,2.304,2.415,2.351,2.215,2.785,2.557,2.283,2.326,2.158,2.904,2.494,2.701,2.098,2.117,2.492,2.46,2.177,2.489,2.72,2.907,2.106,2.883,2.971,2.927,2.835,2.715,2.632,2.358,2.79,2.415,2.877,1262426,1137828,000-000-098,2.84,2.405,2.696,2.732,2.994,2.244,2.524,2.018,2.583,2.356,2.989,2.375,2.807,2.358,2.868,2.795,2.265,2.911,2.42,2.591,2.148,2.898,2.081,2.981,2.093,2.773,2.961,2.553,2.906,2.026,2.176,2.045,2.077,2.348,2.258,2.6,2.884,2.671,2.107,2.777,2.01,2.236,2.937,2.861,2.882,2.675,2.223,2.767,2.105,2.608,2.916,2.911,2.196,2.286,2.781,2.18,2.9,2.677,2.883,2.114,2.441,2.472,2.327,2.373,2.53,2.028,2.808,2.648,2.474,2.882,2.536,2.061,2.82,2.165,2.886,954248,1016603,000-000-098,13696,435,11816,49258,5986,1043,3922,1857,1086,1995,10449,3771,1116,1276,362,2458,16,988,13155,775,10925,40371,4564,1405,2860,1507,4147.4,2014,392,2381,1,874,0,606,0,0,0,0,0,415,716,306,849,582,274,900695,939591,118805,168676,351724,133654,169968,348360,32882,464864,706525,871581,1252289,0.1107001,1.5880166,19,15,18,1108345,23,4,51,5,16,1445,10,11,20,67
000-000-042,2,0,,0,43,329,2.013,2.372,2.13,2.377,2.174,2.864,2.493,2.271,2.629,2.376,2.899,2.44,2.262,2.939,2.771,2.417,2.966,2.324,2.188,2.482,2.476,2.426,2.922,2.831,2.73,2.131,2.385,2.343,2.058,2.351,2.847,2.476,2.158,2.118,2.863,2.307,2.928,2.216,2.878,2.843,2.282,2.655,2.52,2.283,2.135,2.153,2.712,2.288,2.512,2.601,2.208,2.105,2.44,2.942,2.239,2.435,2.994,2.737,2.118,2.92,2.093,2.973,2.281,2.43,2.229,2.144,2.296,2.086,2.066,1106780,913707,2.919,911970,1053333,2.446,2.075,2.494,2.494,2.151,2.238,2.456,2.589,2.065,2.657,2.938,2.375,2.486,2.52,2.883,2.464,2.698,2.148,2.893,2.43,2.748,2.939,2.705,2.574,2.654,2.489,2.582,2.043,2.976,2.777,2.65,2.905,2.03,2.12,2.936,2.535,2.954,2.282,2.97,2.049,2.955,2.884,2.354,2.429,2.167,2.844,2.552,2.037,2.354,2.09,2.855,2.979,2.227,2.941,2.68,2.736,2.732,2.167,2.689,2.676,2.077,2.974,2.694,2.943,2.204,2.052,2.661,2.191,2.946,2.526,2.643,2.182,2.567,2.63,2.355,1281652,986866,000-000-042,2.051,2.08,2.787,2.576,2.525,2.946,2.914,2.053,2.917,2.664,2.937,2.16,2.942,2.966,2.718,2.216,2.7,2.91,2.206,2.605,2.68,2.438,2.981,2.663,2.894,2.172,2.787,2.682,2.129,2.87,2.657,2.815,2.777,2.792,2.147,2.644,2.337,2.487,2.733,2.312,2.783,2.767,2.904,2.88,2.193,2.046,2.74,2.055,2.44,2.307,2.31,2.206,2.506,2.688,2.754,2.565,2.414,2.534,2.064,2.863,2.758,2.713,2.667,2.177,2.604,2.162,2.972,2.966,2.46,2.352,2.205,2.259,2.954,2.488,2.265,1122795,1129241,000-000-042,10701,742,12948,46343,4241,1866,3571,1967,1241,1637,12777,3783,1182,1067,125,2902,14,946,11655,523,14620,47759,5232,1615,3491,1361,4228.9,2709,320,3625,2,923,0,1022,0,0,0,0,0,884,333,940,902,768,497,960895,852691,110177,114293,359601,128419,136612,352543,35341,487741,821302,833532,1373455,0.3626314,1.321461,13,11,16,1025113,41,5,33,5,11,1444,13,45,50,67
000-000-115,3,1,,0,26,362,2.381,2.166,2.775,2.704,2.521,2.95,2.955,2.403,2.027,2.831,2.467,2.824,2.42,2.788,2.481,2.868,2.975,2.651,2.237,2.681,2.215,2.611,2.897,2.481,2.256,2.715,2.072,2.568,2.886,2.23,2.232,2.043,2.516,2.723,2.195,2.504,2.723,2.883,2.442,2.062,2.492,2.855,2.759,2.457,2.29,2.048,2.865,2.45,2.586,2.828,2.987,2.696,2.072,2.349,2.807,2.94,2.7,2.372,2.815,2.261,2.529,2.6,2.403,2.326,2.092,2.798,2.03,2.466,2.323,905857,1158357,2.636,1156674,996447,2.593,2.03,2.085,2.327,2.968,2.59,2.419,2.402,2.539,2.984,2.104,2.532,2.91,2.563,2.169,2.891,2.081,2.257,2.963,2.712,2.028,2.944,2.427,2.95,2.112,2.563,2.645,2.104,2.589,2.893,2.153,2.535,2.241,2.802,2.359,2.238,2.608,2.79,2.086,2.487,2.438,2.827,2.047,2.072,2.488,2.628,2.63,2.682,2.556,2.292,2.914,2.553,2.015,2.742,2.491,2.772,2.624,2.539,2.278,2.196,2.306,2.067,2.296,2.13,2.805,2.671,2.121,2.174,2.811,2.356,2.039,2.011,2.004,2.778,2.7,1281958,954004,000-000-115,2.44,2.175,2.093,2.469,2.703,2.022,2.023,2.16,2.441,2.885,2.12,2.234,2.864,2.072,2.464,2.491,2.05,2.678,2.655,2.347,2.732,2.052,2.85,2.231,2.863,2.366,2.329,2.491,2.406,2.594,2.308,2.34,2.777,2.84,2.865,2.364,2.973,2.063,2.619,2.817,2.095,2.243,2.21,2.503,2.415,2.61,2.433,2.129,2.857,2.666,2.416,2.909,2.223,2.151,2.787,2.639,2.922,2.235,2.408,2.308,2.867,2.203,2.884,2.354,2.687,2.671,2.309,2.606,2.863,2.976,2.075,2.936,2.989,2.363,2.79,992704,988543,000-000-115,11188,381,11305,45585,5088,1457,3485,1257,1761,1635,15633,3741,1461,1553,150,2317,15,975,13896,855,11949,46038,5798,1710,2713,1890,4320.9,2949,315,3707,12,958,0,628,0,0,0,0,0,430,1000,974,707,575,987,955514,962703,194864,187944,318683,107718,154898,367821,34809,497917,869657,796198,1306739,0.9504088,1.8938844,12,22,12,1110324,22,3,29,4,18,1244,9,3,44,50
000-000-001,1,0,42,2,33,320,2.677,2.006,2.112,2.249,2.58,2.495,2.492,2.486,2.238,2.772,2.272,2.746,2.324,2.069,2.059,2.112,2.542,2.989,2.589,2.086,2.004,2.335,2.228,2.803,2.749,2.598,2.149,2.791,2.497,2.682,2.878,2.11,2.052,2.081,2.431,2.225,2.418,2.189,2.895,2.132,2.093,2.91,2.075,2.67,2.071,2.291,2.499,2.833,2.299,2.344,2.672,2.234,2.487,2.476,2.054,2.664,2.429,2.033,2.045,2.095,2.524,2.297,2.746,2.802,2.422,2.938,2.77,2.59,2.496,1097287,1097085,2.748,981400,981029,2.914,2.068,2.683,2.86,2.264,2.303,2.861,2.931,2.717,2.878,2.773,2.261,2.775,2.535,2.125,2.024,2.78,2.63,2.83,2.726,2.307,2.858,2.543,2.804,2.955,2.778,2.467,2.105,2.402,2.544,2.517,2.964,2.753,2.298,2.005,2.885,2.729,2.23,2.725,2.525,2.248,2.263,2.302,2.747,2.847,2.329,2.115,2.47,2.612,2.823,2.534,2.966,2.08,2.79,2.171,2.498,2.694,2.561,2.755,2.285,2.907,2.277,2.54,2.829,2.758,2.101,2.265,2.855,2.115,2.59,2.905,2.105,2.658,2.074,2.9,1291048,921502,000-000-001,2.088,2.981,2.484,2.892,2.311,2.044,2.004,2.571,2.267,2.663,2.23,2.012,2.704,2.266,2.123,2.41,2.06,2.901,2.969,2.952,2.139,2.267,2.66,2.227,2.543,2.903,2.636,2.776,2.57,2.79,2.314,2.442,2.015,2.251,2.793,2.755,2.436,2.383,2.715,2.885,2.696,2.3,2.557,2.654,2.553,2.324,2.035,2.27,2.613,2.417,2.047,2.616,2.288,2.506,2.911,2.103,2.832,2.891,2.156,2.855,2.153,2.274,2.993,2.333,2.405,2.407,2.149,2.727,2.286,2.606,2.328,2.475,2.657,2.698,2.721,1097565,1036689,000-000-001,10653,369,13350,49057,5562,1733,2096,1435,1139,1620,10724,3855,1999,1712,424,2029,48,563,12758,999,12167,44868,4186,1829,2052,1167,4363.8,2346,203,2841,20,977,1,1667,0,0,0,0,0,989,595,456,492,701,900,950768,867196,126087,143708,343966,184183,198766,398219,36613,474191,884582,777725,1328859,0.7233466,1.3592164,13,9,13,1100544,42,4,61,4,10,1236,13,40,30,86
000-000-148,0,1,,0,22,313,2.335,2.628,2.761,2.744,2.993,2.24,2.328,2.802,2.938,2.662,2.847,2.053,2.172,2.683,2.23,2.58,2.901,2.808,2.87,2.178,2.711,2.135,2.849,2.426,2.285,2.724,2.617,2.857,2.875,2.368,2.87,2.934,2.935,2.335,2.083,2.111,2.503,2.185,2.357,2.201,2.67,2.847,2.611,2.246,2.938,2.217,2.72,2.97,2.401,2.243,2.376,2.517,2.57,2.697,2.74,2.138,2.989,2.298,2.206,2.747,2.663,2.542,2.938,2.286,2.773,2.325,2.613,2.783,2.131,930507,1126782,2.439,1115955,1082542,2.656,2.318,2.216,2.994,2.469,2.628,2.1,2.517,2.418,2.74,2.315,2.503,2.229,2.979,2.5,2.098,2.7,2.425,2.736,2.84,2.251,2.878,2.496,2.456,2.676,2.554,2.099,2.5,2.736,2.447,2.403,2.003,2.148,2.354,2.92,2.43,2.772,2.638,2.238,2.371,2.053,2.922,2.765,2.556,2.051,2.04,2.053,2.652,2.526,2.749,2.182,2.899,2.272,2.705,2.37,2.837,2.764,2.995,2.821,2.309,2.107,2.634,2.493,2.996,2.369,2.432,2.953,2.179,2.638,2.686,2.127,2.625,2.724,2.051,2.836,1294785,979588,000-000-148,2.7,2.82,2.897,2.4,2.049,2.136,2.859,2.435,2.884,2.549,2.406,2.522,2.24,2.409,2.894,2.163,2.515,2.485,2.067,2.992,2.216,2.403,2.148,2.324,2.663,2.565,2.347,2.385,2.493,2.069,2.435,2.422,2.96,2.645,2.871,2.558,2.505,2.789,2.68,2.652,2.083,2.715,2.401,2.434,2.439,2.331,2.792,2.202,2.498,2.696,2.895,2.741,2.909,2.141,2.513,2.244,2.342,2.619,2.177,2.078,2.996,2.535,2.017,2.239,2.821,2.155,2.675,2.257,2.182,2.798,2.707,2.242,2.237,2.043,2.219,1109958,1104299,000-000-148,13374,867,13187,47159,4504,1828,2690,1718,1419,1484,14200,3232,1218,1194,409,2384,37,523,13653,380,13259,44471,5942,1501,2028,1766,4774.8,2505,316,2393,5,715,0,642,0,0,0,0,0,478,391,972,594,218,833,862501,821669,148075,114297,370873,164839,172326,356512,32637,469627,739395,794312,1261585,0.8519931,1.0759315,13,9,19,1194841,28,4,63,5,8,1434,9,17,26,87
000-000-086,2,0,,0,38,397,2.05,2.581,2.052,2.787,2.37,2.285,2.754,2.012,2.009,2.753,2.717,2.713,2.428,2.896,2.333,2.498,2.38,2.382,2.648,2.674,2.89,2.112,2.068,2.69,2.425,2.801,2.582,2.255,2.208,2.548,2.009,2.166,2.149,2.795,2.824,2.202,2.736,2.522,2.185,2.269,2.879,2.696,2.687,2.013,2.66,2.152,2.905,2.683,2.732,2.598,2.665,2.99,2.115,2.638,2.935,2.987,2.486,2.161,2.024,2.171,2.424,2.994,2.298,2.349,2.551,2.873,2.768,2.615,2.181,1171899,1173818,2.387,931184,965081,2.1,2.525,2.817,2.729,2.729,2.765,2.478,2.614,2.093,2.431,2.779,2.366,2.678,2.369,2.299,2.069,2.813,2.564,2.189,2.802,2.573,2.287,2.099,2.279,2.686,2.819,2.352,2.64,2.368,2.498,2.857,2.983,2.866,2.133,2.087,2.363,2.447,2.477,2.54,2.22,2.535,2.629,2.218,2.206,2.162,2.203,2.563,2.51,2.366,2.992,2.413,2.559,2.158,2.899,2.011,2.45,2.547,2.575,2.813,2.284,2.197,2.532,2.32,2.775,2.582,2.091,2.738,2.421,2.137,2.443,2.842,2.149,2.984,2.087,2.811,1298926,944455,000-000-086,2.982,2.494,2.722,2.093,2.467,2.227,2.193,2.012,2.519,2.634,2.46,2.482,2.005,2.862,2.022,2.641,2.44,2.925,2.842,2.135,2.055,2.561,2.679,2.472,2.823,2.167,2.713,2.941,2.645,2.383,2.334,2.119,2.999,2.564,2.568,2.555,2.446,2.314,2.38,2.661,2.431,2.762,2.809,2.159,2.852,2.072,2.024,2.382,2.583,2.214,2.908,2.553,2.201,2.589,2.105,2.889,2.212,2.4,2.914,2.64,2.519,2.61,2.2,2.348,2.391,2.494,2.636,2.848,2.793,2.872,2.909,2.3,2.393,2.192,2.012,965468,1142335,000-000-086,14931,400,12692,48104,5300,1495,2031,1412,1675,1793,15337,3712,1824,1946,306,2654,19,659,13647,346,14914,48014,4439,1427,2138,1759,4709.8,2161,297,2932,12,619,0,1375,0,0,0,0,0,780,892,686,796,817,975,785735,878868,109697,180147,344816,114695,127299,330491,34822,444707,719013,766563,1404390,0.6565597,1.8710827,22,22,9,1002948,27,4,32,3,17,1079,13,48,47,77
000-000-130,2,1,,0,47,367,2.9,2.705,2.418,2.73,2.76,2.567,2.23,2.77,2.676,2.32,2.984,2.195,2.324,2.141,2.898,2.034,2.891,2.87,2.991,2.604,2.707,2.953,2.425,2.182,2.557,2.432,2.786,2.297,2.723,2.857,2.063,2.59,2.34,2.041,2.864,2.227,2.853,2.31,2.261,2.309,2.476,2.58,2.03,2.611,2.186,2.069,2.78,2.347,2.06,2.455,2.003,2.873,2.575,2.818,2.07,2.098,2.829,2.695,2.846,2.822,2.372,2.653,2.269,2.32,2.914,2.081,2.3,2.986,2.502,1165811,923397,2.434,1028121,1107349,2.749,2.641,2.241,2.255,2.291,2.688,2.925,2.439,2.03,2.3,2.959,2.838,2.332,2.467,2.734,2.013,2.951,2.64,2.03,2.629,2.78,2.676,2.761,2.477,2.74,2.482,2.991,2.41,2.021,2.832,2.97,2.206,2.839,2.029,2.775,2.799,2.869,2.606,2.286,2.647,2.168,2.407,2.224,2.641,2.303,2.183,2.779,2.307,2.822,2.318,2.544,2.784,2.208,2.491,2.694,2.051,2.785,2.079,2.01,2.077,2.051,2.145,2.006,2.837,2.943,2.976,2.515,2.36,2.415,2.651,2.305,2.397,2.499,2.602,2.375,1299806,1174356,000-000-130,2.775,2.809,2.632,2.2,2.502,2.773,2.142,2.765,2.794,2.84,2.613,2.101,2.767,2.356,2.738,2.192,2.771,2.837,2.383,2.874,2.499,2.587,2.033,2.086,2.981,2.781,2.974,2.579,2.14,2.644,2.522,2.084,2.388,2.492,2.231,2.564,2.059,2.486,2.237,2.098,2.74,2.871,2.112,2.575,2.261,2.104,2.29,2.478,2.038,2.408,2.582,2.52,2.008,2.055,2.155,2.727,2.833,2.471,2.251,2.505,2.243,2.16,2.987,2.174,2.145,2.234,2.433,2.98,2.702,2.635,2.533,2.379,2.392,2.905,2.695,1100510,1016082,000-000-130,12942,403,12583,41617,4779,1029,3464,1785,1540,1391,10820,3487,1023,1311,262,2672,26,515,10371,927,14732,46721,5573,1556,3239,1341,4790.6,2439,289,2753,20,627,0,1500,0,0,0,0,0,656,497,355,863,431,478,889101,711408,184177,125272,357731,132234,183172,301845,35720,475241,834043,702720,1200637,0.9061906,1.6166621,8,20,9,1014259,23,4,58,4,7,1496,11,17,26,87
000-000-190,2,1,,0,52,328,2.417,2.541,2.68,2.348,2.549,2.29,2.756,2.204,2.329,2.31,2.495,2.693,2.558,2.509,2.471,2.843,2.848,2.652,2.387,2.813,2.374,2.687,2.096,2.588,2.822,2.22,2.059,2.495,2.013,2.342,2.139,2.459,2.482,2.156,2.429,2.6,2.112,2.03,2.247,2.555,2.915,2.892,2.39,2.931,2.7,2.499,2.082,2.725,2.384,2.816,2.082,2.585,2.884,2.874,2.857,2.458,2.266,2.759,2.621,2.45,2.985,2.986,2.328,2.782,2.962,2.446,2.973,2.217,2.041,915593,1119445,2.219,952978,922885,2.081,2.771,2.119,2.745,2.999,2.532,2.918,2.655,2.255,2.107,2.718,2.246,2.019,2.382,2.143,2.839,2.952,2.26,2.314,2.2,2.633,2.435,2.36,2.267,2.753,2.216,2.708,2.27,2.925,2.9,2.932,2.503,2.886,2.288,2.991,2.503,2.951,2.79,2.265,2.93,2.534,2.864,2.492,2.141,2.147,2.938,2.677,2.923,2.443,2.973,2.968,2.647,2.869,2.785,2.504,2.445,2.717,2.869,2.868,2.903,2.765,2.24,2.279,2.055,2.933,2.508,2.679,2.928,2.07,2.447,2.282,2.08,2.499,2.426,2.302,1301040,987301,000-000-190,2.325,2.657,2.248,2.156,2.794,2.578,2.972,2.373,2.923,2.071,2.013,2.873,2.422,2.718,2.305,2.754,2.489,2.82,2.241,2.991,2.139,2.048,2.689,2.107,2.841,2.49,2.483,2.663,2.849,2.054,2.461,2.797,2.082,2.14,2.848,2.829,2.855,2.952,2.391,2.532,2.478,2.909,2.601,2.759,2.138,2.29,2.045,2.773,2.113,2.845,2.921,2.766,2.227,2.893,2.808,2.962,2.022,2.617,2.059,2.35,2.507,2.926,2.238,2.684,2.925,2.41,2.445,2.024,2.968,2.189,2.782,2.856,2.059,2.257,2.848,1193269,1121742,000-000-190,14788,601,11010,49608,4835,1593,3611,1725,1694,1658,11357,3992,1987,1642,315,2128,19,968,13948,595,13820,43338,4538,1412,3177,1098,4423.2,2651,355,2241,13,621,0,546,0,0,0,0,0,700,205,836,508,751,990,942906,883663,122440,199486,318551,130810,170877,393529,35791,448008,750785,838414,1417019,0.9628402,1.3562356,15,12,14,1029435,24,5,63,3,11,1241,12,21,38,66
000-000-048,0,0,42,2,32,361,2.184,2.484,2.834,2.994,2.031,2.364,2.531,2.06,2.213,2.188,2.324,2.784,2.201,2.279,2.792,2.665,2.611,2.342,2.208,2.734,2.577,2.443,2.401,2.044,2.237,2.202,2.528,2.252,2.837,2.596,2.014,2.109,2.864,2.384,2.143,2.162,2.015,2.441,2.211,2.364,2.415,2.075,2.968,2.201,2.161,2.208,2.553,2.572,2.804,2.464,2.156,2.188,2.023,2.346,2.664,2.622,2.177,2.68,2.949,2.563,2.07,2.006,2.246,2.546,2.228,2.027,2.967,2.034,2.788,998739,1076747,2.583,1053419,1072590,2.972,2.459,2.544,2.194,2.403,2.788,2.995,2.307,2.244,2.845,2.524,2.733,2.88,2.836,2.045,2.352,2.38,2.529,2.587,2.118,2,2.572,2.552,2.278,2.035,2.022,2.574,2.053,2.072,2.122,2.068,2.409,2.521,2.58,2.468,2.04,2.684,2.474,2.91,2.61,2.732,2.595,2.526,2.157,2.052,2.521,2.443,2.494,2.266,2.554,2.841,2.664,2.181,2.771,2.64,2.801,2.246,2.844,2.921,2.713,2.24,2.108,2.315,2.378,2.93,2.18,2.601,2.3,2.03,2.157,2.763,2.692,2.419,2.138,2.26,1318212,1147716,000-000-048,2.054,2.504,2.343,2.503,2.224,2.516,2.467,2.267,2.337,2.994,2.002,2.6,2.638,2.211,2.596,2.75,2.179,2.627,2.015,2.622,2.315,2.922,2.319,2.032,2.199,2.509,2.494,2.173,2.172,2.893,2.88,2.575,2.388,2.665,2.571,2.857,2.639,2.008,2.134,2.01,2.228,2.677,2.841,2.392,2.57,2.776,2.096,2.051,2.251,2.948,2.749,2.028,2.951,2.268,2.117,2.755,2.722,2.91,2.446,2.524,2.529,2.407,2.664,2.1,2.938,2.364,2.298,2.3,2.63,2.671,2.961,2.545,2.847,2.229,2.571,952973,983646,000-000-048,12860,504,11842,44182,5074,1466,3074,1141,1991,1328,14478,3131,1609,1999,355,2346,27,745,10884,318,13253,44692,4412,1003,3029,1748,4495.8,2582,281,3383,15,965,0,1116,0,0,0,0,0,510,519,643,463,970,635,714380,728602,140379,199087,336476,133345,151592,361566,38115,416273,833393,825333,1294417,0.5701417,1.476211,16,19,15,1138737,10,5,67,5,15,1140,8,14,47,43
000-000-177,1,1,,0,65,353,2.578,2.524,2.212,2.877,2.082,2.707,2.048,2.885,2.166,2.262,2.508,2.325,2.713,2.799,2.885,2.037,2.541,2.654,2.085,2.96,2.386,2.2,2.169,2.1,2.802,2.455,2.8,2.164,2.338,2.369,2.242,2.514,2.296,2.49,2.461,2.048,2.873,2.694,2.03,2.427,2.391,2.836,2.617,2.685,2.55,2.483,2.655,2.394,2.36,2.65,2.29,2.218,2.999,2.393,2.147,2.611,2.974,2.019,2.76,2.88,2.272,2.803,2.819,2.426,2.649,2.542,2.092,2.017,2.387,1033547,1124331,2.534,1040290,1050408,2.692,2.478,2.861,2.248,2.137,2.055,2.142,2.646,2.235,2.03,2.747,2.374,2.227,2.26,2.609,2.014,2.847,2.132,2.634,2.099,2.809,2.741,2.476,2.431,2.555,2.967,2.661,2.863,2.349,2.546,2.851,2.581,2.889,2.158,2.185,2.089,2.251,2.02,2.221,2.805,2.856,2.972,2.341,2.523,2.499,2.125,2.056,2.064,2.261,2.959,2.988,2.94,2.508,2.988,2.21,2.066,2.071,2.205,2.065,2.608,2.615,2.697,2.35,2.399,2.489,2.268,2.425,2.946,2.6,2.617,2.496,2.16,2.881,2.294,2.687,1318857,909864,000-000-177,2.272,2.534,2.585,2.682,2.68,2.818,2.713,2.649,2.836,2.62,2.687,2.316,2.473,2.215,2.856,2.081,2.917,2.13,2.715,2.368,2.375,2.04,2.961,2.08,2.945,2.946,2.287,2.317,2.69,2.598,2.94,2.144,2.294,2.463,2.852,2.054,2.526,2.565,2.608,2.973,2.729,2.51,2.935,2.583,2.481,2.445,2.737,2.989,2.975,2.975,2.497,2.88,2.788,2.173,2.515,2.722,2.259,2.54,2.655,2.589,2.1,2.926,2.304,2.921,2.736,2.217,2.63,2.401,2.059,2.892,3,2.648,2.782,2.975,2.971,1139960,1106870,000-000-177,14531,355,13719,48597,4953,1905,2229,1538,1506,1862,12510,3889,1510,1716,463,2900,24,999,10817,962,13875,48780,4851,1627,2699,1742,5182.9,2145,243,3583,12,788,0,631,0,0,0,0,0,655,654,663,374,440,406,896001,730813,199200,155426,338656,187798,104340,354839,31605,468253,882534,741173,1478343,0.1634349,1.4833898,21,17,20,1065822,39,3,50,4,14,1478,11,17,30,64
000-000-196,0,1,,0,35,338,2.291,2.784,2.432,2.094,2.638,2.55,2.839,2.043,2.664,2.117,2.947,2.064,2.971,2.024,2.756,2.807,2.158,2.115,2.909,2.489,2.387,2.566,2.508,2.869,2.229,2.344,2.45,2.634,2.6,2.842,2.794,2.82,2.019,2.153,2.33,2.26,2.523,2.026,2.715,2.039,2.814,2.184,2.559,2.586,2.673,2.407,2.709,2.142,2.091,2.375,2.729,2.088,2.835,2.459,2.014,2.262,2.075,2.77,2.745,2.518,2.565,2.235,2.166,2.887,2.401,2.413,2.54,2.536,2.781,970339,1018527,2.706,988390,999147,2.819,2.039,2.452,2.811,2.712,2.441,2.544,2.017,2.469,2.635,2.214,2.478,2.053,2.152,2.164,2.659,2.172,2.171,2.387,2.737,2.134,2.712,2.112,2.153,2.431,2.381,2.446,2.706,2.921,2.263,2.939,2.752,2.991,2.966,2.587,2.435,2.518,2.544,2.826,2.482,2.887,2.744,2.416,2.48,2.018,2.745,2.97,2.456,2.396,2.086,2.227,2.286,2.11,2.786,2.615,2.28,2.398,2.215,2.437,2.913,2.275,2.016,2.267,2.838,2.854,2.196,2.9,2.267,2.074,2.735,2.659,2.253,2.664,2.3,2.447,1324597,938685,000-000-196,2.186,2.618,2.167,2.748,2.031,2.527,2.731,2.022,2.052,2.736,2.213,2.01,2.142,2.866,2.405,2.717,2.161,2.863,2.718,2.161,2.162,2.034,2.324,2.099,2.651,2.308,2.507,2.674,2.365,2.199,2.563,2.646,2.184,2.509,2.802,2.239,2.523,2.76,2.326,2.108,2.051,2.817,2.818,2.97,2.185,2.497,2.14,2.676,2.902,2.346,2.37,2.049,2.615,2.439,2.122,2.166,2.424,2.068,2.918,2.434,2.793,2.691,2.529,2.741,2.533,2.114,2.21,2.731,2.764,2.832,2.048,2.796,2.924,2.006,2.392,1029348,947561,000-000-196,13007,1087,13871,48065,4274,1303,3074,1946,1556,1342,15758,3967,1654,1501,143,2404,43,870,12505,759,12905,45896,4861,1227,3108,1934,5586,2184,272,3948,2,835,0,1717,0,0,0,0,0,821,926,915,203,942,707,731080,733190,115077,193429,375717,120362,182037,320453,37827,432774,858531,756002,1314216,0.6899243,1.4718475,15,20,12,1131965,7,5,42,4,9,1335,10,21,39,86
000-000-062,2,0,,0,63,347,2.406,2.634,2.102,2.383,2.278,2.319,2.697,2.823,2.437,2.371,2.762,2.363,2.412,2.168,2.439,2.691,2.45,2.534,2.84,2.335,2.534,2.255,2.872,2.798,2.182,2.209,2.109,2.296,2.862,2.15,2.688,2.039,2.112,2.715,2.474,2.647,2.434,2.899,2.898,2.333,2.767,2.339,2.759,2.73,2.344,2.866,2.287,2.052,2.026,2.24,2.659,2.422,2.867,2.034,2.166,2.511,2.986,2.597,2.637,2.174,2.1,2.957,2.176,2.753,2.451,2.633,2.999,2.079,2.441,1131441,1057455,2.002,1054308,1147333,2.096,2.395,2.868,2.625,2.454,2.673,2.855,2.081,2.895,2.51,2.008,2.8,2.174,2.011,2.705,2.603,2.84,2.027,2.159,2.281,2.904,2.906,2.56,2.558,2.446,2.944,2.696,2.781,2.491,2.876,2.992,2.168,2.936,2.858,2.335,2.741,2.711,2.525,2.466,2.936,2.374,2.096,2.547,2.744,2.815,2.989,2.883,2.816,2.012,2.29,2.813,2.779,2.384,2.196,2.861,2.087,2.511,2.349,2.694,2.385,2.054,2.743,2.645,2.756,2.096,2.84,2.521,2.239,2.568,2.427,2.268,2.214,2.698,2.032,2.128,1340301,1130876,000-000-062,2.924,2.419,2.439,2.28,2.596,2.758,2.202,2.959,2.56,2.692,2.566,2.756,2.203,2.254,2.684,2.628,2.731,2.926,2.436,2.704,2.817,2.855,2.076,2.141,2.666,2.341,2.94,2.872,2.2,2.34,2.93,2.473,2.198,2.681,2.55,2.465,2.969,2.484,2.174,2.537,2.296,2.025,2.224,2.518,2.71,2.674,2.887,2.981,2.208,2.969,2.499,2.306,2.915,2.801,2.13,2.067,2.843,2.736,2.098,2.495,2.084,2.952,2.098,2.141,2.955,2.146,2.417,2.387,2.107,2.468,2.897,2.415,2.109,2.737,2.401,1028114,1075808,000-000-062,13906,681,11431,47413,5811,1824,2152,1236,1957,1577,17330,3653,1673,1524,132,2797,25,523,10856,320,10116,41232,5770,1213,3911,1706,4927.6,2023,310,3962,1,690,0,1622,0,0,0,0,0,874,280,942,582,916,239,700854,910337,130875,110994,330576,125741,168572,368196,30999,469619,892009,750790,1353625,0.1079146,1.6820691,19,12,19,1132544,13,5,61,4,17,1149,8,29,24,73
000-000-095,3,0,,0,48,391,2.929,2.675,2.9,2.079,2.642,2.27,2.444,2.322,2.518,2.104,2.648,2.286,2.325,2.683,2.323,2.476,2.501,2.591,2.677,2.691,2.777,2.462,2.498,2.161,2.758,2.67,2.92,2.152,2.152,2.142,2.021,2.889,2.512,2.964,2.723,2.155,2.254,2.694,2.929,2.291,2.261,2.047,2.332,2.021,2.423,2.717,2.357,2.677,2.307,2.817,2.162,2.425,2.126,2.797,2.704,2.901,2.443,2.117,2.021,2.87,2.853,2.027,2.964,2.426,2.904,2.068,2.977,2.479,2.608,1068171,959787,2.676,1147353,1080960,2.901,2.842,2.272,2.424,2.013,2.009,2.261,2.344,2.466,2.814,2.628,2.179,2.105,2.714,2.349,2.494,2.605,2.09,2.353,2.977,2.645,2.213,2.497,2.438,2.933,2.416,2.527,2.285,2.704,2.57,2.889,2.684,2.68,2.349,2.544,2.768,2.969,2.482,2.058,2.186,2.85,2.021,2.348,2.601,2.644,2.084,2.251,2.32,2.751,2.575,2.205,2.469,2.427,2.573,2.532,2.076,2.317,2.954,2.187,2.906,2.121,2.009,2.466,2.901,2.508,2.383,2.013,2.354,2.982,2.446,2.451,2.903,2.487,2.875,2.786,1341413,944186,000-000-095,2.062,2.234,2.619,2.18,2.066,2.612,2.763,2.639,2.932,2.527,2.578,2.145,2.147,2.705,2.699,2.711,2.865,2.716,2.779,2.825,2.228,2.849,2.321,2.059,2.957,2.458,2.861,2.374,2.476,2.11,2.621,2.075,2.222,2.808,2.904,2.699,2.544,2.835,2.923,2.33,2.715,2.646,2.21,2.172,2.518,2.105,2.588,2.132,2.859,2.156,2.488,2.631,2.718,2.014,2.107,2.806,2.16,2.63,2.723,2.078,2.85,2.399,2.511,2.664,2.581,2.363,2.651,2.387,2.117,2.928,2.901,2.928,2.783,2.388,2.773,1073533,927643,000-000-095,13429,393,10549,45904,4294,1963,3679,1859,1473,1539,13352,3863,1728,1226,153,2497,25,516,13799,770,14745,44608,4749,1348,3493,1894,4619.9,2030,202,2175,18,927,0,704,0,0,0,0,0,785,426,804,831,275,700,956548,792876,182908,163453,332952,180891,139120,353148,31380,429794,791638,887016,1219157,0.1736696,1.3267491,10,12,20,1173743,50,3,46,3,7,1007,8,10,25,69
000-000-117,1,1,,0,23,396,2.605,2.402,2.227,2.395,2.262,2.579,2.161,2.068,2.069,2.016,2.072,2.076,2.583,2.966,2.293,2.611,2.141,2.984,2.22,2.788,2.593,2.122,2.048,2.745,2.564,2.544,2.142,2.138,2.321,2.021,2.163,2.372,2.506,2.44,2.82,2.812,2.282,2.477,2.662,2.14,2.593,2.672,2.82,2.108,2.278,2.264,2.829,2.513,2.44,2.668,2.209,2.574,2.803,2.771,2.589,2.072,2.513,2.528,2.2,2.424,2.218,2.695,2.287,2.197,2.069,2.279,2.041,2.05,2.223,1167907,950114,2.366,1197565,1085625,2.494,2.593,2.596,2.978,2.78,2.24,2.646,2.816,2.847,2.689,2.413,2.098,2.295,2.06,2.287,2.332,2.374,2.076,2.101,2.994,2.142,2.382,2.676,2.946,2.938,2.388,2.945,2.706,2.101,2.333,2.994,2.04,2.441,2.387,2.071,2.527,2.916,2.699,2.027,2.396,2.59,2.815,2.716,2.64,2.006,2.286,2.174,2.62,2.231,2.548,2.125,2.904,2.208,2.771,2.773,2.607,2.812,2.145,2.164,2.708,2.823,2.631,2.541,2.614,2.234,2.162,2.262,2.763,2.557,2.254,2.339,2.133,2.257,2.577,2.023,1394936,1092551,000-000-117,2.131,2.893,2.15,2.813,2.308,2.632,2.721,2.781,2.401,2.018,2.615,2.316,2.742,2.301,2.769,2.003,2.404,2.556,2.834,2.575,2.734,2.859,2.402,2.572,2.414,2.782,2.644,2.799,2.075,2.604,2.795,2.784,2.834,2.769,2.476,2.71,2.904,2.438,2.516,2.273,2.988,2.383,2.85,2.226,2.431,2.058,2.153,2.553,2.097,2.77,2.605,2.278,2.863,2.861,2.155,2.269,2.341,2.01,2.153,2.514,2.844,2.13,2.338,2.706,2.206,2.282,2.358,2.348,2.895,2.769,2.67,2.842,2.909,2.813,2.225,1021714,1158716,000-000-117,13295,864,13197,44005,4793,1444,2596,1111,1542,1654,14180,3587,1760,1546,269,2966,41,888,10307,1000,12124,48658,4063,1420,2633,1708,5090.5,2654,301,2360,8,946,0,1157,0,0,0,0,0,595,299,679,421,490,484,766452,895948,192232,187162,365608,101460,116882,393122,36373,414601,713657,732253,1461328,0.5989548,1.7909013,10,18,17,1017194,11,5,66,4,19,1166,9,43,47,76
000-000-118,2,1,,0,35,394,2.058,2.771,2.644,2.623,2.215,2.513,2.384,2.507,2.798,2.159,2.536,2.577,2.446,2.238,2.71,2.609,2.2,2.24,2.926,2.178,2.167,2.627,2.297,2.589,2.974,2.558,2.074,2.026,2.954,2.309,2.497,2.735,2.004,2.928,2.065,2.742,2.729,2.906,2.55,2.138,2.256,2.948,2.561,2.341,2.689,2.362,2.457,2.611,2.878,2.048,2.009,2.241,2.344,2.546,2.566,2.973,2.067,2.758,2.876,2.97,2.016,2.181,2.891,2.338,2.436,2.895,2.446,2.364,2.698,1158060,1132835,2.437,1132588,1197746,2.999,2.08,2.592,2.147,2.861,2.008,2.664,2.766,2.239,2.804,2.134,2.285,2.825,2.651,2.415,2.103,2.813,2.132,2.381,2.044,2.735,2.7,2.879,2.816,2.645,2.869,2.372,2.576,2.841,2.541,2.982,2.331,2.145,2.141,2.358,2.222,2.749,2.882,2.701,2.109,2.866,2.836,2.074,2.54,2.143,2.736,2.353,2.7,2.118,2.091,2.954,2.955,2.568,2.235,2.866,2.398,2.212,2.719,2.324,2.988,2.123,2.635,2.292,2.247,2.315,2.865,2.662,2.541,2.387,2.414,2.194,2.631,2.993,2.789,2.954,1399491,1002088,000-000-118,2.146,2.103,2.795,2.662,2.757,2.711,2.913,2.554,2.813,2.316,2.564,2.751,2.023,2.388,2.958,2.268,2.146,2.999,2.605,2.055,2.618,2.967,2.1,2.236,2.726,2.028,2.456,2.514,2.915,2.568,2.624,2.343,2.831,2.751,2.822,2.182,2.714,2.68,2.997,2.168,2.329,2.165,2.356,2.953,2.07,2.793,2.903,2.256,2.002,2.381,2.481,2.434,2.226,2.825,2.534,2.455,2.851,2.981,2.635,2.643,2.504,2.96,2.679,2.261,2.042,2.15,2.886,2.791,2.903,2.35,2.085,2.746,2.462,2.474,2.307,1118372,958895,000-000-118,10955,319,10310,45866,5929,1896,2266,1374,1312,1435,15963,3964,1875,1529,410,3000,48,776,14285,912,11203,49270,5196,1208,3408,1383,5120.1,2030,334,2331,20,962,0,1619,0,0,0,0,0,217,496,341,234,807,583,976168,748044,153486,164934,365317,102484,141986,366879,33207,451743,775653,753361,1369954,0.2207751,1.4869926,10,11,13,1046400,47,3,44,5,16,1386,9,10,34,69
000-000-103,3,0,,0,29,320,2.104,2.522,2.931,2.66,2.087,2.111,2.049,2.802,2.13,2.369,2.246,2.422,2.061,2.695,2.998,2.73,2.711,2.256,2.247,2.649,2.185,2.212,2.122,2.364,2.73,2.916,2.574,2.986,2.358,2.854,2.111,2.083,2.539,2.201,2.031,2.633,2.611,2.471,2.009,2.993,2.292,2.699,2.424,2.46,2.899,2.077,2.022,2.708,2.336,2.069,2.258,2.36,2.522,2.103,2.727,2.121,2.345,2.68,2.679,2.914,2.899,2.914,2.679,2.464,2.236,2.478,2.711,2.98,2.602,1038720,1142280,2.594,1155477,965881,2.398,2.805,2.011,2.801,2.041,2.998,2.7,2.502,2.789,2.908,2.661,2.022,2.436,2.416,2.191,2.193,2.98,2.524,2.916,2.104,2.23,2.741,2.693,2.547,2.763,2.607,2.83,2.078,2.173,2.908,2.969,2.555,2.198,2.921,2.256,2.705,2.771,2.486,2.168,2.21,2.54,2.638,2.119,2.084,2.713,2.812,2.687,2.887,2.31,2.903,2.348,2.775,2.527,2.465,2.522,2.318,2.168,2.92,2.093,2.96,2.018,2.381,2.405,2.745,2.908,2.077,2.948,2.732,2.498,2.265,2.457,2.616,2.744,2.339,2.24,1413181,938786,000-000-103,2.574,2.914,2.519,2.924,2.138,2.301,2.199,2.684,2.89,2.666,2.894,2.961,2.719,2.496,2.208,2.651,2.11,2.741,2.79,2.717,2.982,2.362,2.138,2.716,2.14,2.409,2.319,2.092,2.836,2.223,2.353,2.771,2.305,2.076,2.236,2.804,2.642,2.445,2.838,2.233,2.613,2.993,2.783,2.472,2.262,2.007,2.064,2.664,2.802,2.981,2.84,2.704,2.98,2.098,2.604,2.218,2.63,2.158,2.302,2.139,2.413,2.376,2.237,2.012,2.067,2.002,2.728,2.353,2.287,2.792,2.236,2.078,2.255,2.504,2.882,1008036,1023524,000-000-103,11196,428,14182,41286,5435,1469,2768,1640,1464,1564,13885,3750,1726,1961,256,2020,33,510,10867,925,12506,49177,4844,1855,3226,1868,5389.9,2148,342,3109,18,854,0,607,0,0,0,0,0,237,405,578,369,522,520,906243,848026,175411,133131,393732,161350,163866,339418,39249,403066,899735,803849,1430234,0.9090852,1.9187097,10,8,17,1074220,45,5,59,5,18,1299,13,21,47,54